Wavelength,Aki (s-1),Ei,Ek,Lower Level Conf,Lower Level Term,Lower Level J,Upper Level Conf,Upper Level Term,Upper Level J,Type,TPRef.,LineRef.
90.83491,11600.0,0.0,110089.83,2p63s2,1S,0,3s3d,1D,2,E2,https://physics.nist.gov/cgi-bin/ASBib1/get_ASBib_ref.cgi?db=tp&amp;db_id=&amp;comment_code=c41&amp;element=Al&amp;spectr_charge=2&amp;ref=&amp;type=E2,https://physics.nist.gov/cgi-bin/ASBib1/get_ASBib_ref.cgi?db=el&amp;db_id=6526&amp;comment_code=&amp;element=Al&amp;spectr_charge=2&amp;ref=6526&amp;type=E2
104.78894,23300000.0,37393.03,132822.95,3s3p,3P°,0,3s5d,3D,1,,https://physics.nist.gov/cgi-bin/ASBib1/get_ASBib_ref.cgi?db=tp&amp;db_id=6298&amp;comment_code=c4&amp;element=Al&amp;spectr_charge=2&amp;ref=6298&amp;type=,https://physics.nist.gov/cgi-bin/ASBib1/get_ASBib_ref.cgi?db=el&amp;db_id=3460&amp;comment_code=&amp;element=Al&amp;spectr_charge=2&amp;ref=3460&amp;type=
104.85583,17500000.0,37453.91,132822.95,3s3p,3P°,1,3s5d,3D,1,,https://physics.nist.gov/cgi-bin/ASBib1/get_ASBib_ref.cgi?db=tp&amp;db_id=6298&amp;comment_code=c4&amp;element=Al&amp;spectr_charge=2&amp;ref=6298&amp;type=,
104.85600,31400000.0,37453.91,132822.8,3s3p,3P°,1,3s5d,3D,2,,https://physics.nist.gov/cgi-bin/ASBib1/get_ASBib_ref.cgi?db=tp&amp;db_id=6298&amp;comment_code=c4&amp;element=Al&amp;spectr_charge=2&amp;ref=6298&amp;type=,https://physics.nist.gov/cgi-bin/ASBib1/get_ASBib_ref.cgi?db=el&amp;db_id=3460&amp;comment_code=&amp;element=Al&amp;spectr_charge=2&amp;ref=3460&amp;type=
104.99221,1160000.0,37577.79,132822.95,3s3p,3P°,2,3s5d,3D,1,,https://physics.nist.gov/cgi-bin/ASBib1/get_ASBib_ref.cgi?db=tp&amp;db_id=6298&amp;comment_code=c4&amp;element=Al&amp;spectr_charge=2&amp;ref=6298&amp;type=,
104.99228,41700000.0,37577.79,132822.89,3s3p,3P°,2,3s5d,3D,3,,https://physics.nist.gov/cgi-bin/ASBib1/get_ASBib_ref.cgi?db=tp&amp;db_id=6298&amp;comment_code=c4&amp;element=Al&amp;spectr_charge=2&amp;ref=6298&amp;type=,https://physics.nist.gov/cgi-bin/ASBib1/get_ASBib_ref.cgi?db=el&amp;db_id=3460&amp;comment_code=&amp;element=Al&amp;spectr_charge=2&amp;ref=3460&amp;type=
104.99238,10400000.0,37577.79,132822.8,3s3p,3P°,2,3s5d,3D,2,,https://physics.nist.gov/cgi-bin/ASBib1/get_ASBib_ref.cgi?db=tp&amp;db_id=6298&amp;comment_code=c4&amp;element=Al&amp;spectr_charge=2&amp;ref=6298&amp;type=,
116.98458,8370.0,0.0,85481.35,2p63s2,1S,0,3p2,1D,2,E2,https://physics.nist.gov/cgi-bin/ASBib1/get_ASBib_ref.cgi?db=tp&amp;db_id=&amp;comment_code=c41&amp;element=Al&amp;spectr_charge=2&amp;ref=&amp;type=E2,https://physics.nist.gov/cgi-bin/ASBib1/get_ASBib_ref.cgi?db=el&amp;db_id=6526&amp;comment_code=&amp;element=Al&amp;spectr_charge=2&amp;ref=6526&amp;type=E2
118.91848,82900000.0,37393.03,121484.252,3s3p,3P°,0,3s4d,3D,1,,https://physics.nist.gov/cgi-bin/ASBib1/get_ASBib_ref.cgi?db=tp&amp;db_id=6298&amp;comment_code=c4&amp;element=Al&amp;spectr_charge=2&amp;ref=6298&amp;type=,https://physics.nist.gov/cgi-bin/ASBib1/get_ASBib_ref.cgi?db=el&amp;db_id=3460&amp;comment_code=&amp;element=Al&amp;spectr_charge=2&amp;ref=3460&amp;type=
119.00463,62200000.0,37453.91,121484.252,3s3p,3P°,1,3s4d,3D,1,,https://physics.nist.gov/cgi-bin/ASBib1/get_ASBib_ref.cgi?db=tp&amp;db_id=6298&amp;comment_code=c4&amp;element=Al&amp;spectr_charge=2&amp;ref=6298&amp;type=,
119.00510,112000000.0,37453.91,121483.92,3s3p,3P°,1,3s4d,3D,2,,https://physics.nist.gov/cgi-bin/ASBib1/get_ASBib_ref.cgi?db=tp&amp;db_id=6298&amp;comment_code=c4&amp;element=Al&amp;spectr_charge=2&amp;ref=6298&amp;type=,https://physics.nist.gov/cgi-bin/ASBib1/get_ASBib_ref.cgi?db=el&amp;db_id=3460&amp;comment_code=&amp;element=Al&amp;spectr_charge=2&amp;ref=3460&amp;type=
119.18033,4120000.0,37577.79,121484.252,3s3p,3P°,2,3s4d,3D,1,,https://physics.nist.gov/cgi-bin/ASBib1/get_ASBib_ref.cgi?db=tp&amp;db_id=6298&amp;comment_code=c4&amp;element=Al&amp;spectr_charge=2&amp;ref=6298&amp;type=,
119.18080,37000000.0,37577.79,121483.92,3s3p,3P°,2,3s4d,3D,2,,https://physics.nist.gov/cgi-bin/ASBib1/get_ASBib_ref.cgi?db=tp&amp;db_id=6298&amp;comment_code=c4&amp;element=Al&amp;spectr_charge=2&amp;ref=6298&amp;type=,
119.18140,148000000.0,37577.79,121483.5,3s3p,3P°,2,3s4d,3D,3,,https://physics.nist.gov/cgi-bin/ASBib1/get_ASBib_ref.cgi?db=tp&amp;db_id=6298&amp;comment_code=c4&amp;element=Al&amp;spectr_charge=2&amp;ref=6298&amp;type=,https://physics.nist.gov/cgi-bin/ASBib1/get_ASBib_ref.cgi?db=el&amp;db_id=3460&amp;comment_code=&amp;element=Al&amp;spectr_charge=2&amp;ref=3460&amp;type=
120.91915,25100000.0,37393.03,120092.919,3s3p,3P°,0,3s5s,3S,1,,https://physics.nist.gov/cgi-bin/ASBib1/get_ASBib_ref.cgi?db=tp&amp;db_id=6298&amp;comment_code=c4&amp;element=Al&amp;spectr_charge=2&amp;ref=6298&amp;type=,https://physics.nist.gov/cgi-bin/ASBib1/get_ASBib_ref.cgi?db=el&amp;db_id=3460&amp;comment_code=&amp;element=Al&amp;spectr_charge=2&amp;ref=3460&amp;type=
121.00823,74700000.0,37453.91,120092.919,3s3p,3P°,1,3s5s,3S,1,,https://physics.nist.gov/cgi-bin/ASBib1/get_ASBib_ref.cgi?db=tp&amp;db_id=6298&amp;comment_code=c4&amp;element=Al&amp;spectr_charge=2&amp;ref=6298&amp;type=,https://physics.nist.gov/cgi-bin/ASBib1/get_ASBib_ref.cgi?db=el&amp;db_id=3460&amp;comment_code=&amp;element=Al&amp;spectr_charge=2&amp;ref=3460&amp;type=
121.18990,124000000.0,37577.79,120092.919,3s3p,3P°,2,3s5s,3S,1,,https://physics.nist.gov/cgi-bin/ASBib1/get_ASBib_ref.cgi?db=tp&amp;db_id=6298&amp;comment_code=c4&amp;element=Al&amp;spectr_charge=2&amp;ref=6298&amp;type=,https://physics.nist.gov/cgi-bin/ASBib1/get_ASBib_ref.cgi?db=el&amp;db_id=3460&amp;comment_code=&amp;element=Al&amp;spectr_charge=2&amp;ref=3460&amp;type=
135.01773,237000000.0,59852.02,133916.368,3s3p,1P°,1,3s5d,1D,2,,https://physics.nist.gov/cgi-bin/ASBib1/get_ASBib_ref.cgi?db=tp&amp;db_id=6533&amp;comment_code=&amp;element=Al&amp;spectr_charge=2&amp;ref=6533&amp;type=,https://physics.nist.gov/cgi-bin/ASBib1/get_ASBib_ref.cgi?db=el&amp;db_id=3460&amp;comment_code=&amp;element=Al&amp;spectr_charge=2&amp;ref=3460&amp;type=
153.98329,670000000.0,59852.02,124794.13,3s3p,1P°,1,3s4d,1D,2,,https://physics.nist.gov/cgi-bin/ASBib1/get_ASBib_ref.cgi?db=tp&amp;db_id=6533&amp;comment_code=&amp;element=Al&amp;spectr_charge=2&amp;ref=6533&amp;type=,https://physics.nist.gov/cgi-bin/ASBib1/get_ASBib_ref.cgi?db=el&amp;db_id=3460&amp;comment_code=&amp;element=Al&amp;spectr_charge=2&amp;ref=3460&amp;type=
162.56276,131000000.0,59852.02,121366.725,3s3p,1P°,1,3s5s,1S,0,,https://physics.nist.gov/cgi-bin/ASBib1/get_ASBib_ref.cgi?db=tp&amp;db_id=6533&amp;comment_code=&amp;element=Al&amp;spectr_charge=2&amp;ref=6533&amp;type=,https://physics.nist.gov/cgi-bin/ASBib1/get_ASBib_ref.cgi?db=el&amp;db_id=3460&amp;comment_code=&amp;element=Al&amp;spectr_charge=2&amp;ref=3460&amp;type=
167.07874,1410000000.0,0.0,59852.02,2p63s2,1S,0,3s3p,1P°,1,,https://physics.nist.gov/cgi-bin/ASBib1/get_ASBib_ref.cgi?db=tp&amp;db_id=&amp;comment_code=c47&amp;element=Al&amp;spectr_charge=2&amp;ref=&amp;type=,https://physics.nist.gov/cgi-bin/ASBib1/get_ASBib_ref.cgi?db=el&amp;db_id=3460&amp;comment_code=&amp;element=Al&amp;spectr_charge=2&amp;ref=3460&amp;type=
171.9442,655000000.0,37393.03,95551.44,3s3p,3P°,0,3s3d,3D,1,,https://physics.nist.gov/cgi-bin/ASBib1/get_ASBib_ref.cgi?db=tp&amp;db_id=&amp;comment_code=c47&amp;element=Al&amp;spectr_charge=2&amp;ref=&amp;type=,https://physics.nist.gov/cgi-bin/ASBib1/get_ASBib_ref.cgi?db=el&amp;db_id=3460&amp;comment_code=&amp;element=Al&amp;spectr_charge=2&amp;ref=3460&amp;type=
172.1244,493000000.0,37453.91,95551.44,3s3p,3P°,1,3s3d,3D,1,,https://physics.nist.gov/cgi-bin/ASBib1/get_ASBib_ref.cgi?db=tp&amp;db_id=&amp;comment_code=c47&amp;element=Al&amp;spectr_charge=2&amp;ref=&amp;type=,https://physics.nist.gov/cgi-bin/ASBib1/get_ASBib_ref.cgi?db=el&amp;db_id=3460&amp;comment_code=&amp;element=Al&amp;spectr_charge=2&amp;ref=3460&amp;type=
172.1271,882000000.0,37453.91,95550.51,3s3p,3P°,1,3s3d,3D,2,,https://physics.nist.gov/cgi-bin/ASBib1/get_ASBib_ref.cgi?db=tp&amp;db_id=&amp;comment_code=c47&amp;element=Al&amp;spectr_charge=2&amp;ref=&amp;type=,https://physics.nist.gov/cgi-bin/ASBib1/get_ASBib_ref.cgi?db=el&amp;db_id=3460&amp;comment_code=&amp;element=Al&amp;spectr_charge=2&amp;ref=3460&amp;type=
172.4922,33200000.0,37577.79,95551.44,3s3p,3P°,2,3s3d,3D,1,,https://physics.nist.gov/cgi-bin/ASBib1/get_ASBib_ref.cgi?db=tp&amp;db_id=&amp;comment_code=c47&amp;element=Al&amp;spectr_charge=2&amp;ref=&amp;type=,
172.4949,297000000.0,37577.79,95550.51,3s3p,3P°,2,3s3d,3D,2,,https://physics.nist.gov/cgi-bin/ASBib1/get_ASBib_ref.cgi?db=tp&amp;db_id=&amp;comment_code=c47&amp;element=Al&amp;spectr_charge=2&amp;ref=&amp;type=,https://physics.nist.gov/cgi-bin/ASBib1/get_ASBib_ref.cgi?db=el&amp;db_id=3460&amp;comment_code=&amp;element=Al&amp;spectr_charge=2&amp;ref=3460&amp;type=
172.4982,1180000000.0,37577.79,95549.42,3s3p,3P°,2,3s3d,3D,3,,https://physics.nist.gov/cgi-bin/ASBib1/get_ASBib_ref.cgi?db=tp&amp;db_id=&amp;comment_code=c47&amp;element=Al&amp;spectr_charge=2&amp;ref=&amp;type=,https://physics.nist.gov/cgi-bin/ASBib1/get_ASBib_ref.cgi?db=el&amp;db_id=3460&amp;comment_code=&amp;element=Al&amp;spectr_charge=2&amp;ref=3460&amp;type=
176.0106,313000000.0,37453.91,94268.68,3s3p,3P°,1,3p2,3P,2,,https://physics.nist.gov/cgi-bin/ASBib1/get_ASBib_ref.cgi?db=tp&amp;db_id=&amp;comment_code=c47&amp;element=Al&amp;spectr_charge=2&amp;ref=&amp;type=,https://physics.nist.gov/cgi-bin/ASBib1/get_ASBib_ref.cgi?db=el&amp;db_id=3460&amp;comment_code=&amp;element=Al&amp;spectr_charge=2&amp;ref=3460&amp;type=
176.1977,412000000.0,37393.03,94147.46,3s3p,3P°,0,3p2,3P,1,,https://physics.nist.gov/cgi-bin/ASBib1/get_ASBib_ref.cgi?db=tp&amp;db_id=&amp;comment_code=c47&amp;element=Al&amp;spectr_charge=2&amp;ref=&amp;type=,https://physics.nist.gov/cgi-bin/ASBib1/get_ASBib_ref.cgi?db=el&amp;db_id=3460&amp;comment_code=&amp;element=Al&amp;spectr_charge=2&amp;ref=3460&amp;type=
176.3869,304000000.0,37453.91,94147.46,3s3p,3P°,1,3p2,3P,1,,https://physics.nist.gov/cgi-bin/ASBib1/get_ASBib_ref.cgi?db=tp&amp;db_id=&amp;comment_code=c47&amp;element=Al&amp;spectr_charge=2&amp;ref=&amp;type=,https://physics.nist.gov/cgi-bin/ASBib1/get_ASBib_ref.cgi?db=el&amp;db_id=3460&amp;comment_code=&amp;element=Al&amp;spectr_charge=2&amp;ref=3460&amp;type=
176.3952,921000000.0,37577.79,94268.68,3s3p,3P°,2,3p2,3P,2,,https://physics.nist.gov/cgi-bin/ASBib1/get_ASBib_ref.cgi?db=tp&amp;db_id=&amp;comment_code=c47&amp;element=Al&amp;spectr_charge=2&amp;ref=&amp;type=,https://physics.nist.gov/cgi-bin/ASBib1/get_ASBib_ref.cgi?db=el&amp;db_id=3460&amp;comment_code=&amp;element=Al&amp;spectr_charge=2&amp;ref=3460&amp;type=
176.5816,1230000000.0,37453.91,94084.96,3s3p,3P°,1,3p2,3P,0,,https://physics.nist.gov/cgi-bin/ASBib1/get_ASBib_ref.cgi?db=tp&amp;db_id=&amp;comment_code=c47&amp;element=Al&amp;spectr_charge=2&amp;ref=&amp;type=,https://physics.nist.gov/cgi-bin/ASBib1/get_ASBib_ref.cgi?db=el&amp;db_id=3460&amp;comment_code=&amp;element=Al&amp;spectr_charge=2&amp;ref=3460&amp;type=
176.7732,513000000.0,37577.79,94147.46,3s3p,3P°,2,3p2,3P,1,,https://physics.nist.gov/cgi-bin/ASBib1/get_ASBib_ref.cgi?db=tp&amp;db_id=&amp;comment_code=c47&amp;element=Al&amp;spectr_charge=2&amp;ref=&amp;type=,https://physics.nist.gov/cgi-bin/ASBib1/get_ASBib_ref.cgi?db=el&amp;db_id=3460&amp;comment_code=&amp;element=Al&amp;spectr_charge=2&amp;ref=3460&amp;type=
177.2803,941000000.0,94084.96,150492.8,3p2,3P,0,3p3d,3D°,1,,https://physics.nist.gov/cgi-bin/ASBib1/get_ASBib_ref.cgi?db=tp&amp;db_id=6298&amp;comment_code=c4&amp;element=Al&amp;spectr_charge=2&amp;ref=6298&amp;type=,https://physics.nist.gov/cgi-bin/ASBib1/get_ASBib_ref.cgi?db=el&amp;db_id=4575&amp;comment_code=&amp;element=Al&amp;spectr_charge=2&amp;ref=4575&amp;type=
177.4002,1260000000.0,94147.46,150517.17,3p2,3P,1,3p3d,3D°,2,,https://physics.nist.gov/cgi-bin/ASBib1/get_ASBib_ref.cgi?db=tp&amp;db_id=6298&amp;comment_code=c4&amp;element=Al&amp;spectr_charge=2&amp;ref=6298&amp;type=,https://physics.nist.gov/cgi-bin/ASBib1/get_ASBib_ref.cgi?db=el&amp;db_id=4575&amp;comment_code=&amp;element=Al&amp;spectr_charge=2&amp;ref=4575&amp;type=
177.4770,701000000.0,94147.46,150492.8,3p2,3P,1,3p3d,3D°,1,,https://physics.nist.gov/cgi-bin/ASBib1/get_ASBib_ref.cgi?db=tp&amp;db_id=6298&amp;comment_code=c4&amp;element=Al&amp;spectr_charge=2&amp;ref=6298&amp;type=,https://physics.nist.gov/cgi-bin/ASBib1/get_ASBib_ref.cgi?db=el&amp;db_id=4575&amp;comment_code=&amp;element=Al&amp;spectr_charge=2&amp;ref=4575&amp;type=
177.6973,1670000000.0,94268.68,150544.17,3p2,3P,2,3p3d,3D°,3,,https://physics.nist.gov/cgi-bin/ASBib1/get_ASBib_ref.cgi?db=tp&amp;db_id=6298&amp;comment_code=c4&amp;element=Al&amp;spectr_charge=2&amp;ref=6298&amp;type=,https://physics.nist.gov/cgi-bin/ASBib1/get_ASBib_ref.cgi?db=el&amp;db_id=4575&amp;comment_code=&amp;element=Al&amp;spectr_charge=2&amp;ref=4575&amp;type=
177.7826,418000000.0,94268.68,150517.17,3p2,3P,2,3p3d,3D°,2,,https://physics.nist.gov/cgi-bin/ASBib1/get_ASBib_ref.cgi?db=tp&amp;db_id=6298&amp;comment_code=c4&amp;element=Al&amp;spectr_charge=2&amp;ref=6298&amp;type=,https://physics.nist.gov/cgi-bin/ASBib1/get_ASBib_ref.cgi?db=el&amp;db_id=4575&amp;comment_code=&amp;element=Al&amp;spectr_charge=2&amp;ref=4575&amp;type=
177.8596,46400000.0,94268.68,150492.8,3p2,3P,2,3p3d,3D°,1,,https://physics.nist.gov/cgi-bin/ASBib1/get_ASBib_ref.cgi?db=tp&amp;db_id=6298&amp;comment_code=c4&amp;element=Al&amp;spectr_charge=2&amp;ref=6298&amp;type=,
181.8355,545000000.0,95549.42,150544.17,3s3d,3D,3,3p3d,3D°,3,,https://physics.nist.gov/cgi-bin/ASBib1/get_ASBib_ref.cgi?db=tp&amp;db_id=6298&amp;comment_code=c4&amp;element=Al&amp;spectr_charge=2&amp;ref=6298&amp;type=,https://physics.nist.gov/cgi-bin/ASBib1/get_ASBib_ref.cgi?db=el&amp;db_id=4575&amp;comment_code=&amp;element=Al&amp;spectr_charge=2&amp;ref=4575&amp;type=
181.8391,68200000.0,95550.51,150544.17,3s3d,3D,2,3p3d,3D°,3,,https://physics.nist.gov/cgi-bin/ASBib1/get_ASBib_ref.cgi?db=tp&amp;db_id=6298&amp;comment_code=c4&amp;element=Al&amp;spectr_charge=2&amp;ref=6298&amp;type=,https://physics.nist.gov/cgi-bin/ASBib1/get_ASBib_ref.cgi?db=el&amp;db_id=4575&amp;comment_code=&amp;element=Al&amp;spectr_charge=2&amp;ref=4575&amp;type=
181.9249,95400000.0,95549.42,150517.17,3s3d,3D,3,3p3d,3D°,2,,https://physics.nist.gov/cgi-bin/ASBib1/get_ASBib_ref.cgi?db=tp&amp;db_id=6298&amp;comment_code=c4&amp;element=Al&amp;spectr_charge=2&amp;ref=6298&amp;type=,
181.9285,425000000.0,95550.51,150517.17,3s3d,3D,2,3p3d,3D°,2,,https://physics.nist.gov/cgi-bin/ASBib1/get_ASBib_ref.cgi?db=tp&amp;db_id=6298&amp;comment_code=c4&amp;element=Al&amp;spectr_charge=2&amp;ref=6298&amp;type=,https://physics.nist.gov/cgi-bin/ASBib1/get_ASBib_ref.cgi?db=el&amp;db_id=4575&amp;comment_code=&amp;element=Al&amp;spectr_charge=2&amp;ref=4575&amp;type=
181.9315,91700000.0,95551.44,150517.17,3s3d,3D,1,3p3d,3D°,2,,https://physics.nist.gov/cgi-bin/ASBib1/get_ASBib_ref.cgi?db=tp&amp;db_id=6298&amp;comment_code=c4&amp;element=Al&amp;spectr_charge=2&amp;ref=6298&amp;type=,
182.0092,153000000.0,95550.51,150492.8,3s3d,3D,2,3p3d,3D°,1,,https://physics.nist.gov/cgi-bin/ASBib1/get_ASBib_ref.cgi?db=tp&amp;db_id=6298&amp;comment_code=c4&amp;element=Al&amp;spectr_charge=2&amp;ref=6298&amp;type=,
182.0122,457000000.0,95551.44,150492.8,3s3d,3D,1,3p3d,3D°,1,,https://physics.nist.gov/cgi-bin/ASBib1/get_ASBib_ref.cgi?db=tp&amp;db_id=6298&amp;comment_code=c4&amp;element=Al&amp;spectr_charge=2&amp;ref=6298&amp;type=,https://physics.nist.gov/cgi-bin/ASBib1/get_ASBib_ref.cgi?db=el&amp;db_id=4575&amp;comment_code=&amp;element=Al&amp;spectr_charge=2&amp;ref=4575&amp;type=
182.8587,472000000.0,91274.5,145961.54,3s4s,3S,1,3p4s,3P°,2,,https://physics.nist.gov/cgi-bin/ASBib1/get_ASBib_ref.cgi?db=tp&amp;db_id=6298&amp;comment_code=c4&amp;element=Al&amp;spectr_charge=2&amp;ref=6298&amp;type=,https://physics.nist.gov/cgi-bin/ASBib1/get_ASBib_ref.cgi?db=el&amp;db_id=3460&amp;comment_code=&amp;element=Al&amp;spectr_charge=2&amp;ref=3460&amp;type=
183.2838,469000000.0,91274.5,145834.7,3s4s,3S,1,3p4s,3P°,1,,https://physics.nist.gov/cgi-bin/ASBib1/get_ASBib_ref.cgi?db=tp&amp;db_id=6298&amp;comment_code=c4&amp;element=Al&amp;spectr_charge=2&amp;ref=6298&amp;type=,https://physics.nist.gov/cgi-bin/ASBib1/get_ASBib_ref.cgi?db=el&amp;db_id=3460&amp;comment_code=&amp;element=Al&amp;spectr_charge=2&amp;ref=3460&amp;type=
183.4807,467000000.0,91274.5,145776.15,3s4s,3S,1,3p4s,3P°,0,,https://physics.nist.gov/cgi-bin/ASBib1/get_ASBib_ref.cgi?db=tp&amp;db_id=6298&amp;comment_code=c4&amp;element=Al&amp;spectr_charge=2&amp;ref=6298&amp;type=,https://physics.nist.gov/cgi-bin/ASBib1/get_ASBib_ref.cgi?db=el&amp;db_id=3460&amp;comment_code=&amp;element=Al&amp;spectr_charge=2&amp;ref=3460&amp;type=
185.5926,83800000.0,37393.03,91274.5,3s3p,3P°,0,3s4s,3S,1,,https://physics.nist.gov/cgi-bin/ASBib1/get_ASBib_ref.cgi?db=tp&amp;db_id=&amp;comment_code=c47&amp;element=Al&amp;spectr_charge=2&amp;ref=&amp;type=,https://physics.nist.gov/cgi-bin/ASBib1/get_ASBib_ref.cgi?db=el&amp;db_id=3460&amp;comment_code=&amp;element=Al&amp;spectr_charge=2&amp;ref=3460&amp;type=
185.8025,249000000.0,37453.91,91274.5,3s3p,3P°,1,3s4s,3S,1,,https://physics.nist.gov/cgi-bin/ASBib1/get_ASBib_ref.cgi?db=tp&amp;db_id=&amp;comment_code=c47&amp;element=Al&amp;spectr_charge=2&amp;ref=&amp;type=,https://physics.nist.gov/cgi-bin/ASBib1/get_ASBib_ref.cgi?db=el&amp;db_id=3460&amp;comment_code=&amp;element=Al&amp;spectr_charge=2&amp;ref=3460&amp;type=
186.2311,408000000.0,37577.79,91274.5,3s3p,3P°,2,3s4s,3S,1,,https://physics.nist.gov/cgi-bin/ASBib1/get_ASBib_ref.cgi?db=tp&amp;db_id=&amp;comment_code=c47&amp;element=Al&amp;spectr_charge=2&amp;ref=&amp;type=,https://physics.nist.gov/cgi-bin/ASBib1/get_ASBib_ref.cgi?db=el&amp;db_id=3460&amp;comment_code=&amp;element=Al&amp;spectr_charge=2&amp;ref=3460&amp;type=
192.9977,115000000.0,94147.46,145961.54,3p2,3P,1,3p4s,3P°,2,,https://physics.nist.gov/cgi-bin/ASBib1/get_ASBib_ref.cgi?db=tp&amp;db_id=6298&amp;comment_code=c4&amp;element=Al&amp;spectr_charge=2&amp;ref=6298&amp;type=,https://physics.nist.gov/cgi-bin/ASBib1/get_ASBib_ref.cgi?db=el&amp;db_id=3460&amp;comment_code=&amp;element=Al&amp;spectr_charge=2&amp;ref=3460&amp;type=
193.1050,1040000000.0,59852.02,111637.33,3s3p,1P°,1,3p2,1S,0,,https://physics.nist.gov/cgi-bin/ASBib1/get_ASBib_ref.cgi?db=tp&amp;db_id=&amp;comment_code=c47&amp;element=Al&amp;spectr_charge=2&amp;ref=&amp;type=,https://physics.nist.gov/cgi-bin/ASBib1/get_ASBib_ref.cgi?db=el&amp;db_id=3460&amp;comment_code=&amp;element=Al&amp;spectr_charge=2&amp;ref=3460&amp;type=
193.2377,153000000.0,94084.96,145834.7,3p2,3P,0,3p4s,3P°,1,,https://physics.nist.gov/cgi-bin/ASBib1/get_ASBib_ref.cgi?db=tp&amp;db_id=6298&amp;comment_code=c4&amp;element=Al&amp;spectr_charge=2&amp;ref=6298&amp;type=,https://physics.nist.gov/cgi-bin/ASBib1/get_ASBib_ref.cgi?db=el&amp;db_id=3460&amp;comment_code=&amp;element=Al&amp;spectr_charge=2&amp;ref=3460&amp;type=
193.4503,344000000.0,94268.68,145961.54,3p2,3P,2,3p4s,3P°,2,,https://physics.nist.gov/cgi-bin/ASBib1/get_ASBib_ref.cgi?db=tp&amp;db_id=6298&amp;comment_code=c4&amp;element=Al&amp;spectr_charge=2&amp;ref=6298&amp;type=,https://physics.nist.gov/cgi-bin/ASBib1/get_ASBib_ref.cgi?db=el&amp;db_id=3460&amp;comment_code=&amp;element=Al&amp;spectr_charge=2&amp;ref=3460&amp;type=
193.4713,114000000.0,94147.46,145834.7,3p2,3P,1,3p4s,3P°,1,,https://physics.nist.gov/cgi-bin/ASBib1/get_ASBib_ref.cgi?db=tp&amp;db_id=6298&amp;comment_code=c4&amp;element=Al&amp;spectr_charge=2&amp;ref=6298&amp;type=,https://physics.nist.gov/cgi-bin/ASBib1/get_ASBib_ref.cgi?db=el&amp;db_id=3460&amp;comment_code=&amp;element=Al&amp;spectr_charge=2&amp;ref=3460&amp;type=
193.6908,456000000.0,94147.46,145776.15,3p2,3P,1,3p4s,3P°,0,,https://physics.nist.gov/cgi-bin/ASBib1/get_ASBib_ref.cgi?db=tp&amp;db_id=6298&amp;comment_code=c4&amp;element=Al&amp;spectr_charge=2&amp;ref=6298&amp;type=,https://physics.nist.gov/cgi-bin/ASBib1/get_ASBib_ref.cgi?db=el&amp;db_id=3460&amp;comment_code=&amp;element=Al&amp;spectr_charge=2&amp;ref=3460&amp;type=
193.9262,189000000.0,94268.68,145834.7,3p2,3P,2,3p4s,3P°,1,,https://physics.nist.gov/cgi-bin/ASBib1/get_ASBib_ref.cgi?db=tp&amp;db_id=6298&amp;comment_code=c4&amp;element=Al&amp;spectr_charge=2&amp;ref=6298&amp;type=,https://physics.nist.gov/cgi-bin/ASBib1/get_ASBib_ref.cgi?db=el&amp;db_id=3460&amp;comment_code=&amp;element=Al&amp;spectr_charge=2&amp;ref=3460&amp;type=
198.3650,4060000.0,95549.42,145961.54,3s3d,3D,3,3p4s,3P°,2,,https://physics.nist.gov/cgi-bin/ASBib1/get_ASBib_ref.cgi?db=tp&amp;db_id=6298&amp;comment_code=c4&amp;element=Al&amp;spectr_charge=2&amp;ref=6298&amp;type=,https://physics.nist.gov/cgi-bin/ASBib1/get_ASBib_ref.cgi?db=el&amp;db_id=4575&amp;comment_code=&amp;element=Al&amp;spectr_charge=2&amp;ref=4575&amp;type=
198.3693,724000.0,95550.51,145961.54,3s3d,3D,2,3p4s,3P°,2,,https://physics.nist.gov/cgi-bin/ASBib1/get_ASBib_ref.cgi?db=tp&amp;db_id=6298&amp;comment_code=c4&amp;element=Al&amp;spectr_charge=2&amp;ref=6298&amp;type=,
198.3729,48200.0,95551.44,145961.54,3s3d,3D,1,3p4s,3P°,2,,https://physics.nist.gov/cgi-bin/ASBib1/get_ASBib_ref.cgi?db=tp&amp;db_id=6298&amp;comment_code=c4&amp;element=Al&amp;spectr_charge=2&amp;ref=6298&amp;type=,
198.8697,3600000.0,95550.51,145834.7,3s3d,3D,2,3p4s,3P°,1,,https://physics.nist.gov/cgi-bin/ASBib1/get_ASBib_ref.cgi?db=tp&amp;db_id=6298&amp;comment_code=c4&amp;element=Al&amp;spectr_charge=2&amp;ref=6298&amp;type=,https://physics.nist.gov/cgi-bin/ASBib1/get_ASBib_ref.cgi?db=el&amp;db_id=4575&amp;comment_code=&amp;element=Al&amp;spectr_charge=2&amp;ref=4575&amp;type=
198.8733,1200000.0,95551.44,145834.7,3s3d,3D,1,3p4s,3P°,1,,https://physics.nist.gov/cgi-bin/ASBib1/get_ASBib_ref.cgi?db=tp&amp;db_id=6298&amp;comment_code=c4&amp;element=Al&amp;spectr_charge=2&amp;ref=6298&amp;type=,
199.0533,1380000000.0,59852.02,110089.83,3s3p,1P°,1,3s3d,1D,2,,https://physics.nist.gov/cgi-bin/ASBib1/get_ASBib_ref.cgi?db=tp&amp;db_id=&amp;comment_code=c47&amp;element=Al&amp;spectr_charge=2&amp;ref=&amp;type=,https://physics.nist.gov/cgi-bin/ASBib1/get_ASBib_ref.cgi?db=el&amp;db_id=3460&amp;comment_code=&amp;element=Al&amp;spectr_charge=2&amp;ref=3460&amp;type=
199.1052,4770000.0,95551.44,145776.15,3s3d,3D,1,3p4s,3P°,0,,https://physics.nist.gov/cgi-bin/ASBib1/get_ASBib_ref.cgi?db=tp&amp;db_id=6298&amp;comment_code=c4&amp;element=Al&amp;spectr_charge=2&amp;ref=6298&amp;type=,https://physics.nist.gov/cgi-bin/ASBib1/get_ASBib_ref.cgi?db=el&amp;db_id=7431&amp;comment_code=&amp;element=Al&amp;spectr_charge=2&amp;ref=7431&amp;type=
207.4009,141000000.0,85481.35,133681.78,3p2,1D,2,3s5f,1F°,3,,https://physics.nist.gov/cgi-bin/ASBib1/get_ASBib_ref.cgi?db=tp&amp;db_id=6533&amp;comment_code=&amp;element=Al&amp;spectr_charge=2&amp;ref=6533&amp;type=,https://physics.nist.gov/cgi-bin/ASBib1/get_ASBib_ref.cgi?db=el&amp;db_id=4575&amp;comment_code=&amp;element=Al&amp;spectr_charge=2&amp;ref=4575&amp;type=
219.2604,247000000.0,95549.42,141143.05,3s3d,3D,3,3p3d,3F°,4,,https://physics.nist.gov/cgi-bin/ASBib1/get_ASBib_ref.cgi?db=tp&amp;db_id=6298&amp;comment_code=c4&amp;element=Al&amp;spectr_charge=2&amp;ref=6298&amp;type=,https://physics.nist.gov/cgi-bin/ASBib1/get_ASBib_ref.cgi?db=el&amp;db_id=4575&amp;comment_code=&amp;element=Al&amp;spectr_charge=2&amp;ref=4575&amp;type=
219.4191,27400000.0,95549.42,141110.06,3s3d,3D,3,3p3d,3F°,3,,https://physics.nist.gov/cgi-bin/ASBib1/get_ASBib_ref.cgi?db=tp&amp;db_id=6298&amp;comment_code=c4&amp;element=Al&amp;spectr_charge=2&amp;ref=6298&amp;type=,https://physics.nist.gov/cgi-bin/ASBib1/get_ASBib_ref.cgi?db=el&amp;db_id=4575&amp;comment_code=&amp;element=Al&amp;spectr_charge=2&amp;ref=4575&amp;type=
219.4244,219000000.0,95550.51,141110.06,3s3d,3D,2,3p3d,3F°,3,,https://physics.nist.gov/cgi-bin/ASBib1/get_ASBib_ref.cgi?db=tp&amp;db_id=6298&amp;comment_code=c4&amp;element=Al&amp;spectr_charge=2&amp;ref=6298&amp;type=,https://physics.nist.gov/cgi-bin/ASBib1/get_ASBib_ref.cgi?db=el&amp;db_id=4575&amp;comment_code=&amp;element=Al&amp;spectr_charge=2&amp;ref=4575&amp;type=
219.5404,1080000.0,95549.42,141084.89,3s3d,3D,3,3p3d,3F°,2,,https://physics.nist.gov/cgi-bin/ASBib1/get_ASBib_ref.cgi?db=tp&amp;db_id=6298&amp;comment_code=c4&amp;element=Al&amp;spectr_charge=2&amp;ref=6298&amp;type=,
219.5457,38300000.0,95550.51,141084.89,3s3d,3D,2,3p3d,3F°,2,,https://physics.nist.gov/cgi-bin/ASBib1/get_ASBib_ref.cgi?db=tp&amp;db_id=6298&amp;comment_code=c4&amp;element=Al&amp;spectr_charge=2&amp;ref=6298&amp;type=,https://physics.nist.gov/cgi-bin/ASBib1/get_ASBib_ref.cgi?db=el&amp;db_id=4575&amp;comment_code=&amp;element=Al&amp;spectr_charge=2&amp;ref=4575&amp;type=
219.5502,207000000.0,95551.44,141084.89,3s3d,3D,1,3p3d,3F°,2,,https://physics.nist.gov/cgi-bin/ASBib1/get_ASBib_ref.cgi?db=tp&amp;db_id=6298&amp;comment_code=c4&amp;element=Al&amp;spectr_charge=2&amp;ref=6298&amp;type=,https://physics.nist.gov/cgi-bin/ASBib1/get_ASBib_ref.cgi?db=el&amp;db_id=4575&amp;comment_code=&amp;element=Al&amp;spectr_charge=2&amp;ref=4575&amp;type=
247.5256,46000000.0,85481.35,125869.015,3p2,1D,2,3s5p,1P°,1,,https://physics.nist.gov/cgi-bin/ASBib1/get_ASBib_ref.cgi?db=tp&amp;db_id=6533&amp;comment_code=&amp;element=Al&amp;spectr_charge=2&amp;ref=6533&amp;type=,https://physics.nist.gov/cgi-bin/ASBib1/get_ASBib_ref.cgi?db=el&amp;db_id=4575&amp;comment_code=&amp;element=Al&amp;spectr_charge=2&amp;ref=4575&amp;type=
263.1546,248000000.0,85481.35,123470.5,3p2,1D,2,3s4f,1F°,3,,https://physics.nist.gov/cgi-bin/ASBib1/get_ASBib_ref.cgi?db=tp&amp;db_id=6533&amp;comment_code=&amp;element=Al&amp;spectr_charge=2&amp;ref=6533&amp;type=,https://physics.nist.gov/cgi-bin/ASBib1/get_ASBib_ref.cgi?db=el&amp;db_id=4575&amp;comment_code=&amp;element=Al&amp;spectr_charge=2&amp;ref=4575&amp;type=
263.7691,28500000.0,95549.42,133450.07,3s3d,3D,3,3s5f,3F°,4,,https://physics.nist.gov/cgi-bin/ASBib1/get_ASBib_ref.cgi?db=tp&amp;db_id=6298&amp;comment_code=c4&amp;element=Al&amp;spectr_charge=2&amp;ref=6298&amp;type=,https://physics.nist.gov/cgi-bin/ASBib1/get_ASBib_ref.cgi?db=el&amp;db_id=4575&amp;comment_code=&amp;element=Al&amp;spectr_charge=2&amp;ref=4575&amp;type=
263.8178,3180000.0,95549.42,133443.08,3s3d,3D,3,3s5f,3F°,3,,https://physics.nist.gov/cgi-bin/ASBib1/get_ASBib_ref.cgi?db=tp&amp;db_id=6298&amp;comment_code=c4&amp;element=Al&amp;spectr_charge=2&amp;ref=6298&amp;type=,https://physics.nist.gov/cgi-bin/ASBib1/get_ASBib_ref.cgi?db=el&amp;db_id=4575&amp;comment_code=&amp;element=Al&amp;spectr_charge=2&amp;ref=4575&amp;type=
263.8254,25300000.0,95550.51,133443.08,3s3d,3D,2,3s5f,3F°,3,,https://physics.nist.gov/cgi-bin/ASBib1/get_ASBib_ref.cgi?db=tp&amp;db_id=6298&amp;comment_code=c4&amp;element=Al&amp;spectr_charge=2&amp;ref=6298&amp;type=,https://physics.nist.gov/cgi-bin/ASBib1/get_ASBib_ref.cgi?db=el&amp;db_id=4575&amp;comment_code=&amp;element=Al&amp;spectr_charge=2&amp;ref=4575&amp;type=
263.8552,125000.0,95549.42,133437.71,3s3d,3D,3,3s5f,3F°,2,,https://physics.nist.gov/cgi-bin/ASBib1/get_ASBib_ref.cgi?db=tp&amp;db_id=6298&amp;comment_code=c4&amp;element=Al&amp;spectr_charge=2&amp;ref=6298&amp;type=,
263.8628,4440000.0,95550.51,133437.71,3s3d,3D,2,3s5f,3F°,2,,https://physics.nist.gov/cgi-bin/ASBib1/get_ASBib_ref.cgi?db=tp&amp;db_id=6298&amp;comment_code=c4&amp;element=Al&amp;spectr_charge=2&amp;ref=6298&amp;type=,https://physics.nist.gov/cgi-bin/ASBib1/get_ASBib_ref.cgi?db=el&amp;db_id=4575&amp;comment_code=&amp;element=Al&amp;spectr_charge=2&amp;ref=4575&amp;type=
263.8692,24000000.0,95551.44,133437.71,3s3d,3D,1,3s5f,3F°,2,,https://physics.nist.gov/cgi-bin/ASBib1/get_ASBib_ref.cgi?db=tp&amp;db_id=6298&amp;comment_code=c4&amp;element=Al&amp;spectr_charge=2&amp;ref=6298&amp;type=,https://physics.nist.gov/cgi-bin/ASBib1/get_ASBib_ref.cgi?db=el&amp;db_id=4575&amp;comment_code=&amp;element=Al&amp;spectr_charge=2&amp;ref=4575&amp;type=
266.0355,0.00335,0.0,37577.79,2p63s2,1S,0,3s3p,3P°,2,M2,https://physics.nist.gov/cgi-bin/ASBib1/get_ASBib_ref.cgi?db=tp&amp;db_id=&amp;comment_code=c41&amp;element=Al&amp;spectr_charge=2&amp;ref=&amp;type=M2,
266.9155,3280.0,0.0,37453.91,2p63s2,1S,0,3s3p,3P°,1,,https://physics.nist.gov/cgi-bin/ASBib1/get_ASBib_ref.cgi?db=tp&amp;db_id=6947&amp;comment_code=&amp;element=Al&amp;spectr_charge=2&amp;ref=6947&amp;type=,https://physics.nist.gov/cgi-bin/ASBib1/get_ASBib_ref.cgi?db=el&amp;db_id=4575&amp;comment_code=&amp;element=Al&amp;spectr_charge=2&amp;ref=4575&amp;type=
281.6185,357000000.0,59852.02,95350.6,3s3p,1P°,1,3s4s,1S,0,,https://physics.nist.gov/cgi-bin/ASBib1/get_ASBib_ref.cgi?db=tp&amp;db_id=&amp;comment_code=c47&amp;element=Al&amp;spectr_charge=2&amp;ref=&amp;type=,https://physics.nist.gov/cgi-bin/ASBib1/get_ASBib_ref.cgi?db=el&amp;db_id=4575&amp;comment_code=&amp;element=Al&amp;spectr_charge=2&amp;ref=4575&amp;type=
327.5766,7410000.0,95350.6,125869.015,3s4s,1S,0,3s5p,1P°,1,,https://physics.nist.gov/cgi-bin/ASBib1/get_ASBib_ref.cgi?db=tp&amp;db_id=6533&amp;comment_code=&amp;element=Al&amp;spectr_charge=2&amp;ref=6533&amp;type=,https://physics.nist.gov/cgi-bin/ASBib1/get_ASBib_ref.cgi?db=el&amp;db_id=4575&amp;comment_code=&amp;element=Al&amp;spectr_charge=2&amp;ref=4575&amp;type=
331.3346,1330000.0,95549.42,125721.703,3s3d,3D,3,3s5p,3P°,2,,https://physics.nist.gov/cgi-bin/ASBib1/get_ASBib_ref.cgi?db=tp&amp;db_id=6298&amp;comment_code=c4&amp;element=Al&amp;spectr_charge=2&amp;ref=6298&amp;type=,https://physics.nist.gov/cgi-bin/ASBib1/get_ASBib_ref.cgi?db=el&amp;db_id=3515&amp;comment_code=&amp;element=Al&amp;spectr_charge=2&amp;ref=3515&amp;type=
331.3466,237000.0,95550.51,125721.703,3s3d,3D,2,3s5p,3P°,2,,https://physics.nist.gov/cgi-bin/ASBib1/get_ASBib_ref.cgi?db=tp&amp;db_id=6298&amp;comment_code=c4&amp;element=Al&amp;spectr_charge=2&amp;ref=6298&amp;type=,https://physics.nist.gov/cgi-bin/ASBib1/get_ASBib_ref.cgi?db=el&amp;db_id=3515&amp;comment_code=&amp;element=Al&amp;spectr_charge=2&amp;ref=3515&amp;type=
331.3568,15800.0,95551.44,125721.703,3s3d,3D,1,3s5p,3P°,2,,https://physics.nist.gov/cgi-bin/ASBib1/get_ASBib_ref.cgi?db=tp&amp;db_id=6298&amp;comment_code=c4&amp;element=Al&amp;spectr_charge=2&amp;ref=6298&amp;type=,
331.4881,1180000.0,95550.51,125708.828,3s3d,3D,2,3s5p,3P°,1,,https://physics.nist.gov/cgi-bin/ASBib1/get_ASBib_ref.cgi?db=tp&amp;db_id=6298&amp;comment_code=c4&amp;element=Al&amp;spectr_charge=2&amp;ref=6298&amp;type=,https://physics.nist.gov/cgi-bin/ASBib1/get_ASBib_ref.cgi?db=el&amp;db_id=3515&amp;comment_code=&amp;element=Al&amp;spectr_charge=2&amp;ref=3515&amp;type=
331.4983,394000.0,95551.44,125708.828,3s3d,3D,1,3s5p,3P°,1,,https://physics.nist.gov/cgi-bin/ASBib1/get_ASBib_ref.cgi?db=tp&amp;db_id=6298&amp;comment_code=c4&amp;element=Al&amp;spectr_charge=2&amp;ref=6298&amp;type=,https://physics.nist.gov/cgi-bin/ASBib1/get_ASBib_ref.cgi?db=el&amp;db_id=3515&amp;comment_code=&amp;element=Al&amp;spectr_charge=2&amp;ref=3515&amp;type=
331.5608,1580000.0,95551.44,125703.14,3s3d,3D,1,3s5p,3P°,0,,https://physics.nist.gov/cgi-bin/ASBib1/get_ASBib_ref.cgi?db=tp&amp;db_id=6298&amp;comment_code=c4&amp;element=Al&amp;spectr_charge=2&amp;ref=6298&amp;type=,https://physics.nist.gov/cgi-bin/ASBib1/get_ASBib_ref.cgi?db=el&amp;db_id=3515&amp;comment_code=&amp;element=Al&amp;spectr_charge=2&amp;ref=3515&amp;type=
358.6557,235000000.0,95549.42,123423.36,3s3d,3D,3,3s4f,3F°,4,,https://physics.nist.gov/cgi-bin/ASBib1/get_ASBib_ref.cgi?db=tp&amp;db_id=6298&amp;comment_code=c4&amp;element=Al&amp;spectr_charge=2&amp;ref=6298&amp;type=,https://physics.nist.gov/cgi-bin/ASBib1/get_ASBib_ref.cgi?db=el&amp;db_id=3515&amp;comment_code=&amp;element=Al&amp;spectr_charge=2&amp;ref=3515&amp;type=
358.6931,26200000.0,95549.42,123420.45,3s3d,3D,3,3s4f,3F°,3,,https://physics.nist.gov/cgi-bin/ASBib1/get_ASBib_ref.cgi?db=tp&amp;db_id=6298&amp;comment_code=c4&amp;element=Al&amp;spectr_charge=2&amp;ref=6298&amp;type=,https://physics.nist.gov/cgi-bin/ASBib1/get_ASBib_ref.cgi?db=el&amp;db_id=3515&amp;comment_code=c150&amp;element=Al&amp;spectr_charge=2&amp;ref=3515&amp;type=
358.7072,209000000.0,95550.51,123420.45,3s3d,3D,2,3s4f,3F°,3,,https://physics.nist.gov/cgi-bin/ASBib1/get_ASBib_ref.cgi?db=tp&amp;db_id=6298&amp;comment_code=c4&amp;element=Al&amp;spectr_charge=2&amp;ref=6298&amp;type=,https://physics.nist.gov/cgi-bin/ASBib1/get_ASBib_ref.cgi?db=el&amp;db_id=3515&amp;comment_code=&amp;element=Al&amp;spectr_charge=2&amp;ref=3515&amp;type=
358.7185,1030000.0,95549.42,123418.48,3s3d,3D,3,3s4f,3F°,2,,https://physics.nist.gov/cgi-bin/ASBib1/get_ASBib_ref.cgi?db=tp&amp;db_id=6298&amp;comment_code=c4&amp;element=Al&amp;spectr_charge=2&amp;ref=6298&amp;type=,https://physics.nist.gov/cgi-bin/ASBib1/get_ASBib_ref.cgi?db=el&amp;db_id=3515&amp;comment_code=c150&amp;element=Al&amp;spectr_charge=2&amp;ref=3515&amp;type=
358.7325,36600000.0,95550.51,123418.48,3s3d,3D,2,3s4f,3F°,2,,https://physics.nist.gov/cgi-bin/ASBib1/get_ASBib_ref.cgi?db=tp&amp;db_id=6298&amp;comment_code=c4&amp;element=Al&amp;spectr_charge=2&amp;ref=6298&amp;type=,https://physics.nist.gov/cgi-bin/ASBib1/get_ASBib_ref.cgi?db=el&amp;db_id=3515&amp;comment_code=c150&amp;element=Al&amp;spectr_charge=2&amp;ref=3515&amp;type=
358.7445,197000000.0,95551.44,123418.48,3s3d,3D,1,3s4f,3F°,2,,https://physics.nist.gov/cgi-bin/ASBib1/get_ASBib_ref.cgi?db=tp&amp;db_id=6298&amp;comment_code=c4&amp;element=Al&amp;spectr_charge=2&amp;ref=6298&amp;type=,https://physics.nist.gov/cgi-bin/ASBib1/get_ASBib_ref.cgi?db=el&amp;db_id=4575&amp;comment_code=&amp;element=Al&amp;spectr_charge=2&amp;ref=4575&amp;type=
364.9204,12600000.0,105427.52,132822.95,3s4p,3P°,0,3s5d,3D,1,,https://physics.nist.gov/cgi-bin/ASBib1/get_ASBib_ref.cgi?db=tp&amp;db_id=6298&amp;comment_code=c4&amp;element=Al&amp;spectr_charge=2&amp;ref=6298&amp;type=,https://physics.nist.gov/cgi-bin/ASBib1/get_ASBib_ref.cgi?db=el&amp;db_id=3515&amp;comment_code=c150&amp;element=Al&amp;spectr_charge=2&amp;ref=3515&amp;type=
365.1067,9450000.0,105441.5,132822.95,3s4p,3P°,1,3s5d,3D,1,,https://physics.nist.gov/cgi-bin/ASBib1/get_ASBib_ref.cgi?db=tp&amp;db_id=6298&amp;comment_code=c4&amp;element=Al&amp;spectr_charge=2&amp;ref=6298&amp;type=,
365.1087,17000000.0,105441.5,132822.8,3s4p,3P°,1,3s5d,3D,2,,https://physics.nist.gov/cgi-bin/ASBib1/get_ASBib_ref.cgi?db=tp&amp;db_id=6298&amp;comment_code=c4&amp;element=Al&amp;spectr_charge=2&amp;ref=6298&amp;type=,https://physics.nist.gov/cgi-bin/ASBib1/get_ASBib_ref.cgi?db=el&amp;db_id=3515&amp;comment_code=c150&amp;element=Al&amp;spectr_charge=2&amp;ref=3515&amp;type=
365.5004,22600000.0,105470.93,132822.89,3s4p,3P°,2,3s5d,3D,3,,https://physics.nist.gov/cgi-bin/ASBib1/get_ASBib_ref.cgi?db=tp&amp;db_id=6298&amp;comment_code=c4&amp;element=Al&amp;spectr_charge=2&amp;ref=6298&amp;type=,https://physics.nist.gov/cgi-bin/ASBib1/get_ASBib_ref.cgi?db=el&amp;db_id=3515&amp;comment_code=c150&amp;element=Al&amp;spectr_charge=2&amp;ref=3515&amp;type=
365.4996,628000.0,105470.93,132822.95,3s4p,3P°,2,3s5d,3D,1,,https://physics.nist.gov/cgi-bin/ASBib1/get_ASBib_ref.cgi?db=tp&amp;db_id=6298&amp;comment_code=c4&amp;element=Al&amp;spectr_charge=2&amp;ref=6298&amp;type=,
365.5016,5640000.0,105470.93,132822.8,3s4p,3P°,2,3s5d,3D,2,,https://physics.nist.gov/cgi-bin/ASBib1/get_ASBib_ref.cgi?db=tp&amp;db_id=6298&amp;comment_code=c4&amp;element=Al&amp;spectr_charge=2&amp;ref=6298&amp;type=,
370.3225,32300000.0,106920.56,133916.368,3s4p,1P°,1,3s5d,1D,2,,https://physics.nist.gov/cgi-bin/ASBib1/get_ASBib_ref.cgi?db=tp&amp;db_id=6533&amp;comment_code=&amp;element=Al&amp;spectr_charge=2&amp;ref=6533&amp;type=,https://physics.nist.gov/cgi-bin/ASBib1/get_ASBib_ref.cgi?db=el&amp;db_id=4575&amp;comment_code=&amp;element=Al&amp;spectr_charge=2&amp;ref=4575&amp;type=
390.0675,480000.0,59852.02,85481.35,3s3p,1P°,1,3p2,1D,2,,https://physics.nist.gov/cgi-bin/ASBib1/get_ASBib_ref.cgi?db=tp&amp;db_id=6298&amp;comment_code=c4&amp;element=Al&amp;spectr_charge=2&amp;ref=6298&amp;type=,https://physics.nist.gov/cgi-bin/ASBib1/get_ASBib_ref.cgi?db=el&amp;db_id=4575&amp;comment_code=&amp;element=Al&amp;spectr_charge=2&amp;ref=4575&amp;type=
408.4141,604000.0,121483.5,145961.54,3s4d,3D,3,3p4s,3P°,2,,https://physics.nist.gov/cgi-bin/ASBib1/get_ASBib_ref.cgi?db=tp&amp;db_id=6298&amp;comment_code=c4&amp;element=Al&amp;spectr_charge=2&amp;ref=6298&amp;type=,
408.4212,108000.0,121483.92,145961.54,3s4d,3D,2,3p4s,3P°,2,,https://physics.nist.gov/cgi-bin/ASBib1/get_ASBib_ref.cgi?db=tp&amp;db_id=6298&amp;comment_code=c4&amp;element=Al&amp;spectr_charge=2&amp;ref=6298&amp;type=,
408.4267,7170.0,121484.252,145961.54,3s4d,3D,1,3p4s,3P°,2,,https://physics.nist.gov/cgi-bin/ASBib1/get_ASBib_ref.cgi?db=tp&amp;db_id=6298&amp;comment_code=c4&amp;element=Al&amp;spectr_charge=2&amp;ref=6298&amp;type=,
410.5486,530000.0,121483.92,145834.7,3s4d,3D,2,3p4s,3P°,1,,https://physics.nist.gov/cgi-bin/ASBib1/get_ASBib_ref.cgi?db=tp&amp;db_id=6298&amp;comment_code=c4&amp;element=Al&amp;spectr_charge=2&amp;ref=6298&amp;type=,
410.5542,177000.0,121484.252,145834.7,3s4d,3D,1,3p4s,3P°,1,,https://physics.nist.gov/cgi-bin/ASBib1/get_ASBib_ref.cgi?db=tp&amp;db_id=6298&amp;comment_code=c4&amp;element=Al&amp;spectr_charge=2&amp;ref=6298&amp;type=,
411.5438,701000.0,121484.252,145776.15,3s4d,3D,1,3p4s,3P°,0,,https://physics.nist.gov/cgi-bin/ASBib1/get_ASBib_ref.cgi?db=tp&amp;db_id=6298&amp;comment_code=c4&amp;element=Al&amp;spectr_charge=2&amp;ref=6298&amp;type=,
466.3046,58100000.0,85481.35,106920.56,3p2,1D,2,3s4p,1P°,1,,https://physics.nist.gov/cgi-bin/ASBib1/get_ASBib_ref.cgi?db=tp&amp;db_id=&amp;comment_code=c47&amp;element=Al&amp;spectr_charge=2&amp;ref=&amp;type=,https://physics.nist.gov/cgi-bin/ASBib1/get_ASBib_ref.cgi?db=el&amp;db_id=4575&amp;comment_code=&amp;element=Al&amp;spectr_charge=2&amp;ref=4575&amp;type=
559.330,92600000.0,106920.56,124794.13,3s4p,1P°,1,3s4d,1D,2,,https://physics.nist.gov/cgi-bin/ASBib1/get_ASBib_ref.cgi?db=tp&amp;db_id=6533&amp;comment_code=&amp;element=Al&amp;spectr_charge=2&amp;ref=6533&amp;type=,https://physics.nist.gov/cgi-bin/ASBib1/get_ASBib_ref.cgi?db=el&amp;db_id=4575&amp;comment_code=&amp;element=Al&amp;spectr_charge=2&amp;ref=4575&amp;type=
622.619,62500000.0,105427.52,121484.252,3s4p,3P°,0,3s4d,3D,1,,https://physics.nist.gov/cgi-bin/ASBib1/get_ASBib_ref.cgi?db=tp&amp;db_id=6298&amp;comment_code=c4&amp;element=Al&amp;spectr_charge=2&amp;ref=6298&amp;type=,https://physics.nist.gov/cgi-bin/ASBib1/get_ASBib_ref.cgi?db=el&amp;db_id=4575&amp;comment_code=&amp;element=Al&amp;spectr_charge=2&amp;ref=4575&amp;type=
623.162,46700000.0,105441.5,121484.252,3s4p,3P°,1,3s4d,3D,1,,https://physics.nist.gov/cgi-bin/ASBib1/get_ASBib_ref.cgi?db=tp&amp;db_id=6298&amp;comment_code=c4&amp;element=Al&amp;spectr_charge=2&amp;ref=6298&amp;type=,
623.175,84000000.0,105441.5,121483.92,3s4p,3P°,1,3s4d,3D,2,,https://physics.nist.gov/cgi-bin/ASBib1/get_ASBib_ref.cgi?db=tp&amp;db_id=6298&amp;comment_code=c4&amp;element=Al&amp;spectr_charge=2&amp;ref=6298&amp;type=,https://physics.nist.gov/cgi-bin/ASBib1/get_ASBib_ref.cgi?db=el&amp;db_id=4575&amp;comment_code=&amp;element=Al&amp;spectr_charge=2&amp;ref=4575&amp;type=
624.307,3110000.0,105470.93,121484.252,3s4p,3P°,2,3s4d,3D,1,,https://physics.nist.gov/cgi-bin/ASBib1/get_ASBib_ref.cgi?db=tp&amp;db_id=6298&amp;comment_code=c4&amp;element=Al&amp;spectr_charge=2&amp;ref=6298&amp;type=,
624.320,27900000.0,105470.93,121483.92,3s4p,3P°,2,3s4d,3D,2,,https://physics.nist.gov/cgi-bin/ASBib1/get_ASBib_ref.cgi?db=tp&amp;db_id=6298&amp;comment_code=c4&amp;element=Al&amp;spectr_charge=2&amp;ref=6298&amp;type=,
624.337,111000000.0,105470.93,121483.5,3s4p,3P°,2,3s4d,3D,3,,https://physics.nist.gov/cgi-bin/ASBib1/get_ASBib_ref.cgi?db=tp&amp;db_id=6298&amp;comment_code=c4&amp;element=Al&amp;spectr_charge=2&amp;ref=6298&amp;type=,https://physics.nist.gov/cgi-bin/ASBib1/get_ASBib_ref.cgi?db=el&amp;db_id=3515&amp;comment_code=&amp;element=Al&amp;spectr_charge=2&amp;ref=3515&amp;type=
633.571,15300000.0,110089.83,125869.015,3s3d,1D,2,3s5p,1P°,1,,https://physics.nist.gov/cgi-bin/ASBib1/get_ASBib_ref.cgi?db=tp&amp;db_id=6533&amp;comment_code=&amp;element=Al&amp;spectr_charge=2&amp;ref=6533&amp;type=,https://physics.nist.gov/cgi-bin/ASBib1/get_ASBib_ref.cgi?db=el&amp;db_id=4575&amp;comment_code=&amp;element=Al&amp;spectr_charge=2&amp;ref=4575&amp;type=
681.689,12000000.0,105427.52,120092.919,3s4p,3P°,0,3s5s,3S,1,,https://physics.nist.gov/cgi-bin/ASBib1/get_ASBib_ref.cgi?db=tp&amp;db_id=6298&amp;comment_code=c4&amp;element=Al&amp;spectr_charge=2&amp;ref=6298&amp;type=,https://physics.nist.gov/cgi-bin/ASBib1/get_ASBib_ref.cgi?db=el&amp;db_id=3515&amp;comment_code=&amp;element=Al&amp;spectr_charge=2&amp;ref=3515&amp;type=
682.339,35900000.0,105441.5,120092.919,3s4p,3P°,1,3s5s,3S,1,,https://physics.nist.gov/cgi-bin/ASBib1/get_ASBib_ref.cgi?db=tp&amp;db_id=6298&amp;comment_code=c4&amp;element=Al&amp;spectr_charge=2&amp;ref=6298&amp;type=,https://physics.nist.gov/cgi-bin/ASBib1/get_ASBib_ref.cgi?db=el&amp;db_id=3515&amp;comment_code=&amp;element=Al&amp;spectr_charge=2&amp;ref=3515&amp;type=
683.713,59400000.0,105470.93,120092.919,3s4p,3P°,2,3s5s,3S,1,,https://physics.nist.gov/cgi-bin/ASBib1/get_ASBib_ref.cgi?db=tp&amp;db_id=6298&amp;comment_code=c4&amp;element=Al&amp;spectr_charge=2&amp;ref=6298&amp;type=,https://physics.nist.gov/cgi-bin/ASBib1/get_ASBib_ref.cgi?db=el&amp;db_id=3515&amp;comment_code=&amp;element=Al&amp;spectr_charge=2&amp;ref=3515&amp;type=
692.034,100000000.0,106920.56,121366.725,3s4p,1P°,1,3s5s,1S,0,,https://physics.nist.gov/cgi-bin/ASBib1/get_ASBib_ref.cgi?db=tp&amp;db_id=6533&amp;comment_code=&amp;element=Al&amp;spectr_charge=2&amp;ref=6533&amp;type=,https://physics.nist.gov/cgi-bin/ASBib1/get_ASBib_ref.cgi?db=el&amp;db_id=3471&amp;comment_code=&amp;element=Al&amp;spectr_charge=2&amp;ref=3471&amp;type=
702.464,215000.0,111637.33,125869.015,3p2,1S,0,3s5p,1P°,1,,https://physics.nist.gov/cgi-bin/ASBib1/get_ASBib_ref.cgi?db=tp&amp;db_id=6533&amp;comment_code=&amp;element=Al&amp;spectr_charge=2&amp;ref=6533&amp;type=,
704.208,57800000.0,91274.5,105470.93,3s4s,3S,1,3s4p,3P°,2,,https://physics.nist.gov/cgi-bin/ASBib1/get_ASBib_ref.cgi?db=tp&amp;db_id=&amp;comment_code=c47&amp;element=Al&amp;spectr_charge=2&amp;ref=&amp;type=,https://physics.nist.gov/cgi-bin/ASBib1/get_ASBib_ref.cgi?db=el&amp;db_id=3515&amp;comment_code=&amp;element=Al&amp;spectr_charge=2&amp;ref=3515&amp;type=
705.671,57400000.0,91274.5,105441.5,3s4s,3S,1,3s4p,3P°,1,,https://physics.nist.gov/cgi-bin/ASBib1/get_ASBib_ref.cgi?db=tp&amp;db_id=&amp;comment_code=c47&amp;element=Al&amp;spectr_charge=2&amp;ref=&amp;type=,https://physics.nist.gov/cgi-bin/ASBib1/get_ASBib_ref.cgi?db=el&amp;db_id=3515&amp;comment_code=&amp;element=Al&amp;spectr_charge=2&amp;ref=3515&amp;type=
706.368,57300000.0,91274.5,105427.52,3s4s,3S,1,3s4p,3P°,0,,https://physics.nist.gov/cgi-bin/ASBib1/get_ASBib_ref.cgi?db=tp&amp;db_id=&amp;comment_code=c47&amp;element=Al&amp;spectr_charge=2&amp;ref=&amp;type=,https://physics.nist.gov/cgi-bin/ASBib1/get_ASBib_ref.cgi?db=el&amp;db_id=3515&amp;comment_code=&amp;element=Al&amp;spectr_charge=2&amp;ref=3515&amp;type=
727.283,150000.0,132215.517,145961.54,3s6s,3S,1,3p4s,3P°,2,,https://physics.nist.gov/cgi-bin/ASBib1/get_ASBib_ref.cgi?db=tp&amp;db_id=6298&amp;comment_code=c4&amp;element=Al&amp;spectr_charge=2&amp;ref=6298&amp;type=,
734.056,146000.0,132215.517,145834.7,3s6s,3S,1,3p4s,3P°,1,,https://physics.nist.gov/cgi-bin/ASBib1/get_ASBib_ref.cgi?db=tp&amp;db_id=6298&amp;comment_code=c4&amp;element=Al&amp;spectr_charge=2&amp;ref=6298&amp;type=,
737.226,144000.0,132215.517,145776.15,3s6s,3S,1,3p4s,3P°,0,,https://physics.nist.gov/cgi-bin/ASBib1/get_ASBib_ref.cgi?db=tp&amp;db_id=6298&amp;comment_code=c4&amp;element=Al&amp;spectr_charge=2&amp;ref=6298&amp;type=,
747.141,55700000.0,110089.83,123470.5,3s3d,1D,2,3s4f,1F°,3,,https://physics.nist.gov/cgi-bin/ASBib1/get_ASBib_ref.cgi?db=tp&amp;db_id=6298&amp;comment_code=c4&amp;element=Al&amp;spectr_charge=2&amp;ref=6298&amp;type=,https://physics.nist.gov/cgi-bin/ASBib1/get_ASBib_ref.cgi?db=el&amp;db_id=3515&amp;comment_code=&amp;element=Al&amp;spectr_charge=2&amp;ref=3515&amp;type=
760.899,30900.0,132822.8,145961.54,3s5d,3D,2,3p4s,3P°,2,,https://physics.nist.gov/cgi-bin/ASBib1/get_ASBib_ref.cgi?db=tp&amp;db_id=6298&amp;comment_code=c4&amp;element=Al&amp;spectr_charge=2&amp;ref=6298&amp;type=,
760.904,172000.0,132822.89,145961.54,3s5d,3D,3,3p4s,3P°,2,,https://physics.nist.gov/cgi-bin/ASBib1/get_ASBib_ref.cgi?db=tp&amp;db_id=6298&amp;comment_code=c4&amp;element=Al&amp;spectr_charge=2&amp;ref=6298&amp;type=,
760.907,2050.0,132822.95,145961.54,3s5d,3D,1,3p4s,3P°,2,,https://physics.nist.gov/cgi-bin/ASBib1/get_ASBib_ref.cgi?db=tp&amp;db_id=6298&amp;comment_code=c4&amp;element=Al&amp;spectr_charge=2&amp;ref=6298&amp;type=,
768.316,150000.0,132822.8,145834.7,3s5d,3D,2,3p4s,3P°,1,,https://physics.nist.gov/cgi-bin/ASBib1/get_ASBib_ref.cgi?db=tp&amp;db_id=6298&amp;comment_code=c4&amp;element=Al&amp;spectr_charge=2&amp;ref=6298&amp;type=,
768.325,49900.0,132822.95,145834.7,3s5d,3D,1,3p4s,3P°,1,,https://physics.nist.gov/cgi-bin/ASBib1/get_ASBib_ref.cgi?db=tp&amp;db_id=6298&amp;comment_code=c4&amp;element=Al&amp;spectr_charge=2&amp;ref=6298&amp;type=,
771.798,197000.0,132822.95,145776.15,3s5d,3D,1,3p4s,3P°,0,,https://physics.nist.gov/cgi-bin/ASBib1/get_ASBib_ref.cgi?db=tp&amp;db_id=6298&amp;comment_code=c4&amp;element=Al&amp;spectr_charge=2&amp;ref=6298&amp;type=,
835.432,42700000.0,121483.5,133450.07,3s4d,3D,3,3s5f,3F°,4,,https://physics.nist.gov/cgi-bin/ASBib1/get_ASBib_ref.cgi?db=tp&amp;db_id=6298&amp;comment_code=c4&amp;element=Al&amp;spectr_charge=2&amp;ref=6298&amp;type=,https://physics.nist.gov/cgi-bin/ASBib1/get_ASBib_ref.cgi?db=el&amp;db_id=4575&amp;comment_code=&amp;element=Al&amp;spectr_charge=2&amp;ref=4575&amp;type=
835.920,4750000.0,121483.5,133443.08,3s4d,3D,3,3s5f,3F°,3,,https://physics.nist.gov/cgi-bin/ASBib1/get_ASBib_ref.cgi?db=tp&amp;db_id=6298&amp;comment_code=c4&amp;element=Al&amp;spectr_charge=2&amp;ref=6298&amp;type=,https://physics.nist.gov/cgi-bin/ASBib1/get_ASBib_ref.cgi?db=el&amp;db_id=3515&amp;comment_code=&amp;element=Al&amp;spectr_charge=2&amp;ref=3515&amp;type=
835.949,37900000.0,121483.92,133443.08,3s4d,3D,2,3s5f,3F°,3,,https://physics.nist.gov/cgi-bin/ASBib1/get_ASBib_ref.cgi?db=tp&amp;db_id=6298&amp;comment_code=c4&amp;element=Al&amp;spectr_charge=2&amp;ref=6298&amp;type=,https://physics.nist.gov/cgi-bin/ASBib1/get_ASBib_ref.cgi?db=el&amp;db_id=4575&amp;comment_code=&amp;element=Al&amp;spectr_charge=2&amp;ref=4575&amp;type=
836.296,187000.0,121483.5,133437.71,3s4d,3D,3,3s5f,3F°,2,,https://physics.nist.gov/cgi-bin/ASBib1/get_ASBib_ref.cgi?db=tp&amp;db_id=6298&amp;comment_code=c4&amp;element=Al&amp;spectr_charge=2&amp;ref=6298&amp;type=,
836.325,6640000.0,121483.92,133437.71,3s4d,3D,2,3s5f,3F°,2,,https://physics.nist.gov/cgi-bin/ASBib1/get_ASBib_ref.cgi?db=tp&amp;db_id=6298&amp;comment_code=c4&amp;element=Al&amp;spectr_charge=2&amp;ref=6298&amp;type=,https://physics.nist.gov/cgi-bin/ASBib1/get_ASBib_ref.cgi?db=el&amp;db_id=4575&amp;comment_code=&amp;element=Al&amp;spectr_charge=2&amp;ref=4575&amp;type=
836.348,35800000.0,121484.252,133437.71,3s4d,3D,1,3s5f,3F°,2,,https://physics.nist.gov/cgi-bin/ASBib1/get_ASBib_ref.cgi?db=tp&amp;db_id=6298&amp;comment_code=c4&amp;element=Al&amp;spectr_charge=2&amp;ref=6298&amp;type=,https://physics.nist.gov/cgi-bin/ASBib1/get_ASBib_ref.cgi?db=el&amp;db_id=4575&amp;comment_code=&amp;element=Al&amp;spectr_charge=2&amp;ref=4575&amp;type=
864.070,30000000.0,95350.6,106920.56,3s4s,1S,0,3s4p,1P°,1,,https://physics.nist.gov/cgi-bin/ASBib1/get_ASBib_ref.cgi?db=tp&amp;db_id=&amp;comment_code=c47&amp;element=Al&amp;spectr_charge=2&amp;ref=&amp;type=,https://physics.nist.gov/cgi-bin/ASBib1/get_ASBib_ref.cgi?db=el&amp;db_id=4575&amp;comment_code=&amp;element=Al&amp;spectr_charge=2&amp;ref=4575&amp;type=
928.663,64600000.0,123418.48,134183.7,3s4f,3F°,2,3s5g,3G,3,,https://physics.nist.gov/cgi-bin/ASBib1/get_ASBib_ref.cgi?db=tp&amp;db_id=6298&amp;comment_code=c4&amp;element=Al&amp;spectr_charge=2&amp;ref=6298&amp;type=,
928.833,5660000.0,123420.45,134183.7,3s4f,3F°,3,3s5g,3G,3,,https://physics.nist.gov/cgi-bin/ASBib1/get_ASBib_ref.cgi?db=tp&amp;db_id=6298&amp;comment_code=c4&amp;element=Al&amp;spectr_charge=2&amp;ref=6298&amp;type=,
928.833,66100000.0,123420.45,134183.7,3s4f,3F°,3,3s5g,3G,4,,https://physics.nist.gov/cgi-bin/ASBib1/get_ASBib_ref.cgi?db=tp&amp;db_id=6298&amp;comment_code=c4&amp;element=Al&amp;spectr_charge=2&amp;ref=6298&amp;type=,
929.084,70100000.0,123423.36,134183.7,3s4f,3F°,4,3s5g,3G,5,,https://physics.nist.gov/cgi-bin/ASBib1/get_ASBib_ref.cgi?db=tp&amp;db_id=6298&amp;comment_code=c4&amp;element=Al&amp;spectr_charge=2&amp;ref=6298&amp;type=,
929.084,86200.0,123423.36,134183.7,3s4f,3F°,4,3s5g,3G,3,,https://physics.nist.gov/cgi-bin/ASBib1/get_ASBib_ref.cgi?db=tp&amp;db_id=6298&amp;comment_code=c4&amp;element=Al&amp;spectr_charge=2&amp;ref=6298&amp;type=,
929.084,4400000.0,123423.36,134183.7,3s4f,3F°,4,3s5g,3G,4,,https://physics.nist.gov/cgi-bin/ASBib1/get_ASBib_ref.cgi?db=tp&amp;db_id=6298&amp;comment_code=c4&amp;element=Al&amp;spectr_charge=2&amp;ref=6298&amp;type=,
933.172,71500000.0,123470.5,134183.7,3s4f,1F°,3,3s5g,1G,4,,https://physics.nist.gov/cgi-bin/ASBib1/get_ASBib_ref.cgi?db=tp&amp;db_id=6298&amp;comment_code=c4&amp;element=Al&amp;spectr_charge=2&amp;ref=6298&amp;type=,
957.054,387000.0,123470.5,133916.368,3s4f,1F°,3,3s5d,1D,2,,https://physics.nist.gov/cgi-bin/ASBib1/get_ASBib_ref.cgi?db=tp&amp;db_id=6533&amp;comment_code=&amp;element=Al&amp;spectr_charge=2&amp;ref=6533&amp;type=,
1 007.635,13600000.0,95549.42,105470.93,3s3d,3D,3,3s4p,3P°,2,,https://physics.nist.gov/cgi-bin/ASBib1/get_ASBib_ref.cgi?db=tp&amp;db_id=&amp;comment_code=c47&amp;element=Al&amp;spectr_charge=2&amp;ref=&amp;type=,
1 007.746,2430000.0,95550.51,105470.93,3s3d,3D,2,3s4p,3P°,2,,https://physics.nist.gov/cgi-bin/ASBib1/get_ASBib_ref.cgi?db=tp&amp;db_id=&amp;comment_code=c47&amp;element=Al&amp;spectr_charge=2&amp;ref=&amp;type=,
1 007.840,162000.0,95551.44,105470.93,3s3d,3D,1,3s4p,3P°,2,,https://physics.nist.gov/cgi-bin/ASBib1/get_ASBib_ref.cgi?db=tp&amp;db_id=&amp;comment_code=c47&amp;element=Al&amp;spectr_charge=2&amp;ref=&amp;type=,
1 010.744,12100000.0,95550.51,105441.5,3s3d,3D,2,3s4p,3P°,1,,https://physics.nist.gov/cgi-bin/ASBib1/get_ASBib_ref.cgi?db=tp&amp;db_id=&amp;comment_code=c47&amp;element=Al&amp;spectr_charge=2&amp;ref=&amp;type=,
1 010.839,4020000.0,95551.44,105441.5,3s3d,3D,1,3s4p,3P°,1,,https://physics.nist.gov/cgi-bin/ASBib1/get_ASBib_ref.cgi?db=tp&amp;db_id=&amp;comment_code=c47&amp;element=Al&amp;spectr_charge=2&amp;ref=&amp;type=,
1 012.270,16000000.0,95551.44,105427.52,3s3d,3D,1,3s4p,3P°,0,,https://physics.nist.gov/cgi-bin/ASBib1/get_ASBib_ref.cgi?db=tp&amp;db_id=&amp;comment_code=c47&amp;element=Al&amp;spectr_charge=2&amp;ref=&amp;type=,
1 063.033,2250000.0,123418.48,132822.95,3s4f,3F°,2,3s5d,3D,1,,https://physics.nist.gov/cgi-bin/ASBib1/get_ASBib_ref.cgi?db=tp&amp;db_id=6298&amp;comment_code=c4&amp;element=Al&amp;spectr_charge=2&amp;ref=6298&amp;type=,
1 063.040,5060.0,123418.48,132822.89,3s4f,3F°,2,3s5d,3D,3,,https://physics.nist.gov/cgi-bin/ASBib1/get_ASBib_ref.cgi?db=tp&amp;db_id=6298&amp;comment_code=c4&amp;element=Al&amp;spectr_charge=2&amp;ref=6298&amp;type=,
1 063.050,251000.0,123418.48,132822.8,3s4f,3F°,2,3s5d,3D,2,,https://physics.nist.gov/cgi-bin/ASBib1/get_ASBib_ref.cgi?db=tp&amp;db_id=6298&amp;comment_code=c4&amp;element=Al&amp;spectr_charge=2&amp;ref=6298&amp;type=,
1 063.262,179000.0,123420.45,132822.89,3s4f,3F°,3,3s5d,3D,3,,https://physics.nist.gov/cgi-bin/ASBib1/get_ASBib_ref.cgi?db=tp&amp;db_id=6298&amp;comment_code=c4&amp;element=Al&amp;spectr_charge=2&amp;ref=6298&amp;type=,
1 063.273,2000000.0,123420.45,132822.8,3s4f,3F°,3,3s5d,3D,2,,https://physics.nist.gov/cgi-bin/ASBib1/get_ASBib_ref.cgi?db=tp&amp;db_id=6298&amp;comment_code=c4&amp;element=Al&amp;spectr_charge=2&amp;ref=6298&amp;type=,
1 063.592,2070000.0,123423.36,132822.89,3s4f,3F°,4,3s5d,3D,3,,https://physics.nist.gov/cgi-bin/ASBib1/get_ASBib_ref.cgi?db=tp&amp;db_id=6298&amp;comment_code=c4&amp;element=Al&amp;spectr_charge=2&amp;ref=6298&amp;type=,
1 124.849,34100000.0,124794.13,133681.78,3s4d,1D,2,3s5f,1F°,3,,https://physics.nist.gov/cgi-bin/ASBib1/get_ASBib_ref.cgi?db=tp&amp;db_id=6533&amp;comment_code=&amp;element=Al&amp;spectr_charge=2&amp;ref=6533&amp;type=,https://physics.nist.gov/cgi-bin/ASBib1/get_ASBib_ref.cgi?db=el&amp;db_id=6693&amp;comment_code=&amp;element=Al&amp;spectr_charge=2&amp;ref=6693&amp;type=
1 201.571,517000.0,132822.89,141143.05,3s5d,3D,3,3p3d,3F°,4,,https://physics.nist.gov/cgi-bin/ASBib1/get_ASBib_ref.cgi?db=tp&amp;db_id=6298&amp;comment_code=c4&amp;element=Al&amp;spectr_charge=2&amp;ref=6298&amp;type=,
1 206.341,452000.0,132822.8,141110.06,3s5d,3D,2,3p3d,3F°,3,,https://physics.nist.gov/cgi-bin/ASBib1/get_ASBib_ref.cgi?db=tp&amp;db_id=6298&amp;comment_code=c4&amp;element=Al&amp;spectr_charge=2&amp;ref=6298&amp;type=,
1 206.354,56800.0,132822.89,141110.06,3s5d,3D,3,3p3d,3F°,3,,https://physics.nist.gov/cgi-bin/ASBib1/get_ASBib_ref.cgi?db=tp&amp;db_id=6298&amp;comment_code=c4&amp;element=Al&amp;spectr_charge=2&amp;ref=6298&amp;type=,
1 210.016,78800.0,132822.8,141084.89,3s5d,3D,2,3p3d,3F°,2,,https://physics.nist.gov/cgi-bin/ASBib1/get_ASBib_ref.cgi?db=tp&amp;db_id=6298&amp;comment_code=c4&amp;element=Al&amp;spectr_charge=2&amp;ref=6298&amp;type=,
1 210.030,2220.0,132822.89,141084.89,3s5d,3D,3,3p3d,3F°,2,,https://physics.nist.gov/cgi-bin/ASBib1/get_ASBib_ref.cgi?db=tp&amp;db_id=6298&amp;comment_code=c4&amp;element=Al&amp;spectr_charge=2&amp;ref=6298&amp;type=,
1 210.038,423000.0,132822.95,141084.89,3s5d,3D,1,3p3d,3F°,2,,https://physics.nist.gov/cgi-bin/ASBib1/get_ASBib_ref.cgi?db=tp&amp;db_id=6298&amp;comment_code=c4&amp;element=Al&amp;spectr_charge=2&amp;ref=6298&amp;type=,
1 242.3047,26500000.0,125869.015,133916.368,3s5p,1P°,1,3s5d,1D,2,,https://physics.nist.gov/cgi-bin/ASBib1/get_ASBib_ref.cgi?db=tp&amp;db_id=6533&amp;comment_code=&amp;element=Al&amp;spectr_charge=2&amp;ref=6533&amp;type=,https://physics.nist.gov/cgi-bin/ASBib1/get_ASBib_ref.cgi?db=el&amp;db_id=6693&amp;comment_code=&amp;element=Al&amp;spectr_charge=2&amp;ref=6693&amp;type=
1 398.871,777.0,138814.87,145961.54,3s6d,3D,1,3p4s,3P°,2,,https://physics.nist.gov/cgi-bin/ASBib1/get_ASBib_ref.cgi?db=tp&amp;db_id=6298&amp;comment_code=c4&amp;element=Al&amp;spectr_charge=2&amp;ref=6298&amp;type=,
1 398.871,11700.0,138814.87,145961.54,3s6d,3D,2,3p4s,3P°,2,,https://physics.nist.gov/cgi-bin/ASBib1/get_ASBib_ref.cgi?db=tp&amp;db_id=6298&amp;comment_code=c4&amp;element=Al&amp;spectr_charge=2&amp;ref=6298&amp;type=,
1 398.920,65300.0,138815.12,145961.54,3s6d,3D,3,3p4s,3P°,2,,https://physics.nist.gov/cgi-bin/ASBib1/get_ASBib_ref.cgi?db=tp&amp;db_id=6298&amp;comment_code=c4&amp;element=Al&amp;spectr_charge=2&amp;ref=6298&amp;type=,
1 404.148,15800000.0,125703.14,132822.95,3s5p,3P°,0,3s5d,3D,1,,https://physics.nist.gov/cgi-bin/ASBib1/get_ASBib_ref.cgi?db=tp&amp;db_id=6298&amp;comment_code=c4&amp;element=Al&amp;spectr_charge=2&amp;ref=6298&amp;type=,https://physics.nist.gov/cgi-bin/ASBib1/get_ASBib_ref.cgi?db=el&amp;db_id=6693&amp;comment_code=c150&amp;element=Al&amp;spectr_charge=2&amp;ref=6693&amp;type=
1 405.271,11800000.0,125708.828,132822.95,3s5p,3P°,1,3s5d,3D,1,,https://physics.nist.gov/cgi-bin/ASBib1/get_ASBib_ref.cgi?db=tp&amp;db_id=6298&amp;comment_code=c4&amp;element=Al&amp;spectr_charge=2&amp;ref=6298&amp;type=,https://physics.nist.gov/cgi-bin/ASBib1/get_ASBib_ref.cgi?db=el&amp;db_id=6693&amp;comment_code=c150&amp;element=Al&amp;spectr_charge=2&amp;ref=6693&amp;type=
1 405.300,21300000.0,125708.828,132822.8,3s5p,3P°,1,3s5d,3D,2,,https://physics.nist.gov/cgi-bin/ASBib1/get_ASBib_ref.cgi?db=tp&amp;db_id=6298&amp;comment_code=c4&amp;element=Al&amp;spectr_charge=2&amp;ref=6298&amp;type=,https://physics.nist.gov/cgi-bin/ASBib1/get_ASBib_ref.cgi?db=el&amp;db_id=6693&amp;comment_code=c150&amp;element=Al&amp;spectr_charge=2&amp;ref=6693&amp;type=
1 407.819,785000.0,125721.703,132822.95,3s5p,3P°,2,3s5d,3D,1,,https://physics.nist.gov/cgi-bin/ASBib1/get_ASBib_ref.cgi?db=tp&amp;db_id=6298&amp;comment_code=c4&amp;element=Al&amp;spectr_charge=2&amp;ref=6298&amp;type=,https://physics.nist.gov/cgi-bin/ASBib1/get_ASBib_ref.cgi?db=el&amp;db_id=6693&amp;comment_code=c150&amp;element=Al&amp;spectr_charge=2&amp;ref=6693&amp;type=
1 407.830,28100000.0,125721.703,132822.89,3s5p,3P°,2,3s5d,3D,3,,https://physics.nist.gov/cgi-bin/ASBib1/get_ASBib_ref.cgi?db=tp&amp;db_id=6298&amp;comment_code=c4&amp;element=Al&amp;spectr_charge=2&amp;ref=6298&amp;type=,https://physics.nist.gov/cgi-bin/ASBib1/get_ASBib_ref.cgi?db=el&amp;db_id=6693&amp;comment_code=&amp;element=Al&amp;spectr_charge=2&amp;ref=6693&amp;type=
1 407.848,7030000.0,125721.703,132822.8,3s5p,3P°,2,3s5d,3D,2,,https://physics.nist.gov/cgi-bin/ASBib1/get_ASBib_ref.cgi?db=tp&amp;db_id=6298&amp;comment_code=c4&amp;element=Al&amp;spectr_charge=2&amp;ref=6298&amp;type=,https://physics.nist.gov/cgi-bin/ASBib1/get_ASBib_ref.cgi?db=el&amp;db_id=6693&amp;comment_code=&amp;element=Al&amp;spectr_charge=2&amp;ref=6693&amp;type=
1 424.147,18400.0,138814.87,145834.7,3s6d,3D,1,3p4s,3P°,1,,https://physics.nist.gov/cgi-bin/ASBib1/get_ASBib_ref.cgi?db=tp&amp;db_id=6298&amp;comment_code=c4&amp;element=Al&amp;spectr_charge=2&amp;ref=6298&amp;type=,
1 424.147,55300.0,138814.87,145834.7,3s6d,3D,2,3p4s,3P°,1,,https://physics.nist.gov/cgi-bin/ASBib1/get_ASBib_ref.cgi?db=tp&amp;db_id=6298&amp;comment_code=c4&amp;element=Al&amp;spectr_charge=2&amp;ref=6298&amp;type=,
1 436.125,71900.0,138814.87,145776.15,3s6d,3D,1,3p4s,3P°,0,,https://physics.nist.gov/cgi-bin/ASBib1/get_ASBib_ref.cgi?db=tp&amp;db_id=6298&amp;comment_code=c4&amp;element=Al&amp;spectr_charge=2&amp;ref=6298&amp;type=,
1 436.523,205000.0,134183.7,141143.05,3s5g,3G,5,3p3d,3F°,4,,https://physics.nist.gov/cgi-bin/ASBib1/get_ASBib_ref.cgi?db=tp&amp;db_id=6298&amp;comment_code=c4&amp;element=Al&amp;spectr_charge=2&amp;ref=6298&amp;type=,
1 436.523,160.0,134183.7,141143.05,3s5g,3G,3,3p3d,3F°,4,,https://physics.nist.gov/cgi-bin/ASBib1/get_ASBib_ref.cgi?db=tp&amp;db_id=6298&amp;comment_code=c4&amp;element=Al&amp;spectr_charge=2&amp;ref=6298&amp;type=,
1 436.523,10500.0,134183.7,141143.05,3s5g,3G,4,3p3d,3F°,4,,https://physics.nist.gov/cgi-bin/ASBib1/get_ASBib_ref.cgi?db=tp&amp;db_id=6298&amp;comment_code=c4&amp;element=Al&amp;spectr_charge=2&amp;ref=6298&amp;type=,
1 443.365,200000.0,134183.7,141110.06,3s5g,3G,4,3p3d,3F°,3,,https://physics.nist.gov/cgi-bin/ASBib1/get_ASBib_ref.cgi?db=tp&amp;db_id=6298&amp;comment_code=c4&amp;element=Al&amp;spectr_charge=2&amp;ref=6298&amp;type=,
1 443.365,13300.0,134183.7,141110.06,3s5g,3G,3,3p3d,3F°,3,,https://physics.nist.gov/cgi-bin/ASBib1/get_ASBib_ref.cgi?db=tp&amp;db_id=6298&amp;comment_code=c4&amp;element=Al&amp;spectr_charge=2&amp;ref=6298&amp;type=,
1 448.629,211000.0,134183.7,141084.89,3s5g,3G,3,3p3d,3F°,2,,https://physics.nist.gov/cgi-bin/ASBib1/get_ASBib_ref.cgi?db=tp&amp;db_id=6298&amp;comment_code=c4&amp;element=Al&amp;spectr_charge=2&amp;ref=6298&amp;type=,
1 776.0976,12600000.0,120092.919,125721.703,3s5s,3S,1,3s5p,3P°,2,,https://physics.nist.gov/cgi-bin/ASBib1/get_ASBib_ref.cgi?db=tp&amp;db_id=6298&amp;comment_code=c4&amp;element=Al&amp;spectr_charge=2&amp;ref=6298&amp;type=,https://physics.nist.gov/cgi-bin/ASBib1/get_ASBib_ref.cgi?db=el&amp;db_id=6693&amp;comment_code=c150&amp;element=Al&amp;spectr_charge=2&amp;ref=6693&amp;type=
1 780.1695,12500000.0,120092.919,125708.828,3s5s,3S,1,3s5p,3P°,1,,https://physics.nist.gov/cgi-bin/ASBib1/get_ASBib_ref.cgi?db=tp&amp;db_id=6298&amp;comment_code=c4&amp;element=Al&amp;spectr_charge=2&amp;ref=6298&amp;type=,https://physics.nist.gov/cgi-bin/ASBib1/get_ASBib_ref.cgi?db=el&amp;db_id=6693&amp;comment_code=c150&amp;element=Al&amp;spectr_charge=2&amp;ref=6693&amp;type=
1 781.974,12500000.0,120092.919,125703.14,3s5s,3S,1,3s5p,3P°,0,,https://physics.nist.gov/cgi-bin/ASBib1/get_ASBib_ref.cgi?db=tp&amp;db_id=6298&amp;comment_code=c4&amp;element=Al&amp;spectr_charge=2&amp;ref=6298&amp;type=,https://physics.nist.gov/cgi-bin/ASBib1/get_ASBib_ref.cgi?db=el&amp;db_id=6693&amp;comment_code=c150&amp;element=Al&amp;spectr_charge=2&amp;ref=6693&amp;type=
2 221.0919,6850000.0,121366.725,125869.015,3s5s,1S,0,3s5p,1P°,1,,https://physics.nist.gov/cgi-bin/ASBib1/get_ASBib_ref.cgi?db=tp&amp;db_id=6533&amp;comment_code=&amp;element=Al&amp;spectr_charge=2&amp;ref=6533&amp;type=,https://physics.nist.gov/cgi-bin/ASBib1/get_ASBib_ref.cgi?db=el&amp;db_id=6693&amp;comment_code=&amp;element=Al&amp;spectr_charge=2&amp;ref=6693&amp;type=
2 359.49,5420000.0,121483.5,125721.703,3s4d,3D,3,3s5p,3P°,2,,https://physics.nist.gov/cgi-bin/ASBib1/get_ASBib_ref.cgi?db=tp&amp;db_id=6298&amp;comment_code=c4&amp;element=Al&amp;spectr_charge=2&amp;ref=6298&amp;type=,https://physics.nist.gov/cgi-bin/ASBib1/get_ASBib_ref.cgi?db=el&amp;db_id=6693&amp;comment_code=c150&amp;element=Al&amp;spectr_charge=2&amp;ref=6693&amp;type=
2 359.72,967000.0,121483.92,125721.703,3s4d,3D,2,3s5p,3P°,2,,https://physics.nist.gov/cgi-bin/ASBib1/get_ASBib_ref.cgi?db=tp&amp;db_id=6298&amp;comment_code=c4&amp;element=Al&amp;spectr_charge=2&amp;ref=6298&amp;type=,https://physics.nist.gov/cgi-bin/ASBib1/get_ASBib_ref.cgi?db=el&amp;db_id=6693&amp;comment_code=c150&amp;element=Al&amp;spectr_charge=2&amp;ref=6693&amp;type=
2 359.9093,64500.0,121484.252,125721.703,3s4d,3D,1,3s5p,3P°,2,,https://physics.nist.gov/cgi-bin/ASBib1/get_ASBib_ref.cgi?db=tp&amp;db_id=6298&amp;comment_code=c4&amp;element=Al&amp;spectr_charge=2&amp;ref=6298&amp;type=,https://physics.nist.gov/cgi-bin/ASBib1/get_ASBib_ref.cgi?db=el&amp;db_id=6693&amp;comment_code=c150&amp;element=Al&amp;spectr_charge=2&amp;ref=6693&amp;type=
2 366.92,4780000.0,121483.92,125708.828,3s4d,3D,2,3s5p,3P°,1,,https://physics.nist.gov/cgi-bin/ASBib1/get_ASBib_ref.cgi?db=tp&amp;db_id=6298&amp;comment_code=c4&amp;element=Al&amp;spectr_charge=2&amp;ref=6298&amp;type=,https://physics.nist.gov/cgi-bin/ASBib1/get_ASBib_ref.cgi?db=el&amp;db_id=6693&amp;comment_code=c150&amp;element=Al&amp;spectr_charge=2&amp;ref=6693&amp;type=
2 367.1015,1600000.0,121484.252,125708.828,3s4d,3D,1,3s5p,3P°,1,,https://physics.nist.gov/cgi-bin/ASBib1/get_ASBib_ref.cgi?db=tp&amp;db_id=6298&amp;comment_code=c4&amp;element=Al&amp;spectr_charge=2&amp;ref=6298&amp;type=,https://physics.nist.gov/cgi-bin/ASBib1/get_ASBib_ref.cgi?db=el&amp;db_id=6693&amp;comment_code=c150&amp;element=Al&amp;spectr_charge=2&amp;ref=6693&amp;type=
2 370.29,6380000.0,121484.252,125703.14,3s4d,3D,1,3s5p,3P°,0,,https://physics.nist.gov/cgi-bin/ASBib1/get_ASBib_ref.cgi?db=tp&amp;db_id=6298&amp;comment_code=c4&amp;element=Al&amp;spectr_charge=2&amp;ref=6298&amp;type=,https://physics.nist.gov/cgi-bin/ASBib1/get_ASBib_ref.cgi?db=el&amp;db_id=6693&amp;comment_code=c150&amp;element=Al&amp;spectr_charge=2&amp;ref=6693&amp;type=
2 646.48,50000.0,142182.94,145961.54,3s8s,3S,1,3p4s,3P°,2,,https://physics.nist.gov/cgi-bin/ASBib1/get_ASBib_ref.cgi?db=tp&amp;db_id=6298&amp;comment_code=c4&amp;element=Al&amp;spectr_charge=2&amp;ref=6298&amp;type=,
2 738.41,45100.0,142182.94,145834.7,3s8s,3S,1,3p4s,3P°,1,,https://physics.nist.gov/cgi-bin/ASBib1/get_ASBib_ref.cgi?db=tp&amp;db_id=6298&amp;comment_code=c4&amp;element=Al&amp;spectr_charge=2&amp;ref=6298&amp;type=,
2 780.87,371.0,142365.54,145961.54,3s7d,3D,1,3p4s,3P°,2,,https://physics.nist.gov/cgi-bin/ASBib1/get_ASBib_ref.cgi?db=tp&amp;db_id=6298&amp;comment_code=c4&amp;element=Al&amp;spectr_charge=2&amp;ref=6298&amp;type=,
2 780.98,5560.0,142365.69,145961.54,3s7d,3D,2,3p4s,3P°,2,,https://physics.nist.gov/cgi-bin/ASBib1/get_ASBib_ref.cgi?db=tp&amp;db_id=6298&amp;comment_code=c4&amp;element=Al&amp;spectr_charge=2&amp;ref=6298&amp;type=,
2 781.21,31100.0,142365.98,145961.54,3s7d,3D,3,3p4s,3P°,2,,https://physics.nist.gov/cgi-bin/ASBib1/get_ASBib_ref.cgi?db=tp&amp;db_id=6298&amp;comment_code=c4&amp;element=Al&amp;spectr_charge=2&amp;ref=6298&amp;type=,
2 783.03,42900.0,142182.94,145776.15,3s8s,3S,1,3p4s,3P°,0,,https://physics.nist.gov/cgi-bin/ASBib1/get_ASBib_ref.cgi?db=tp&amp;db_id=6298&amp;comment_code=c4&amp;element=Al&amp;spectr_charge=2&amp;ref=6298&amp;type=,
2 882.54,8350.0,142365.54,145834.7,3s7d,3D,1,3p4s,3P°,1,,https://physics.nist.gov/cgi-bin/ASBib1/get_ASBib_ref.cgi?db=tp&amp;db_id=6298&amp;comment_code=c4&amp;element=Al&amp;spectr_charge=2&amp;ref=6298&amp;type=,
2 882.67,25000.0,142365.69,145834.7,3s7d,3D,2,3p4s,3P°,1,,https://physics.nist.gov/cgi-bin/ASBib1/get_ASBib_ref.cgi?db=tp&amp;db_id=6298&amp;comment_code=c4&amp;element=Al&amp;spectr_charge=2&amp;ref=6298&amp;type=,
2 932.03,31700.0,142365.54,145776.15,3s7d,3D,1,3p4s,3P°,0,,https://physics.nist.gov/cgi-bin/ASBib1/get_ASBib_ref.cgi?db=tp&amp;db_id=6298&amp;comment_code=c4&amp;element=Al&amp;spectr_charge=2&amp;ref=6298&amp;type=,
3 155.30,648000.0,106920.56,110089.83,3s4p,1P°,1,3s3d,1D,2,,https://physics.nist.gov/cgi-bin/ASBib1/get_ASBib_ref.cgi?db=tp&amp;db_id=&amp;comment_code=c47&amp;element=Al&amp;spectr_charge=2&amp;ref=&amp;type=,https://physics.nist.gov/cgi-bin/ASBib1/get_ASBib_ref.cgi?db=el&amp;db_id=6693&amp;comment_code=&amp;element=Al&amp;spectr_charge=2&amp;ref=6693&amp;type=
4 295.66,3210000.0,138815.12,141143.05,3s6d,3D,3,3p3d,3F°,4,,https://physics.nist.gov/cgi-bin/ASBib1/get_ASBib_ref.cgi?db=tp&amp;db_id=6298&amp;comment_code=c4&amp;element=Al&amp;spectr_charge=2&amp;ref=6298&amp;type=,
4 356.94,2740000.0,138814.87,141110.06,3s6d,3D,2,3p3d,3F°,3,,https://physics.nist.gov/cgi-bin/ASBib1/get_ASBib_ref.cgi?db=tp&amp;db_id=6298&amp;comment_code=c4&amp;element=Al&amp;spectr_charge=2&amp;ref=6298&amp;type=,
4 357.41,341000.0,138815.12,141110.06,3s6d,3D,3,3p3d,3F°,3,,https://physics.nist.gov/cgi-bin/ASBib1/get_ASBib_ref.cgi?db=tp&amp;db_id=6298&amp;comment_code=c4&amp;element=Al&amp;spectr_charge=2&amp;ref=6298&amp;type=,
4 405.25,464000.0,138814.87,141084.89,3s6d,3D,2,3p3d,3F°,2,,https://physics.nist.gov/cgi-bin/ASBib1/get_ASBib_ref.cgi?db=tp&amp;db_id=6298&amp;comment_code=c4&amp;element=Al&amp;spectr_charge=2&amp;ref=6298&amp;type=,
4 405.25,2500000.0,138814.87,141084.89,3s6d,3D,1,3p3d,3F°,2,,https://physics.nist.gov/cgi-bin/ASBib1/get_ASBib_ref.cgi?db=tp&amp;db_id=6298&amp;comment_code=c4&amp;element=Al&amp;spectr_charge=2&amp;ref=6298&amp;type=,
4 405.73,13000.0,138815.12,141084.89,3s6d,3D,3,3p3d,3F°,2,,https://physics.nist.gov/cgi-bin/ASBib1/get_ASBib_ref.cgi?db=tp&amp;db_id=6298&amp;comment_code=c4&amp;element=Al&amp;spectr_charge=2&amp;ref=6298&amp;type=,
5 155.01,373000.0,121483.5,123423.36,3s4d,3D,3,3s4f,3F°,4,,https://physics.nist.gov/cgi-bin/ASBib1/get_ASBib_ref.cgi?db=tp&amp;db_id=6298&amp;comment_code=c4&amp;element=Al&amp;spectr_charge=2&amp;ref=6298&amp;type=,https://physics.nist.gov/cgi-bin/ASBib1/get_ASBib_ref.cgi?db=el&amp;db_id=6693&amp;comment_code=c150&amp;element=Al&amp;spectr_charge=2&amp;ref=6693&amp;type=
5 162.76,41300.0,121483.5,123420.45,3s4d,3D,3,3s4f,3F°,3,,https://physics.nist.gov/cgi-bin/ASBib1/get_ASBib_ref.cgi?db=tp&amp;db_id=6298&amp;comment_code=c4&amp;element=Al&amp;spectr_charge=2&amp;ref=6298&amp;type=,https://physics.nist.gov/cgi-bin/ASBib1/get_ASBib_ref.cgi?db=el&amp;db_id=6693&amp;comment_code=c150&amp;element=Al&amp;spectr_charge=2&amp;ref=6693&amp;type=
5 163.88,329000.0,121483.92,123420.45,3s4d,3D,2,3s4f,3F°,3,,https://physics.nist.gov/cgi-bin/ASBib1/get_ASBib_ref.cgi?db=tp&amp;db_id=6298&amp;comment_code=c4&amp;element=Al&amp;spectr_charge=2&amp;ref=6298&amp;type=,https://physics.nist.gov/cgi-bin/ASBib1/get_ASBib_ref.cgi?db=el&amp;db_id=6693&amp;comment_code=c150&amp;element=Al&amp;spectr_charge=2&amp;ref=6693&amp;type=
5 168.01,1630.0,121483.5,123418.48,3s4d,3D,3,3s4f,3F°,2,,https://physics.nist.gov/cgi-bin/ASBib1/get_ASBib_ref.cgi?db=tp&amp;db_id=6298&amp;comment_code=c4&amp;element=Al&amp;spectr_charge=2&amp;ref=6298&amp;type=,
5 169.13,57700.0,121483.92,123418.48,3s4d,3D,2,3s4f,3F°,2,,https://physics.nist.gov/cgi-bin/ASBib1/get_ASBib_ref.cgi?db=tp&amp;db_id=6298&amp;comment_code=c4&amp;element=Al&amp;spectr_charge=2&amp;ref=6298&amp;type=,https://physics.nist.gov/cgi-bin/ASBib1/get_ASBib_ref.cgi?db=el&amp;db_id=6693&amp;comment_code=c150&amp;element=Al&amp;spectr_charge=2&amp;ref=6693&amp;type=
5 170.02,310000.0,121484.252,123418.48,3s4d,3D,1,3s4f,3F°,2,,https://physics.nist.gov/cgi-bin/ASBib1/get_ASBib_ref.cgi?db=tp&amp;db_id=6298&amp;comment_code=c4&amp;element=Al&amp;spectr_charge=2&amp;ref=6298&amp;type=,https://physics.nist.gov/cgi-bin/ASBib1/get_ASBib_ref.cgi?db=el&amp;db_id=6693&amp;comment_code=c150&amp;element=Al&amp;spectr_charge=2&amp;ref=6693&amp;type=
6 443.5,26200.0,139591.1,141143.05,3s6g,3G,4,3p3d,3F°,4,,https://physics.nist.gov/cgi-bin/ASBib1/get_ASBib_ref.cgi?db=tp&amp;db_id=6298&amp;comment_code=c4&amp;element=Al&amp;spectr_charge=2&amp;ref=6298&amp;type=,
6 443.5,397.0,139591.1,141143.05,3s6g,3G,3,3p3d,3F°,4,,https://physics.nist.gov/cgi-bin/ASBib1/get_ASBib_ref.cgi?db=tp&amp;db_id=6298&amp;comment_code=c4&amp;element=Al&amp;spectr_charge=2&amp;ref=6298&amp;type=,
6 443.5,511000.0,139591.1,141143.05,3s6g,3G,5,3p3d,3F°,4,,https://physics.nist.gov/cgi-bin/ASBib1/get_ASBib_ref.cgi?db=tp&amp;db_id=6298&amp;comment_code=c4&amp;element=Al&amp;spectr_charge=2&amp;ref=6298&amp;type=,
6 583.5,471000.0,139591.1,141110.06,3s6g,3G,4,3p3d,3F°,3,,https://physics.nist.gov/cgi-bin/ASBib1/get_ASBib_ref.cgi?db=tp&amp;db_id=6298&amp;comment_code=c4&amp;element=Al&amp;spectr_charge=2&amp;ref=6298&amp;type=,
6 583.5,31500.0,139591.1,141110.06,3s6g,3G,3,3p3d,3F°,3,,https://physics.nist.gov/cgi-bin/ASBib1/get_ASBib_ref.cgi?db=tp&amp;db_id=6298&amp;comment_code=c4&amp;element=Al&amp;spectr_charge=2&amp;ref=6298&amp;type=,
6 694.4,479000.0,139591.1,141084.89,3s6g,3G,3,3p3d,3F°,2,,https://physics.nist.gov/cgi-bin/ASBib1/get_ASBib_ref.cgi?db=tp&amp;db_id=6298&amp;comment_code=c4&amp;element=Al&amp;spectr_charge=2&amp;ref=6298&amp;type=,
6 972.6,19800.0,144527.35,145961.54,3s9s,3S,1,3p4s,3P°,2,,https://physics.nist.gov/cgi-bin/ASBib1/get_ASBib_ref.cgi?db=tp&amp;db_id=6298&amp;comment_code=c4&amp;element=Al&amp;spectr_charge=2&amp;ref=6298&amp;type=,
7 555,179000.0,123470.5,124794.13,3s4f,1F°,3,3s4d,1D,2,,https://physics.nist.gov/cgi-bin/ASBib1/get_ASBib_ref.cgi?db=tp&amp;db_id=6533&amp;comment_code=&amp;element=Al&amp;spectr_charge=2&amp;ref=6533&amp;type=,
7 578.4,162.0,144642.0,145961.54,3s8d,3D,1,3p4s,3P°,2,,https://physics.nist.gov/cgi-bin/ASBib1/get_ASBib_ref.cgi?db=tp&amp;db_id=6298&amp;comment_code=c4&amp;element=Al&amp;spectr_charge=2&amp;ref=6298&amp;type=,
7 579.4,2430.0,144642.18,145961.54,3s8d,3D,2,3p4s,3P°,2,,https://physics.nist.gov/cgi-bin/ASBib1/get_ASBib_ref.cgi?db=tp&amp;db_id=6298&amp;comment_code=c4&amp;element=Al&amp;spectr_charge=2&amp;ref=6298&amp;type=,
7 581.0,13600.0,144642.45,145961.54,3s8d,3D,3,3p4s,3P°,2,,https://physics.nist.gov/cgi-bin/ASBib1/get_ASBib_ref.cgi?db=tp&amp;db_id=6298&amp;comment_code=c4&amp;element=Al&amp;spectr_charge=2&amp;ref=6298&amp;type=,
7 649.1,15000.0,144527.35,145834.7,3s9s,3S,1,3p4s,3P°,1,,https://physics.nist.gov/cgi-bin/ASBib1/get_ASBib_ref.cgi?db=tp&amp;db_id=6298&amp;comment_code=c4&amp;element=Al&amp;spectr_charge=2&amp;ref=6298&amp;type=,
8 007.7,13100.0,144527.35,145776.15,3s9s,3S,1,3p4s,3P°,0,,https://physics.nist.gov/cgi-bin/ASBib1/get_ASBib_ref.cgi?db=tp&amp;db_id=6298&amp;comment_code=c4&amp;element=Al&amp;spectr_charge=2&amp;ref=6298&amp;type=,
8 384.3,2990.0,144642.0,145834.7,3s8d,3D,1,3p4s,3P°,1,,https://physics.nist.gov/cgi-bin/ASBib1/get_ASBib_ref.cgi?db=tp&amp;db_id=6298&amp;comment_code=c4&amp;element=Al&amp;spectr_charge=2&amp;ref=6298&amp;type=,
8 385.6,8950.0,144642.18,145834.7,3s8d,3D,2,3p4s,3P°,1,,https://physics.nist.gov/cgi-bin/ASBib1/get_ASBib_ref.cgi?db=tp&amp;db_id=6298&amp;comment_code=c4&amp;element=Al&amp;spectr_charge=2&amp;ref=6298&amp;type=,
8 817.2,10300.0,144642.0,145776.15,3s8d,3D,1,3p4s,3P°,0,,https://physics.nist.gov/cgi-bin/ASBib1/get_ASBib_ref.cgi?db=tp&amp;db_id=6298&amp;comment_code=c4&amp;element=Al&amp;spectr_charge=2&amp;ref=6298&amp;type=,
9 303.3,94900.0,124794.13,125869.015,3s4d,1D,2,3s5p,1P°,1,,https://physics.nist.gov/cgi-bin/ASBib1/get_ASBib_ref.cgi?db=tp&amp;db_id=6533&amp;comment_code=&amp;element=Al&amp;spectr_charge=2&amp;ref=6533&amp;type=,
13 405,44000.0,133437.71,134183.7,3s5f,3F°,2,3s5g,3G,3,,https://physics.nist.gov/cgi-bin/ASBib1/get_ASBib_ref.cgi?db=tp&amp;db_id=6298&amp;comment_code=c4&amp;element=Al&amp;spectr_charge=2&amp;ref=6298&amp;type=,
13 502.2,44100.0,133443.08,134183.7,3s5f,3F°,3,3s5g,3G,4,,https://physics.nist.gov/cgi-bin/ASBib1/get_ASBib_ref.cgi?db=tp&amp;db_id=6298&amp;comment_code=c4&amp;element=Al&amp;spectr_charge=2&amp;ref=6298&amp;type=,
13 502.2,3770.0,133443.08,134183.7,3s5f,3F°,3,3s5g,3G,3,,https://physics.nist.gov/cgi-bin/ASBib1/get_ASBib_ref.cgi?db=tp&amp;db_id=6298&amp;comment_code=c4&amp;element=Al&amp;spectr_charge=2&amp;ref=6298&amp;type=,
13 630.8,2850.0,133450.07,134183.7,3s5f,3F°,4,3s5g,3G,4,,https://physics.nist.gov/cgi-bin/ASBib1/get_ASBib_ref.cgi?db=tp&amp;db_id=6298&amp;comment_code=c4&amp;element=Al&amp;spectr_charge=2&amp;ref=6298&amp;type=,
13 630.8,45500.0,133450.07,134183.7,3s5f,3F°,4,3s5g,3G,5,,https://physics.nist.gov/cgi-bin/ASBib1/get_ASBib_ref.cgi?db=tp&amp;db_id=6298&amp;comment_code=c4&amp;element=Al&amp;spectr_charge=2&amp;ref=6298&amp;type=,
13 630.8,55.9,133450.07,134183.7,3s5f,3F°,4,3s5g,3G,3,,https://physics.nist.gov/cgi-bin/ASBib1/get_ASBib_ref.cgi?db=tp&amp;db_id=6298&amp;comment_code=c4&amp;element=Al&amp;spectr_charge=2&amp;ref=6298&amp;type=,
15 944.4,40800.0,132822.89,133450.07,3s5d,3D,3,3s5f,3F°,4,,https://physics.nist.gov/cgi-bin/ASBib1/get_ASBib_ref.cgi?db=tp&amp;db_id=6298&amp;comment_code=c4&amp;element=Al&amp;spectr_charge=2&amp;ref=6298&amp;type=,
16 121.8,35200.0,132822.8,133443.08,3s5d,3D,2,3s5f,3F°,3,,https://physics.nist.gov/cgi-bin/ASBib1/get_ASBib_ref.cgi?db=tp&amp;db_id=6298&amp;comment_code=c4&amp;element=Al&amp;spectr_charge=2&amp;ref=6298&amp;type=,
16 124.1,4410.0,132822.89,133443.08,3s5d,3D,3,3s5f,3F°,3,,https://physics.nist.gov/cgi-bin/ASBib1/get_ASBib_ref.cgi?db=tp&amp;db_id=6298&amp;comment_code=c4&amp;element=Al&amp;spectr_charge=2&amp;ref=6298&amp;type=,
16 262.5,6000.0,132822.8,133437.71,3s5d,3D,2,3s5f,3F°,2,,https://physics.nist.gov/cgi-bin/ASBib1/get_ASBib_ref.cgi?db=tp&amp;db_id=6298&amp;comment_code=c4&amp;element=Al&amp;spectr_charge=2&amp;ref=6298&amp;type=,
16 264.9,169.0,132822.89,133437.71,3s5d,3D,3,3s5f,3F°,2,,https://physics.nist.gov/cgi-bin/ASBib1/get_ASBib_ref.cgi?db=tp&amp;db_id=6298&amp;comment_code=c4&amp;element=Al&amp;spectr_charge=2&amp;ref=6298&amp;type=,
16 266.5,32400.0,132822.95,133437.71,3s5d,3D,1,3s5f,3F°,2,,https://physics.nist.gov/cgi-bin/ASBib1/get_ASBib_ref.cgi?db=tp&amp;db_id=6298&amp;comment_code=c4&amp;element=Al&amp;spectr_charge=2&amp;ref=6298&amp;type=,
19 923,15200.0,133681.78,134183.7,3s5f,1F°,3,3s5g,1G,4,,https://physics.nist.gov/cgi-bin/ASBib1/get_ASBib_ref.cgi?db=tp&amp;db_id=6298&amp;comment_code=c4&amp;element=Al&amp;spectr_charge=2&amp;ref=6298&amp;type=,
42 628,5590.0,133681.78,133916.368,3s5f,1F°,3,3s5d,1D,2,,https://physics.nist.gov/cgi-bin/ASBib1/get_ASBib_ref.cgi?db=tp&amp;db_id=6533&amp;comment_code=&amp;element=Al&amp;spectr_charge=2&amp;ref=6533&amp;type=,
80 720,2.56e-05,37453.91,37577.79,3s3p,3P°,1,3s3p,3P°,2,M1,https://physics.nist.gov/cgi-bin/ASBib1/get_ASBib_ref.cgi?db=tp&amp;db_id=&amp;comment_code=c41&amp;element=Al&amp;spectr_charge=2&amp;ref=&amp;type=M1,
