Wavelength,Unc.(nm),Aki (s-1),Ei,Ek,Lower Level Conf,Lower Level Term,Lower Level J,Upper Level Conf,Upper Level Term,Upper Level J,Type,TPRef.,LineRef.
46.072843,1.9e-05,5540000000.0,0.0,217047.598,2s22p5,2P°,3/2,2s2p6,2S,1/2,,https://physics.nist.gov/cgi-bin/ASBib1/get_ASBib_ref.cgi?db=tp&amp;db_id=&amp;comment_code=c46&amp;element=Ne&amp;spectr_charge=2&amp;ref=&amp;type=,https://physics.nist.gov/cgi-bin/ASBib1/get_ASBib_ref.cgi?db=el&amp;db_id=1406&amp;comment_code=&amp;element=Ne&amp;spectr_charge=2&amp;ref=1406&amp;type=
46.239102,1.9e-05,2700000000.0,780.424,217047.598,2s22p5,2P°,1/2,2s2p6,2S,1/2,,https://physics.nist.gov/cgi-bin/ASBib1/get_ASBib_ref.cgi?db=tp&amp;db_id=&amp;comment_code=c46&amp;element=Ne&amp;spectr_charge=2&amp;ref=&amp;type=,https://physics.nist.gov/cgi-bin/ASBib1/get_ASBib_ref.cgi?db=el&amp;db_id=1406&amp;comment_code=&amp;element=Ne&amp;spectr_charge=2&amp;ref=1406&amp;type=
190.749450,7.000000000000001e-06,28000000.0,224087.0092,276511.8,2s22p4(3P)3s,2P,3/2,2s22p4(1D)3p,2P°,1/2,,https://physics.nist.gov/cgi-bin/ASBib1/get_ASBib_ref.cgi?db=tp&amp;db_id=8043&amp;comment_code=&amp;element=Ne&amp;spectr_charge=2&amp;ref=8043&amp;type=,https://physics.nist.gov/cgi-bin/ASBib1/get_ASBib_ref.cgi?db=el&amp;db_id=9088&amp;comment_code=&amp;element=Ne&amp;spectr_charge=2&amp;ref=9088&amp;type=
191.608223,7.000000000000001e-06,69000000.0,224087.0092,276276.8361,2s22p4(3P)3s,2P,3/2,2s22p4(1D)3p,2P°,3/2,,https://physics.nist.gov/cgi-bin/ASBib1/get_ASBib_ref.cgi?db=tp&amp;db_id=8043&amp;comment_code=&amp;element=Ne&amp;spectr_charge=2&amp;ref=8043&amp;type=,https://physics.nist.gov/cgi-bin/ASBib1/get_ASBib_ref.cgi?db=el&amp;db_id=9088&amp;comment_code=&amp;element=Ne&amp;spectr_charge=2&amp;ref=9088&amp;type=
193.003513,1.2e-05,57000000.0,224699.2716,276511.8,2s22p4(3P)3s,2P,1/2,2s22p4(1D)3p,2P°,1/2,,https://physics.nist.gov/cgi-bin/ASBib1/get_ASBib_ref.cgi?db=tp&amp;db_id=8043&amp;comment_code=&amp;element=Ne&amp;spectr_charge=2&amp;ref=8043&amp;type=,https://physics.nist.gov/cgi-bin/ASBib1/get_ASBib_ref.cgi?db=el&amp;db_id=9088&amp;comment_code=&amp;element=Ne&amp;spectr_charge=2&amp;ref=9088&amp;type=
193.882749,8e-06,13000000.0,224699.2716,276276.8361,2s22p4(3P)3s,2P,1/2,2s22p4(1D)3p,2P°,3/2,,https://physics.nist.gov/cgi-bin/ASBib1/get_ASBib_ref.cgi?db=tp&amp;db_id=8043&amp;comment_code=&amp;element=Ne&amp;spectr_charge=2&amp;ref=8043&amp;type=,https://physics.nist.gov/cgi-bin/ASBib1/get_ASBib_ref.cgi?db=el&amp;db_id=9088&amp;comment_code=&amp;element=Ne&amp;spectr_charge=2&amp;ref=9088&amp;type=
284.633342,1.6e-05,3500000.0,246597.6805,281720.2755,2s22p4(3P)3p,4P°,1/2,2s22p4(3P)3d,2P,3/2,,https://physics.nist.gov/cgi-bin/ASBib1/get_ASBib_ref.cgi?db=tp&amp;db_id=380&amp;comment_code=&amp;element=Ne&amp;spectr_charge=2&amp;ref=380&amp;type=,
285.351309,1.2e-05,2500000.0,219130.7609,254164.9888,2s22p4(3P)3s,4P,5/2,2s22p4(3P)3p,2P°,3/2,,https://physics.nist.gov/cgi-bin/ASBib1/get_ASBib_ref.cgi?db=tp&amp;db_id=380&amp;comment_code=&amp;element=Ne&amp;spectr_charge=2&amp;ref=380&amp;type=,https://physics.nist.gov/cgi-bin/ASBib1/get_ASBib_ref.cgi?db=el&amp;db_id=9088&amp;comment_code=c153&amp;element=Ne&amp;spectr_charge=2&amp;ref=9088&amp;type=
285.802329,1.6e-05,79000000.0,246192.413,281171.3566,2s22p4(3P)3p,4P°,5/2,2s22p4(3P)3d,4P,5/2,,https://physics.nist.gov/cgi-bin/ASBib1/get_ASBib_ref.cgi?db=tp&amp;db_id=380&amp;comment_code=&amp;element=Ne&amp;spectr_charge=2&amp;ref=380&amp;type=,https://physics.nist.gov/cgi-bin/ASBib1/get_ASBib_ref.cgi?db=el&amp;db_id=5951&amp;comment_code=&amp;element=Ne&amp;spectr_charge=2&amp;ref=5951&amp;type=
286.995562,1.7e-05,1500000.0,246192.413,281025.9326,2s22p4(3P)3p,4P°,5/2,2s22p4(3P)3d,2F,5/2,,https://physics.nist.gov/cgi-bin/ASBib1/get_ASBib_ref.cgi?db=tp&amp;db_id=380&amp;comment_code=&amp;element=Ne&amp;spectr_charge=2&amp;ref=380&amp;type=,https://physics.nist.gov/cgi-bin/ASBib1/get_ASBib_ref.cgi?db=el&amp;db_id=5951&amp;comment_code=&amp;element=Ne&amp;spectr_charge=2&amp;ref=5951&amp;type=
287.295872,1.7e-05,38000000.0,246192.413,280989.5229,2s22p4(3P)3p,4P°,5/2,2s22p4(3P)3d,4P,3/2,,https://physics.nist.gov/cgi-bin/ASBib1/get_ASBib_ref.cgi?db=tp&amp;db_id=380&amp;comment_code=&amp;element=Ne&amp;spectr_charge=2&amp;ref=380&amp;type=,https://physics.nist.gov/cgi-bin/ASBib1/get_ASBib_ref.cgi?db=el&amp;db_id=5951&amp;comment_code=&amp;element=Ne&amp;spectr_charge=2&amp;ref=5951&amp;type=
287.632874,1.2e-05,78000000.0,246415.0144,281171.3566,2s22p4(3P)3p,4P°,3/2,2s22p4(3P)3d,4P,5/2,,https://physics.nist.gov/cgi-bin/ASBib1/get_ASBib_ref.cgi?db=tp&amp;db_id=380&amp;comment_code=&amp;element=Ne&amp;spectr_charge=2&amp;ref=380&amp;type=,https://physics.nist.gov/cgi-bin/ASBib1/get_ASBib_ref.cgi?db=el&amp;db_id=5951&amp;comment_code=&amp;element=Ne&amp;spectr_charge=2&amp;ref=5951&amp;type=
287.646765,1.7e-05,33000000.0,246192.413,280947.0768,2s22p4(3P)3p,4P°,5/2,2s22p4(3P)3d,4F,3/2,,https://physics.nist.gov/cgi-bin/ASBib1/get_ASBib_ref.cgi?db=tp&amp;db_id=380&amp;comment_code=&amp;element=Ne&amp;spectr_charge=2&amp;ref=380&amp;type=,https://physics.nist.gov/cgi-bin/ASBib1/get_ASBib_ref.cgi?db=el&amp;db_id=5951&amp;comment_code=&amp;element=Ne&amp;spectr_charge=2&amp;ref=5951&amp;type=
287.810934,2.5e-05,6900000.0,246597.6805,281332.521,2s22p4(3P)3p,4P°,1/2,2s22p4(3P)3d,2P,1/2,,https://physics.nist.gov/cgi-bin/ASBib1/get_ASBib_ref.cgi?db=tp&amp;db_id=380&amp;comment_code=&amp;element=Ne&amp;spectr_charge=2&amp;ref=380&amp;type=,https://physics.nist.gov/cgi-bin/ASBib1/get_ASBib_ref.cgi?db=el&amp;db_id=1406&amp;comment_code=&amp;element=Ne&amp;spectr_charge=2&amp;ref=1406&amp;type=
288.841472,1.3000000000000001e-05,3900000.0,246415.0144,281025.9326,2s22p4(3P)3p,4P°,3/2,2s22p4(3P)3d,2F,5/2,,https://physics.nist.gov/cgi-bin/ASBib1/get_ASBib_ref.cgi?db=tp&amp;db_id=380&amp;comment_code=&amp;element=Ne&amp;spectr_charge=2&amp;ref=380&amp;type=,https://physics.nist.gov/cgi-bin/ASBib1/get_ASBib_ref.cgi?db=el&amp;db_id=1406&amp;comment_code=&amp;element=Ne&amp;spectr_charge=2&amp;ref=1406&amp;type=
288.892328,1.7e-05,17000000.0,246192.413,280797.2387,2s22p4(3P)3p,4P°,5/2,2s22p4(3P)3d,4F,5/2,,https://physics.nist.gov/cgi-bin/ASBib1/get_ASBib_ref.cgi?db=tp&amp;db_id=380&amp;comment_code=&amp;element=Ne&amp;spectr_charge=2&amp;ref=380&amp;type=,
289.145659,1.8e-05,6100000.0,246415.0144,280989.5229,2s22p4(3P)3p,4P°,3/2,2s22p4(3P)3d,4P,3/2,,https://physics.nist.gov/cgi-bin/ASBib1/get_ASBib_ref.cgi?db=tp&amp;db_id=380&amp;comment_code=&amp;element=Ne&amp;spectr_charge=2&amp;ref=380&amp;type=,https://physics.nist.gov/cgi-bin/ASBib1/get_ASBib_ref.cgi?db=el&amp;db_id=1406&amp;comment_code=&amp;element=Ne&amp;spectr_charge=2&amp;ref=1406&amp;type=
289.501088,1.7e-05,1600000.0,246415.0144,280947.0768,2s22p4(3P)3p,4P°,3/2,2s22p4(3P)3d,4F,3/2,,https://physics.nist.gov/cgi-bin/ASBib1/get_ASBib_ref.cgi?db=tp&amp;db_id=380&amp;comment_code=&amp;element=Ne&amp;spectr_charge=2&amp;ref=380&amp;type=,
289.631084,1.2e-05,2000000.0,219648.4248,254164.9888,2s22p4(3P)3s,4P,3/2,2s22p4(3P)3p,2P°,3/2,,https://physics.nist.gov/cgi-bin/ASBib1/get_ASBib_ref.cgi?db=tp&amp;db_id=380&amp;comment_code=&amp;element=Ne&amp;spectr_charge=2&amp;ref=380&amp;type=,
289.700199,1.7e-05,300000.0,246192.413,280700.7426,2s22p4(3P)3p,4P°,5/2,2s22p4(3P)3d,4F,7/2,,https://physics.nist.gov/cgi-bin/ASBib1/get_ASBib_ref.cgi?db=tp&amp;db_id=380&amp;comment_code=&amp;element=Ne&amp;spectr_charge=2&amp;ref=380&amp;type=,https://physics.nist.gov/cgi-bin/ASBib1/get_ASBib_ref.cgi?db=el&amp;db_id=1406&amp;comment_code=&amp;element=Ne&amp;spectr_charge=2&amp;ref=1406&amp;type=
290.681476,1.7e-05,55000000.0,246597.6805,280989.5229,2s22p4(3P)3p,4P°,1/2,2s22p4(3P)3d,4P,3/2,,https://physics.nist.gov/cgi-bin/ASBib1/get_ASBib_ref.cgi?db=tp&amp;db_id=380&amp;comment_code=&amp;element=Ne&amp;spectr_charge=2&amp;ref=380&amp;type=,https://physics.nist.gov/cgi-bin/ASBib1/get_ASBib_ref.cgi?db=el&amp;db_id=5951&amp;comment_code=&amp;element=Ne&amp;spectr_charge=2&amp;ref=5951&amp;type=
290.762795,1.7e-05,7000000.0,246415.0144,280797.2387,2s22p4(3P)3p,4P°,3/2,2s22p4(3P)3d,4F,5/2,,https://physics.nist.gov/cgi-bin/ASBib1/get_ASBib_ref.cgi?db=tp&amp;db_id=380&amp;comment_code=&amp;element=Ne&amp;spectr_charge=2&amp;ref=380&amp;type=,
291.005978,1.7e-05,170000000.0,246415.0144,280768.508,2s22p4(3P)3p,4P°,3/2,2s22p4(3P)3d,4P,1/2,,https://physics.nist.gov/cgi-bin/ASBib1/get_ASBib_ref.cgi?db=tp&amp;db_id=380&amp;comment_code=&amp;element=Ne&amp;spectr_charge=2&amp;ref=380&amp;type=,https://physics.nist.gov/cgi-bin/ASBib1/get_ASBib_ref.cgi?db=el&amp;db_id=5951&amp;comment_code=&amp;element=Ne&amp;spectr_charge=2&amp;ref=5951&amp;type=
291.040692,1.7e-05,59000000.0,246597.6805,280947.0768,2s22p4(3P)3p,4P°,1/2,2s22p4(3P)3d,4F,3/2,,https://physics.nist.gov/cgi-bin/ASBib1/get_ASBib_ref.cgi?db=tp&amp;db_id=380&amp;comment_code=&amp;element=Ne&amp;spectr_charge=2&amp;ref=380&amp;type=,https://physics.nist.gov/cgi-bin/ASBib1/get_ASBib_ref.cgi?db=el&amp;db_id=1406&amp;comment_code=&amp;element=Ne&amp;spectr_charge=2&amp;ref=1406&amp;type=
291.620185,1.8e-05,9600000.0,246192.413,280473.555,2s22p4(3P)3p,4P°,5/2,2s22p4(3P)3d,2D,3/2,,https://physics.nist.gov/cgi-bin/ASBib1/get_ASBib_ref.cgi?db=tp&amp;db_id=380&amp;comment_code=&amp;element=Ne&amp;spectr_charge=2&amp;ref=380&amp;type=,https://physics.nist.gov/cgi-bin/ASBib1/get_ASBib_ref.cgi?db=el&amp;db_id=1406&amp;comment_code=&amp;element=Ne&amp;spectr_charge=2&amp;ref=1406&amp;type=
292.561672,1.8e-05,56000000.0,246597.6805,280768.508,2s22p4(3P)3p,4P°,1/2,2s22p4(3P)3d,4P,1/2,,https://physics.nist.gov/cgi-bin/ASBib1/get_ASBib_ref.cgi?db=tp&amp;db_id=380&amp;comment_code=&amp;element=Ne&amp;spectr_charge=2&amp;ref=380&amp;type=,https://physics.nist.gov/cgi-bin/ASBib1/get_ASBib_ref.cgi?db=el&amp;db_id=5951&amp;comment_code=&amp;element=Ne&amp;spectr_charge=2&amp;ref=5951&amp;type=
293.371273,1.7e-05,6900000.0,246192.413,280268.9453,2s22p4(3P)3p,4P°,5/2,2s22p4(3P)3d,2D,5/2,,https://physics.nist.gov/cgi-bin/ASBib1/get_ASBib_ref.cgi?db=tp&amp;db_id=380&amp;comment_code=&amp;element=Ne&amp;spectr_charge=2&amp;ref=380&amp;type=,https://physics.nist.gov/cgi-bin/ASBib1/get_ASBib_ref.cgi?db=el&amp;db_id=1406&amp;comment_code=&amp;element=Ne&amp;spectr_charge=2&amp;ref=1406&amp;type=
293.428357,1.7e-05,5200000.0,246192.413,280262.3163,2s22p4(3P)3p,4P°,5/2,2s22p4(3P)3d,2F,7/2,,https://physics.nist.gov/cgi-bin/ASBib1/get_ASBib_ref.cgi?db=tp&amp;db_id=380&amp;comment_code=&amp;element=Ne&amp;spectr_charge=2&amp;ref=380&amp;type=,
293.526256,1.7e-05,3200000.0,246415.0144,280473.555,2s22p4(3P)3p,4P°,3/2,2s22p4(3P)3d,2D,3/2,,https://physics.nist.gov/cgi-bin/ASBib1/get_ASBib_ref.cgi?db=tp&amp;db_id=380&amp;comment_code=&amp;element=Ne&amp;spectr_charge=2&amp;ref=380&amp;type=,https://physics.nist.gov/cgi-bin/ASBib1/get_ASBib_ref.cgi?db=el&amp;db_id=1406&amp;comment_code=&amp;element=Ne&amp;spectr_charge=2&amp;ref=1406&amp;type=
295.109084,1.8e-05,2300000.0,246597.6805,280473.555,2s22p4(3P)3p,4P°,1/2,2s22p4(3P)3d,2D,3/2,,https://physics.nist.gov/cgi-bin/ASBib1/get_ASBib_ref.cgi?db=tp&amp;db_id=380&amp;comment_code=&amp;element=Ne&amp;spectr_charge=2&amp;ref=380&amp;type=,https://physics.nist.gov/cgi-bin/ASBib1/get_ASBib_ref.cgi?db=el&amp;db_id=1406&amp;comment_code=&amp;element=Ne&amp;spectr_charge=2&amp;ref=1406&amp;type=
295.300378,1.3000000000000001e-05,1200000.0,246415.0144,280268.9453,2s22p4(3P)3p,4P°,3/2,2s22p4(3P)3d,2D,5/2,,https://physics.nist.gov/cgi-bin/ASBib1/get_ASBib_ref.cgi?db=tp&amp;db_id=380&amp;comment_code=&amp;element=Ne&amp;spectr_charge=2&amp;ref=380&amp;type=,https://physics.nist.gov/cgi-bin/ASBib1/get_ASBib_ref.cgi?db=el&amp;db_id=1406&amp;comment_code=&amp;element=Ne&amp;spectr_charge=2&amp;ref=1406&amp;type=
295.572547,1.2e-05,120000000.0,219130.7609,252953.5198,2s22p4(3P)3s,4P,5/2,2s22p4(3P)3p,4S°,3/2,,https://physics.nist.gov/cgi-bin/ASBib1/get_ASBib_ref.cgi?db=tp&amp;db_id=867&amp;comment_code=LS&amp;element=Ne&amp;spectr_charge=2&amp;ref=867&amp;type=,https://physics.nist.gov/cgi-bin/ASBib1/get_ASBib_ref.cgi?db=el&amp;db_id=5951&amp;comment_code=&amp;element=Ne&amp;spectr_charge=2&amp;ref=5951&amp;type=
300.166856,1.2e-05,87000000.0,219648.4248,252953.5198,2s22p4(3P)3s,4P,3/2,2s22p4(3P)3p,4S°,3/2,,https://physics.nist.gov/cgi-bin/ASBib1/get_ASBib_ref.cgi?db=tp&amp;db_id=867&amp;comment_code=LS&amp;element=Ne&amp;spectr_charge=2&amp;ref=867&amp;type=,https://physics.nist.gov/cgi-bin/ASBib1/get_ASBib_ref.cgi?db=el&amp;db_id=5951&amp;comment_code=&amp;element=Ne&amp;spectr_charge=2&amp;ref=5951&amp;type=
301.570901,1.8e-05,1300000.0,219648.4248,252798.4654,2s22p4(3P)3s,4P,3/2,2s22p4(3P)3p,2S°,1/2,,https://physics.nist.gov/cgi-bin/ASBib1/get_ASBib_ref.cgi?db=tp&amp;db_id=380&amp;comment_code=&amp;element=Ne&amp;spectr_charge=2&amp;ref=380&amp;type=,
301.730923,1.8e-05,35000000.0,246192.413,279324.8733,2s22p4(3P)3p,4P°,5/2,2s22p4(3P)3d,4D,3/2,,https://physics.nist.gov/cgi-bin/ASBib1/get_ASBib_ref.cgi?db=tp&amp;db_id=380&amp;comment_code=&amp;element=Ne&amp;spectr_charge=2&amp;ref=380&amp;type=,https://physics.nist.gov/cgi-bin/ASBib1/get_ASBib_ref.cgi?db=el&amp;db_id=5951&amp;comment_code=&amp;element=Ne&amp;spectr_charge=2&amp;ref=5951&amp;type=
302.701507,1.4000000000000001e-05,140000000.0,246192.413,279218.6416,2s22p4(3P)3p,4P°,5/2,2s22p4(3P)3d,4D,5/2,,https://physics.nist.gov/cgi-bin/ASBib1/get_ASBib_ref.cgi?db=tp&amp;db_id=380&amp;comment_code=&amp;element=Ne&amp;spectr_charge=2&amp;ref=380&amp;type=,https://physics.nist.gov/cgi-bin/ASBib1/get_ASBib_ref.cgi?db=el&amp;db_id=5951&amp;comment_code=&amp;element=Ne&amp;spectr_charge=2&amp;ref=5951&amp;type=
302.87001,2.9999999999999997e-05,85000000.0,246415.0144,279422.869,2s22p4(3P)3p,4P°,3/2,2s22p4(3P)3d,4D,1/2,,https://physics.nist.gov/cgi-bin/ASBib1/get_ASBib_ref.cgi?db=tp&amp;db_id=380&amp;comment_code=&amp;element=Ne&amp;spectr_charge=2&amp;ref=380&amp;type=,https://physics.nist.gov/cgi-bin/ASBib1/get_ASBib_ref.cgi?db=el&amp;db_id=5951&amp;comment_code=&amp;element=Ne&amp;spectr_charge=2&amp;ref=5951&amp;type=
302.886350,1.2e-05,47000000.0,219947.4453,252953.5198,2s22p4(3P)3s,4P,1/2,2s22p4(3P)3p,4S°,3/2,,https://physics.nist.gov/cgi-bin/ASBib1/get_ASBib_ref.cgi?db=tp&amp;db_id=867&amp;comment_code=LS&amp;element=Ne&amp;spectr_charge=2&amp;ref=867&amp;type=,https://physics.nist.gov/cgi-bin/ASBib1/get_ASBib_ref.cgi?db=el&amp;db_id=5951&amp;comment_code=&amp;element=Ne&amp;spectr_charge=2&amp;ref=5951&amp;type=
303.446102,1.9e-05,310000000.0,246192.413,279137.6053,2s22p4(3P)3p,4P°,5/2,2s22p4(3P)3d,4D,7/2,,https://physics.nist.gov/cgi-bin/ASBib1/get_ASBib_ref.cgi?db=tp&amp;db_id=380&amp;comment_code=&amp;element=Ne&amp;spectr_charge=2&amp;ref=380&amp;type=,https://physics.nist.gov/cgi-bin/ASBib1/get_ASBib_ref.cgi?db=el&amp;db_id=5951&amp;comment_code=&amp;element=Ne&amp;spectr_charge=2&amp;ref=5951&amp;type=
303.771908,1.4000000000000001e-05,210000000.0,246415.0144,279324.8733,2s22p4(3P)3p,4P°,3/2,2s22p4(3P)3d,4D,3/2,,https://physics.nist.gov/cgi-bin/ASBib1/get_ASBib_ref.cgi?db=tp&amp;db_id=380&amp;comment_code=&amp;element=Ne&amp;spectr_charge=2&amp;ref=380&amp;type=,https://physics.nist.gov/cgi-bin/ASBib1/get_ASBib_ref.cgi?db=el&amp;db_id=5951&amp;comment_code=&amp;element=Ne&amp;spectr_charge=2&amp;ref=5951&amp;type=
304.55550,2.9999999999999997e-05,250000000.0,246597.6805,279422.869,2s22p4(3P)3p,4P°,1/2,2s22p4(3P)3d,4D,1/2,,https://physics.nist.gov/cgi-bin/ASBib1/get_ASBib_ref.cgi?db=tp&amp;db_id=380&amp;comment_code=&amp;element=Ne&amp;spectr_charge=2&amp;ref=380&amp;type=,https://physics.nist.gov/cgi-bin/ASBib1/get_ASBib_ref.cgi?db=el&amp;db_id=1406&amp;comment_code=&amp;element=Ne&amp;spectr_charge=2&amp;ref=1406&amp;type=
304.755687,1.3000000000000001e-05,180000000.0,246415.0144,279218.6416,2s22p4(3P)3p,4P°,3/2,2s22p4(3P)3d,4D,5/2,,https://physics.nist.gov/cgi-bin/ASBib1/get_ASBib_ref.cgi?db=tp&amp;db_id=380&amp;comment_code=&amp;element=Ne&amp;spectr_charge=2&amp;ref=380&amp;type=,https://physics.nist.gov/cgi-bin/ASBib1/get_ASBib_ref.cgi?db=el&amp;db_id=5951&amp;comment_code=&amp;element=Ne&amp;spectr_charge=2&amp;ref=5951&amp;type=
305.467473,1.4000000000000001e-05,94000000.0,246597.6805,279324.8733,2s22p4(3P)3p,4P°,1/2,2s22p4(3P)3d,4D,3/2,,https://physics.nist.gov/cgi-bin/ASBib1/get_ASBib_ref.cgi?db=tp&amp;db_id=380&amp;comment_code=&amp;element=Ne&amp;spectr_charge=2&amp;ref=380&amp;type=,https://physics.nist.gov/cgi-bin/ASBib1/get_ASBib_ref.cgi?db=el&amp;db_id=5951&amp;comment_code=&amp;element=Ne&amp;spectr_charge=2&amp;ref=5951&amp;type=
309.29020,2.9999999999999997e-05,130000000.0,274364.5596,306687.271,2s22p4(1D)3p,2F°,5/2,2s22p4(1D)3d,2F,5/2,,https://physics.nist.gov/cgi-bin/ASBib1/get_ASBib_ref.cgi?db=tp&amp;db_id=8043&amp;comment_code=&amp;element=Ne&amp;spectr_charge=2&amp;ref=8043&amp;type=,https://physics.nist.gov/cgi-bin/ASBib1/get_ASBib_ref.cgi?db=el&amp;db_id=5951&amp;comment_code=&amp;element=Ne&amp;spectr_charge=2&amp;ref=5951&amp;type=
309.713165,2e-05,130000000.0,274409.083,306687.654,2s22p4(1D)3p,2F°,7/2,2s22p4(1D)3d,2F,7/2,,https://physics.nist.gov/cgi-bin/ASBib1/get_ASBib_ref.cgi?db=tp&amp;db_id=8043&amp;comment_code=&amp;element=Ne&amp;spectr_charge=2&amp;ref=8043&amp;type=,https://physics.nist.gov/cgi-bin/ASBib1/get_ASBib_ref.cgi?db=el&amp;db_id=5951&amp;comment_code=&amp;element=Ne&amp;spectr_charge=2&amp;ref=5951&amp;type=
309.754034,2e-05,1500000.0,249445.9632,281720.2755,2s22p4(3P)3p,4D°,5/2,2s22p4(3P)3d,2P,3/2,,https://physics.nist.gov/cgi-bin/ASBib1/get_ASBib_ref.cgi?db=tp&amp;db_id=380&amp;comment_code=&amp;element=Ne&amp;spectr_charge=2&amp;ref=380&amp;type=,https://physics.nist.gov/cgi-bin/ASBib1/get_ASBib_ref.cgi?db=el&amp;db_id=1406&amp;comment_code=&amp;element=Ne&amp;spectr_charge=2&amp;ref=1406&amp;type=
311.798060,1.4000000000000001e-05,4200000.0,249108.6138,281171.3566,2s22p4(3P)3p,4D°,7/2,2s22p4(3P)3d,4P,5/2,,https://physics.nist.gov/cgi-bin/ASBib1/get_ASBib_ref.cgi?db=tp&amp;db_id=380&amp;comment_code=&amp;element=Ne&amp;spectr_charge=2&amp;ref=380&amp;type=,https://physics.nist.gov/cgi-bin/ASBib1/get_ASBib_ref.cgi?db=el&amp;db_id=5951&amp;comment_code=&amp;element=Ne&amp;spectr_charge=2&amp;ref=5951&amp;type=
313.218751,2e-05,2200000.0,249108.6138,281025.9326,2s22p4(3P)3p,4D°,7/2,2s22p4(3P)3d,2F,5/2,,https://physics.nist.gov/cgi-bin/ASBib1/get_ASBib_ref.cgi?db=tp&amp;db_id=380&amp;comment_code=&amp;element=Ne&amp;spectr_charge=2&amp;ref=380&amp;type=,https://physics.nist.gov/cgi-bin/ASBib1/get_ASBib_ref.cgi?db=el&amp;db_id=1406&amp;comment_code=&amp;element=Ne&amp;spectr_charge=2&amp;ref=1406&amp;type=
313.40654,2.9999999999999997e-05,26000000.0,274364.5596,306262.755,2s22p4(1D)3p,2F°,5/2,2s22p4(1D)3d,2D,3/2,,https://physics.nist.gov/cgi-bin/ASBib1/get_ASBib_ref.cgi?db=tp&amp;db_id=8043&amp;comment_code=&amp;element=Ne&amp;spectr_charge=2&amp;ref=8043&amp;type=,https://physics.nist.gov/cgi-bin/ASBib1/get_ASBib_ref.cgi?db=el&amp;db_id=1406&amp;comment_code=&amp;element=Ne&amp;spectr_charge=2&amp;ref=1406&amp;type=
313.578958,2e-05,2000000.0,249839.6186,281720.2755,2s22p4(3P)3p,4D°,1/2,2s22p4(3P)3d,2P,3/2,,https://physics.nist.gov/cgi-bin/ASBib1/get_ASBib_ref.cgi?db=tp&amp;db_id=380&amp;comment_code=&amp;element=Ne&amp;spectr_charge=2&amp;ref=380&amp;type=,
313.581582,1.4999999999999999e-05,650000.0,219130.7609,251011.1511,2s22p4(3P)3s,4P,5/2,2s22p4(3P)3p,2D°,5/2,,https://physics.nist.gov/cgi-bin/ASBib1/get_ASBib_ref.cgi?db=tp&amp;db_id=380&amp;comment_code=&amp;element=Ne&amp;spectr_charge=2&amp;ref=380&amp;type=,https://physics.nist.gov/cgi-bin/ASBib1/get_ASBib_ref.cgi?db=el&amp;db_id=1406&amp;comment_code=&amp;element=Ne&amp;spectr_charge=2&amp;ref=1406&amp;type=
313.647680,1.4999999999999999e-05,490000.0,219648.4248,251522.0967,2s22p4(3P)3s,4P,3/2,2s22p4(3P)3p,2D°,3/2,,https://physics.nist.gov/cgi-bin/ASBib1/get_ASBib_ref.cgi?db=tp&amp;db_id=380&amp;comment_code=&amp;element=Ne&amp;spectr_charge=2&amp;ref=380&amp;type=,https://physics.nist.gov/cgi-bin/ASBib1/get_ASBib_ref.cgi?db=el&amp;db_id=1406&amp;comment_code=&amp;element=Ne&amp;spectr_charge=2&amp;ref=1406&amp;type=
314.035363,2e-05,24000000.0,274409.083,306243.4077,2s22p4(1D)3p,2F°,7/2,2s22p4(1D)3d,2D,5/2,,https://physics.nist.gov/cgi-bin/ASBib1/get_ASBib_ref.cgi?db=tp&amp;db_id=8043&amp;comment_code=&amp;element=Ne&amp;spectr_charge=2&amp;ref=8043&amp;type=,https://physics.nist.gov/cgi-bin/ASBib1/get_ASBib_ref.cgi?db=el&amp;db_id=1406&amp;comment_code=&amp;element=Ne&amp;spectr_charge=2&amp;ref=1406&amp;type=
315.113666,1.4000000000000001e-05,4800000.0,249445.9632,281171.3566,2s22p4(3P)3p,4D°,5/2,2s22p4(3P)3d,4P,5/2,,https://physics.nist.gov/cgi-bin/ASBib1/get_ASBib_ref.cgi?db=tp&amp;db_id=380&amp;comment_code=&amp;element=Ne&amp;spectr_charge=2&amp;ref=380&amp;type=,https://physics.nist.gov/cgi-bin/ASBib1/get_ASBib_ref.cgi?db=el&amp;db_id=5951&amp;comment_code=&amp;element=Ne&amp;spectr_charge=2&amp;ref=5951&amp;type=
315.479308,2e-05,1800000.0,249108.6138,280797.2387,2s22p4(3P)3p,4D°,7/2,2s22p4(3P)3d,4F,5/2,,https://physics.nist.gov/cgi-bin/ASBib1/get_ASBib_ref.cgi?db=tp&amp;db_id=380&amp;comment_code=&amp;element=Ne&amp;spectr_charge=2&amp;ref=380&amp;type=,https://physics.nist.gov/cgi-bin/ASBib1/get_ASBib_ref.cgi?db=el&amp;db_id=1406&amp;comment_code=&amp;element=Ne&amp;spectr_charge=2&amp;ref=1406&amp;type=
315.993964,2e-05,1900000.0,249695.5051,281332.521,2s22p4(3P)3p,4D°,3/2,2s22p4(3P)3d,2P,1/2,,https://physics.nist.gov/cgi-bin/ASBib1/get_ASBib_ref.cgi?db=tp&amp;db_id=380&amp;comment_code=&amp;element=Ne&amp;spectr_charge=2&amp;ref=380&amp;type=,https://physics.nist.gov/cgi-bin/ASBib1/get_ASBib_ref.cgi?db=el&amp;db_id=1406&amp;comment_code=&amp;element=Ne&amp;spectr_charge=2&amp;ref=1406&amp;type=
316.442955,2.1e-05,16000000.0,249108.6138,280700.7426,2s22p4(3P)3p,4D°,7/2,2s22p4(3P)3d,4F,7/2,,https://physics.nist.gov/cgi-bin/ASBib1/get_ASBib_ref.cgi?db=tp&amp;db_id=380&amp;comment_code=&amp;element=Ne&amp;spectr_charge=2&amp;ref=380&amp;type=,https://physics.nist.gov/cgi-bin/ASBib1/get_ASBib_ref.cgi?db=el&amp;db_id=5951&amp;comment_code=&amp;element=Ne&amp;spectr_charge=2&amp;ref=5951&amp;type=
316.564801,1.4999999999999999e-05,12000000.0,249445.9632,281025.9326,2s22p4(3P)3p,4D°,5/2,2s22p4(3P)3d,2F,5/2,,https://physics.nist.gov/cgi-bin/ASBib1/get_ASBib_ref.cgi?db=tp&amp;db_id=380&amp;comment_code=&amp;element=Ne&amp;spectr_charge=2&amp;ref=380&amp;type=,https://physics.nist.gov/cgi-bin/ASBib1/get_ASBib_ref.cgi?db=el&amp;db_id=5951&amp;comment_code=&amp;element=Ne&amp;spectr_charge=2&amp;ref=5951&amp;type=
316.618121,2.1e-05,420000.0,219947.4453,251522.0967,2s22p4(3P)3s,4P,1/2,2s22p4(3P)3p,2D°,3/2,,https://physics.nist.gov/cgi-bin/ASBib1/get_ASBib_ref.cgi?db=tp&amp;db_id=380&amp;comment_code=&amp;element=Ne&amp;spectr_charge=2&amp;ref=380&amp;type=,https://physics.nist.gov/cgi-bin/ASBib1/get_ASBib_ref.cgi?db=el&amp;db_id=1406&amp;comment_code=&amp;element=Ne&amp;spectr_charge=2&amp;ref=1406&amp;type=
316.930215,2.1e-05,17000000.0,249445.9632,280989.5229,2s22p4(3P)3p,4D°,5/2,2s22p4(3P)3d,4P,3/2,,https://physics.nist.gov/cgi-bin/ASBib1/get_ASBib_ref.cgi?db=tp&amp;db_id=380&amp;comment_code=&amp;element=Ne&amp;spectr_charge=2&amp;ref=380&amp;type=,https://physics.nist.gov/cgi-bin/ASBib1/get_ASBib_ref.cgi?db=el&amp;db_id=1406&amp;comment_code=&amp;element=Ne&amp;spectr_charge=2&amp;ref=1406&amp;type=
317.357278,2e-05,4500000.0,249445.9632,280947.0768,2s22p4(3P)3p,4D°,5/2,2s22p4(3P)3d,4F,3/2,,https://physics.nist.gov/cgi-bin/ASBib1/get_ASBib_ref.cgi?db=tp&amp;db_id=380&amp;comment_code=&amp;element=Ne&amp;spectr_charge=2&amp;ref=380&amp;type=,https://physics.nist.gov/cgi-bin/ASBib1/get_ASBib_ref.cgi?db=el&amp;db_id=5951&amp;comment_code=&amp;element=Ne&amp;spectr_charge=2&amp;ref=5951&amp;type=
317.611994,1.4999999999999999e-05,6000000.0,249695.5051,281171.3566,2s22p4(3P)3p,4D°,3/2,2s22p4(3P)3d,4P,5/2,,https://physics.nist.gov/cgi-bin/ASBib1/get_ASBib_ref.cgi?db=tp&amp;db_id=380&amp;comment_code=&amp;element=Ne&amp;spectr_charge=2&amp;ref=380&amp;type=,https://physics.nist.gov/cgi-bin/ASBib1/get_ASBib_ref.cgi?db=el&amp;db_id=5951&amp;comment_code=&amp;element=Ne&amp;spectr_charge=2&amp;ref=5951&amp;type=
318.757661,1.4999999999999999e-05,1400000.0,219648.4248,251011.1511,2s22p4(3P)3s,4P,3/2,2s22p4(3P)3p,2D°,5/2,,https://physics.nist.gov/cgi-bin/ASBib1/get_ASBib_ref.cgi?db=tp&amp;db_id=380&amp;comment_code=&amp;element=Ne&amp;spectr_charge=2&amp;ref=380&amp;type=,https://physics.nist.gov/cgi-bin/ASBib1/get_ASBib_ref.cgi?db=el&amp;db_id=5951&amp;comment_code=&amp;element=Ne&amp;spectr_charge=2&amp;ref=5951&amp;type=
318.874089,2.1e-05,39000000.0,249445.9632,280797.2387,2s22p4(3P)3p,4D°,5/2,2s22p4(3P)3d,4F,5/2,,https://physics.nist.gov/cgi-bin/ASBib1/get_ASBib_ref.cgi?db=tp&amp;db_id=380&amp;comment_code=&amp;element=Ne&amp;spectr_charge=2&amp;ref=380&amp;type=,https://physics.nist.gov/cgi-bin/ASBib1/get_ASBib_ref.cgi?db=el&amp;db_id=5951&amp;comment_code=&amp;element=Ne&amp;spectr_charge=2&amp;ref=5951&amp;type=
319.086283,2.1e-05,15000000.0,249695.5051,281025.9326,2s22p4(3P)3p,4D°,3/2,2s22p4(3P)3d,2F,5/2,,https://physics.nist.gov/cgi-bin/ASBib1/get_ASBib_ref.cgi?db=tp&amp;db_id=380&amp;comment_code=&amp;element=Ne&amp;spectr_charge=2&amp;ref=380&amp;type=,https://physics.nist.gov/cgi-bin/ASBib1/get_ASBib_ref.cgi?db=el&amp;db_id=5951&amp;comment_code=&amp;element=Ne&amp;spectr_charge=2&amp;ref=5951&amp;type=
319.457544,1.6e-05,52000000.0,249695.5051,280989.5229,2s22p4(3P)3p,4D°,3/2,2s22p4(3P)3d,4P,3/2,,https://physics.nist.gov/cgi-bin/ASBib1/get_ASBib_ref.cgi?db=tp&amp;db_id=380&amp;comment_code=&amp;element=Ne&amp;spectr_charge=2&amp;ref=380&amp;type=,https://physics.nist.gov/cgi-bin/ASBib1/get_ASBib_ref.cgi?db=el&amp;db_id=5951&amp;comment_code=&amp;element=Ne&amp;spectr_charge=2&amp;ref=5951&amp;type=
319.858617,1.4999999999999999e-05,170000000.0,249445.9632,280700.7426,2s22p4(3P)3p,4D°,5/2,2s22p4(3P)3d,4F,7/2,,https://physics.nist.gov/cgi-bin/ASBib1/get_ASBib_ref.cgi?db=tp&amp;db_id=380&amp;comment_code=&amp;element=Ne&amp;spectr_charge=2&amp;ref=380&amp;type=,https://physics.nist.gov/cgi-bin/ASBib1/get_ASBib_ref.cgi?db=el&amp;db_id=5951&amp;comment_code=&amp;element=Ne&amp;spectr_charge=2&amp;ref=5951&amp;type=
319.891449,2e-05,23000000.0,249695.5051,280947.0768,2s22p4(3P)3p,4D°,3/2,2s22p4(3P)3d,4F,3/2,,https://physics.nist.gov/cgi-bin/ASBib1/get_ASBib_ref.cgi?db=tp&amp;db_id=8043&amp;comment_code=&amp;element=Ne&amp;spectr_charge=2&amp;ref=8043&amp;type=,https://physics.nist.gov/cgi-bin/ASBib1/get_ASBib_ref.cgi?db=el&amp;db_id=1406&amp;comment_code=&amp;element=Ne&amp;spectr_charge=2&amp;ref=1406&amp;type=
320.828153,2.2e-05,910000.0,249108.6138,280268.9453,2s22p4(3P)3p,4D°,7/2,2s22p4(3P)3d,2D,5/2,,https://physics.nist.gov/cgi-bin/ASBib1/get_ASBib_ref.cgi?db=tp&amp;db_id=380&amp;comment_code=&amp;element=Ne&amp;spectr_charge=2&amp;ref=380&amp;type=,
320.896423,2.2e-05,16000000.0,249108.6138,280262.3163,2s22p4(3P)3p,4D°,7/2,2s22p4(3P)3d,2F,7/2,,https://physics.nist.gov/cgi-bin/ASBib1/get_ASBib_ref.cgi?db=tp&amp;db_id=380&amp;comment_code=&amp;element=Ne&amp;spectr_charge=2&amp;ref=380&amp;type=,https://physics.nist.gov/cgi-bin/ASBib1/get_ASBib_ref.cgi?db=el&amp;db_id=1406&amp;comment_code=&amp;element=Ne&amp;spectr_charge=2&amp;ref=1406&amp;type=
320.935552,2.1e-05,60000000.0,249839.6186,280989.5229,2s22p4(3P)3p,4D°,1/2,2s22p4(3P)3d,4P,3/2,,https://physics.nist.gov/cgi-bin/ASBib1/get_ASBib_ref.cgi?db=tp&amp;db_id=380&amp;comment_code=&amp;element=Ne&amp;spectr_charge=2&amp;ref=380&amp;type=,https://physics.nist.gov/cgi-bin/ASBib1/get_ASBib_ref.cgi?db=el&amp;db_id=5951&amp;comment_code=&amp;element=Ne&amp;spectr_charge=2&amp;ref=5951&amp;type=
321.373484,1.7e-05,170000000.0,249839.6186,280947.0768,2s22p4(3P)3p,4D°,1/2,2s22p4(3P)3d,4F,3/2,,https://physics.nist.gov/cgi-bin/ASBib1/get_ASBib_ref.cgi?db=tp&amp;db_id=8043&amp;comment_code=&amp;element=Ne&amp;spectr_charge=2&amp;ref=8043&amp;type=,https://physics.nist.gov/cgi-bin/ASBib1/get_ASBib_ref.cgi?db=el&amp;db_id=5951&amp;comment_code=&amp;element=Ne&amp;spectr_charge=2&amp;ref=5951&amp;type=
321.432638,1.6e-05,220000000.0,249695.5051,280797.2387,2s22p4(3P)3p,4D°,3/2,2s22p4(3P)3d,4F,5/2,,https://physics.nist.gov/cgi-bin/ASBib1/get_ASBib_ref.cgi?db=tp&amp;db_id=380&amp;comment_code=&amp;element=Ne&amp;spectr_charge=2&amp;ref=380&amp;type=,https://physics.nist.gov/cgi-bin/ASBib1/get_ASBib_ref.cgi?db=el&amp;db_id=5951&amp;comment_code=&amp;element=Ne&amp;spectr_charge=2&amp;ref=5951&amp;type=
321.729852,2.1e-05,13000000.0,249695.5051,280768.508,2s22p4(3P)3p,4D°,3/2,2s22p4(3P)3d,4P,1/2,,https://physics.nist.gov/cgi-bin/ASBib1/get_ASBib_ref.cgi?db=tp&amp;db_id=380&amp;comment_code=&amp;element=Ne&amp;spectr_charge=2&amp;ref=380&amp;type=,
321.819248,2.1e-05,360000000.0,249108.6138,280172.9854,2s22p4(3P)3p,4D°,7/2,2s22p4(3P)3d,4F,9/2,,https://physics.nist.gov/cgi-bin/ASBib1/get_ASBib_ref.cgi?db=tp&amp;db_id=380&amp;comment_code=&amp;element=Ne&amp;spectr_charge=2&amp;ref=380&amp;type=,https://physics.nist.gov/cgi-bin/ASBib1/get_ASBib_ref.cgi?db=el&amp;db_id=5951&amp;comment_code=&amp;element=Ne&amp;spectr_charge=2&amp;ref=5951&amp;type=
322.200743,2.1e-05,2000000.0,249445.9632,280473.555,2s22p4(3P)3p,4D°,5/2,2s22p4(3P)3d,2D,3/2,,https://physics.nist.gov/cgi-bin/ASBib1/get_ASBib_ref.cgi?db=tp&amp;db_id=380&amp;comment_code=&amp;element=Ne&amp;spectr_charge=2&amp;ref=380&amp;type=,
322.48174,2.9999999999999997e-05,350000000.0,274364.5596,305365.116,2s22p4(1D)3p,2F°,5/2,2s22p4(1D)3d,2G,7/2,,https://physics.nist.gov/cgi-bin/ASBib1/get_ASBib_ref.cgi?db=tp&amp;db_id=8043&amp;comment_code=&amp;element=Ne&amp;spectr_charge=2&amp;ref=8043&amp;type=,https://physics.nist.gov/cgi-bin/ASBib1/get_ASBib_ref.cgi?db=el&amp;db_id=5951&amp;comment_code=&amp;element=Ne&amp;spectr_charge=2&amp;ref=5951&amp;type=
322.94558,2.9999999999999997e-05,13000000.0,274409.083,305365.116,2s22p4(1D)3p,2F°,7/2,2s22p4(1D)3d,2G,7/2,,https://physics.nist.gov/cgi-bin/ASBib1/get_ASBib_ref.cgi?db=tp&amp;db_id=8043&amp;comment_code=&amp;element=Ne&amp;spectr_charge=2&amp;ref=8043&amp;type=,https://physics.nist.gov/cgi-bin/ASBib1/get_ASBib_ref.cgi?db=el&amp;db_id=1406&amp;comment_code=&amp;element=Ne&amp;spectr_charge=2&amp;ref=1406&amp;type=
322.957179,2.1e-05,360000000.0,274409.083,305364.004,2s22p4(1D)3p,2F°,7/2,2s22p4(1D)3d,2G,9/2,,https://physics.nist.gov/cgi-bin/ASBib1/get_ASBib_ref.cgi?db=tp&amp;db_id=8043&amp;comment_code=&amp;element=Ne&amp;spectr_charge=2&amp;ref=8043&amp;type=,https://physics.nist.gov/cgi-bin/ASBib1/get_ASBib_ref.cgi?db=el&amp;db_id=5951&amp;comment_code=&amp;element=Ne&amp;spectr_charge=2&amp;ref=5951&amp;type=
323.006993,1.4000000000000001e-05,180000000.0,246394.1202,277344.2675,2s22p4(1D)3s,2D,5/2,2s22p4(1D)3p,2D°,5/2,,https://physics.nist.gov/cgi-bin/ASBib1/get_ASBib_ref.cgi?db=tp&amp;db_id=867&amp;comment_code=LS&amp;element=Ne&amp;spectr_charge=2&amp;ref=867&amp;type=,https://physics.nist.gov/cgi-bin/ASBib1/get_ASBib_ref.cgi?db=el&amp;db_id=5951&amp;comment_code=&amp;element=Ne&amp;spectr_charge=2&amp;ref=5951&amp;type=
323.042073,1.6e-05,14000000.0,246397.481,277344.2675,2s22p4(1D)3s,2D,3/2,2s22p4(1D)3p,2D°,5/2,,https://physics.nist.gov/cgi-bin/ASBib1/get_ASBib_ref.cgi?db=tp&amp;db_id=867&amp;comment_code=LS&amp;element=Ne&amp;spectr_charge=2&amp;ref=867&amp;type=,https://physics.nist.gov/cgi-bin/ASBib1/get_ASBib_ref.cgi?db=el&amp;db_id=5951&amp;comment_code=&amp;element=Ne&amp;spectr_charge=2&amp;ref=5951&amp;type=
323.202193,2.2e-05,27000000.0,246394.1202,277325.5757,2s22p4(1D)3s,2D,5/2,2s22p4(1D)3p,2D°,3/2,,https://physics.nist.gov/cgi-bin/ASBib1/get_ASBib_ref.cgi?db=tp&amp;db_id=867&amp;comment_code=LS&amp;element=Ne&amp;spectr_charge=2&amp;ref=867&amp;type=,https://physics.nist.gov/cgi-bin/ASBib1/get_ASBib_ref.cgi?db=el&amp;db_id=1406&amp;comment_code=&amp;element=Ne&amp;spectr_charge=2&amp;ref=1406&amp;type=
323.229009,2.2e-05,3300000.0,249839.6186,280768.508,2s22p4(3P)3p,4D°,1/2,2s22p4(3P)3d,4P,1/2,,https://physics.nist.gov/cgi-bin/ASBib1/get_ASBib_ref.cgi?db=tp&amp;db_id=380&amp;comment_code=&amp;element=Ne&amp;spectr_charge=2&amp;ref=380&amp;type=,
323.237315,2.1e-05,160000000.0,246397.481,277325.5757,2s22p4(1D)3s,2D,3/2,2s22p4(1D)3p,2D°,3/2,,https://physics.nist.gov/cgi-bin/ASBib1/get_ASBib_ref.cgi?db=tp&amp;db_id=867&amp;comment_code=LS&amp;element=Ne&amp;spectr_charge=2&amp;ref=867&amp;type=,https://physics.nist.gov/cgi-bin/ASBib1/get_ASBib_ref.cgi?db=el&amp;db_id=5951&amp;comment_code=&amp;element=Ne&amp;spectr_charge=2&amp;ref=5951&amp;type=
324.339658,1.6e-05,23000000.0,249445.9632,280268.9453,2s22p4(3P)3p,4D°,5/2,2s22p4(3P)3d,2D,5/2,,https://physics.nist.gov/cgi-bin/ASBib1/get_ASBib_ref.cgi?db=tp&amp;db_id=380&amp;comment_code=&amp;element=Ne&amp;spectr_charge=2&amp;ref=380&amp;type=,https://physics.nist.gov/cgi-bin/ASBib1/get_ASBib_ref.cgi?db=el&amp;db_id=5951&amp;comment_code=&amp;element=Ne&amp;spectr_charge=2&amp;ref=5951&amp;type=
324.409430,2.1e-05,150000000.0,249445.9632,280262.3163,2s22p4(3P)3p,4D°,5/2,2s22p4(3P)3d,2F,7/2,,https://physics.nist.gov/cgi-bin/ASBib1/get_ASBib_ref.cgi?db=tp&amp;db_id=380&amp;comment_code=&amp;element=Ne&amp;spectr_charge=2&amp;ref=380&amp;type=,https://physics.nist.gov/cgi-bin/ASBib1/get_ASBib_ref.cgi?db=el&amp;db_id=5951&amp;comment_code=&amp;element=Ne&amp;spectr_charge=2&amp;ref=5951&amp;type=
324.813171,2.1e-05,24000000.0,249695.5051,280473.555,2s22p4(3P)3p,4D°,3/2,2s22p4(3P)3d,2D,3/2,,https://physics.nist.gov/cgi-bin/ASBib1/get_ASBib_ref.cgi?db=tp&amp;db_id=380&amp;comment_code=&amp;element=Ne&amp;spectr_charge=2&amp;ref=380&amp;type=,https://physics.nist.gov/cgi-bin/ASBib1/get_ASBib_ref.cgi?db=el&amp;db_id=5951&amp;comment_code=&amp;element=Ne&amp;spectr_charge=2&amp;ref=5951&amp;type=
325.542228,2.1e-05,3800000.0,251011.1511,281720.2755,2s22p4(3P)3p,2D°,5/2,2s22p4(3P)3d,2P,3/2,,https://physics.nist.gov/cgi-bin/ASBib1/get_ASBib_ref.cgi?db=tp&amp;db_id=380&amp;comment_code=&amp;element=Ne&amp;spectr_charge=2&amp;ref=380&amp;type=,https://physics.nist.gov/cgi-bin/ASBib1/get_ASBib_ref.cgi?db=el&amp;db_id=5951&amp;comment_code=&amp;element=Ne&amp;spectr_charge=2&amp;ref=5951&amp;type=
326.341267,2.2e-05,39000000.0,249839.6186,280473.555,2s22p4(3P)3p,4D°,1/2,2s22p4(3P)3d,2D,3/2,,https://physics.nist.gov/cgi-bin/ASBib1/get_ASBib_ref.cgi?db=tp&amp;db_id=380&amp;comment_code=&amp;element=Ne&amp;spectr_charge=2&amp;ref=380&amp;type=,https://physics.nist.gov/cgi-bin/ASBib1/get_ASBib_ref.cgi?db=el&amp;db_id=5951&amp;comment_code=&amp;element=Ne&amp;spectr_charge=2&amp;ref=5951&amp;type=
326.987026,2.1e-05,51000000.0,249695.5051,280268.9453,2s22p4(3P)3p,4D°,3/2,2s22p4(3P)3d,2D,5/2,,https://physics.nist.gov/cgi-bin/ASBib1/get_ASBib_ref.cgi?db=tp&amp;db_id=380&amp;comment_code=&amp;element=Ne&amp;spectr_charge=2&amp;ref=380&amp;type=,https://physics.nist.gov/cgi-bin/ASBib1/get_ASBib_ref.cgi?db=el&amp;db_id=5951&amp;comment_code=&amp;element=Ne&amp;spectr_charge=2&amp;ref=5951&amp;type=
327.080061,1.4999999999999999e-05,5700000.0,219130.7609,249695.5051,2s22p4(3P)3s,4P,5/2,2s22p4(3P)3p,4D°,3/2,,https://physics.nist.gov/cgi-bin/ASBib1/get_ASBib_ref.cgi?db=tp&amp;db_id=867&amp;comment_code=LS&amp;element=Ne&amp;spectr_charge=2&amp;ref=867&amp;type=,https://physics.nist.gov/cgi-bin/ASBib1/get_ASBib_ref.cgi?db=el&amp;db_id=1406&amp;comment_code=&amp;element=Ne&amp;spectr_charge=2&amp;ref=1406&amp;type=
329.772537,1.4000000000000001e-05,43000000.0,219130.7609,249445.9632,2s22p4(3P)3s,4P,5/2,2s22p4(3P)3p,4D°,5/2,,https://physics.nist.gov/cgi-bin/ASBib1/get_ASBib_ref.cgi?db=tp&amp;db_id=867&amp;comment_code=LS&amp;element=Ne&amp;spectr_charge=2&amp;ref=867&amp;type=,https://physics.nist.gov/cgi-bin/ASBib1/get_ASBib_ref.cgi?db=el&amp;db_id=5951&amp;comment_code=&amp;element=Ne&amp;spectr_charge=2&amp;ref=5951&amp;type=
330.974002,1.4000000000000001e-05,31000000.0,224087.0092,254292.1683,2s22p4(3P)3s,2P,3/2,2s22p4(3P)3p,2P°,1/2,,https://physics.nist.gov/cgi-bin/ASBib1/get_ASBib_ref.cgi?db=tp&amp;db_id=867&amp;comment_code=LS&amp;element=Ne&amp;spectr_charge=2&amp;ref=867&amp;type=,https://physics.nist.gov/cgi-bin/ASBib1/get_ASBib_ref.cgi?db=el&amp;db_id=5951&amp;comment_code=&amp;element=Ne&amp;spectr_charge=2&amp;ref=5951&amp;type=
331.050509,1.7e-05,6900000.0,251522.0967,281720.2755,2s22p4(3P)3p,2D°,3/2,2s22p4(3P)3d,2P,3/2,,https://physics.nist.gov/cgi-bin/ASBib1/get_ASBib_ref.cgi?db=tp&amp;db_id=380&amp;comment_code=&amp;element=Ne&amp;spectr_charge=2&amp;ref=380&amp;type=,https://physics.nist.gov/cgi-bin/ASBib1/get_ASBib_ref.cgi?db=el&amp;db_id=1406&amp;comment_code=&amp;element=Ne&amp;spectr_charge=2&amp;ref=1406&amp;type=
331.127103,1.4999999999999999e-05,26000000.0,219648.4248,249839.6186,2s22p4(3P)3s,4P,3/2,2s22p4(3P)3p,4D°,1/2,,https://physics.nist.gov/cgi-bin/ASBib1/get_ASBib_ref.cgi?db=tp&amp;db_id=867&amp;comment_code=LS&amp;element=Ne&amp;spectr_charge=2&amp;ref=867&amp;type=,https://physics.nist.gov/cgi-bin/ASBib1/get_ASBib_ref.cgi?db=el&amp;db_id=5951&amp;comment_code=&amp;element=Ne&amp;spectr_charge=2&amp;ref=5951&amp;type=
331.467333,1.7e-05,4400000.0,251011.1511,281171.3566,2s22p4(3P)3p,2D°,5/2,2s22p4(3P)3d,4P,5/2,,https://physics.nist.gov/cgi-bin/ASBib1/get_ASBib_ref.cgi?db=tp&amp;db_id=380&amp;comment_code=&amp;element=Ne&amp;spectr_charge=2&amp;ref=380&amp;type=,https://physics.nist.gov/cgi-bin/ASBib1/get_ASBib_ref.cgi?db=el&amp;db_id=5951&amp;comment_code=&amp;element=Ne&amp;spectr_charge=2&amp;ref=5951&amp;type=
331.972421,2.2e-05,160000000.0,246397.481,276511.8,2s22p4(1D)3s,2D,3/2,2s22p4(1D)3p,2P°,1/2,,https://physics.nist.gov/cgi-bin/ASBib1/get_ASBib_ref.cgi?db=tp&amp;db_id=867&amp;comment_code=LS&amp;element=Ne&amp;spectr_charge=2&amp;ref=867&amp;type=,https://physics.nist.gov/cgi-bin/ASBib1/get_ASBib_ref.cgi?db=el&amp;db_id=1406&amp;comment_code=&amp;element=Ne&amp;spectr_charge=2&amp;ref=1406&amp;type=
332.019734,2.2e-05,21000000.0,249108.6138,279218.6416,2s22p4(3P)3p,4D°,7/2,2s22p4(3P)3d,4D,5/2,,https://physics.nist.gov/cgi-bin/ASBib1/get_ASBib_ref.cgi?db=tp&amp;db_id=380&amp;comment_code=&amp;element=Ne&amp;spectr_charge=2&amp;ref=380&amp;type=,https://physics.nist.gov/cgi-bin/ASBib1/get_ASBib_ref.cgi?db=el&amp;db_id=5951&amp;comment_code=&amp;element=Ne&amp;spectr_charge=2&amp;ref=5951&amp;type=
332.373514,1.3000000000000001e-05,160000000.0,224087.0092,254164.9888,2s22p4(3P)3s,2P,3/2,2s22p4(3P)3p,2P°,3/2,,https://physics.nist.gov/cgi-bin/ASBib1/get_ASBib_ref.cgi?db=tp&amp;db_id=867&amp;comment_code=LS&amp;element=Ne&amp;spectr_charge=2&amp;ref=867&amp;type=,https://physics.nist.gov/cgi-bin/ASBib1/get_ASBib_ref.cgi?db=el&amp;db_id=5951&amp;comment_code=&amp;element=Ne&amp;spectr_charge=2&amp;ref=5951&amp;type=
332.715326,1.4999999999999999e-05,91000000.0,219648.4248,249695.5051,2s22p4(3P)3s,4P,3/2,2s22p4(3P)3p,4D°,3/2,,https://physics.nist.gov/cgi-bin/ASBib1/get_ASBib_ref.cgi?db=tp&amp;db_id=867&amp;comment_code=LS&amp;element=Ne&amp;spectr_charge=2&amp;ref=867&amp;type=,https://physics.nist.gov/cgi-bin/ASBib1/get_ASBib_ref.cgi?db=el&amp;db_id=5951&amp;comment_code=&amp;element=Ne&amp;spectr_charge=2&amp;ref=5951&amp;type=
332.915753,2.3e-05,88000000.0,249108.6138,279137.6053,2s22p4(3P)3p,4D°,7/2,2s22p4(3P)3d,4D,7/2,,https://physics.nist.gov/cgi-bin/ASBib1/get_ASBib_ref.cgi?db=tp&amp;db_id=380&amp;comment_code=&amp;element=Ne&amp;spectr_charge=2&amp;ref=380&amp;type=,https://physics.nist.gov/cgi-bin/ASBib1/get_ASBib_ref.cgi?db=el&amp;db_id=5951&amp;comment_code=&amp;element=Ne&amp;spectr_charge=2&amp;ref=5951&amp;type=
333.073372,2.3e-05,3900000.0,251011.1511,281025.9326,2s22p4(3P)3p,2D°,5/2,2s22p4(3P)3d,2F,5/2,,https://physics.nist.gov/cgi-bin/ASBib1/get_ASBib_ref.cgi?db=tp&amp;db_id=380&amp;comment_code=&amp;element=Ne&amp;spectr_charge=2&amp;ref=380&amp;type=,https://physics.nist.gov/cgi-bin/ASBib1/get_ASBib_ref.cgi?db=el&amp;db_id=5951&amp;comment_code=&amp;element=Ne&amp;spectr_charge=2&amp;ref=5951&amp;type=
333.477913,2.2e-05,3000000.0,251011.1511,280989.5229,2s22p4(3P)3p,2D°,5/2,2s22p4(3P)3d,4P,3/2,,https://physics.nist.gov/cgi-bin/ASBib1/get_ASBib_ref.cgi?db=tp&amp;db_id=380&amp;comment_code=&amp;element=Ne&amp;spectr_charge=2&amp;ref=380&amp;type=,
333.483686,1.4999999999999999e-05,180000000.0,219130.7609,249108.6138,2s22p4(3P)3s,4P,5/2,2s22p4(3P)3p,4D°,7/2,,https://physics.nist.gov/cgi-bin/ASBib1/get_ASBib_ref.cgi?db=tp&amp;db_id=867&amp;comment_code=LS&amp;element=Ne&amp;spectr_charge=2&amp;ref=867&amp;type=,https://physics.nist.gov/cgi-bin/ASBib1/get_ASBib_ref.cgi?db=el&amp;db_id=5951&amp;comment_code=&amp;element=Ne&amp;spectr_charge=2&amp;ref=5951&amp;type=
333.609234,2.2e-05,110000000.0,276276.8361,306243.4077,2s22p4(1D)3p,2P°,3/2,2s22p4(1D)3d,2D,5/2,,https://physics.nist.gov/cgi-bin/ASBib1/get_ASBib_ref.cgi?db=tp&amp;db_id=8043&amp;comment_code=&amp;element=Ne&amp;spectr_charge=2&amp;ref=8043&amp;type=,https://physics.nist.gov/cgi-bin/ASBib1/get_ASBib_ref.cgi?db=el&amp;db_id=5951&amp;comment_code=&amp;element=Ne&amp;spectr_charge=2&amp;ref=5951&amp;type=
334.439578,1.6e-05,150000000.0,219947.4453,249839.6186,2s22p4(3P)3s,4P,1/2,2s22p4(3P)3p,4D°,1/2,,https://physics.nist.gov/cgi-bin/ASBib1/get_ASBib_ref.cgi?db=tp&amp;db_id=867&amp;comment_code=LS&amp;element=Ne&amp;spectr_charge=2&amp;ref=867&amp;type=,https://physics.nist.gov/cgi-bin/ASBib1/get_ASBib_ref.cgi?db=el&amp;db_id=5951&amp;comment_code=&amp;element=Ne&amp;spectr_charge=2&amp;ref=5951&amp;type=
334.545426,1.4000000000000001e-05,140000000.0,246394.1202,276276.8361,2s22p4(1D)3s,2D,5/2,2s22p4(1D)3p,2P°,3/2,,https://physics.nist.gov/cgi-bin/ASBib1/get_ASBib_ref.cgi?db=tp&amp;db_id=867&amp;comment_code=LS&amp;element=Ne&amp;spectr_charge=2&amp;ref=867&amp;type=,https://physics.nist.gov/cgi-bin/ASBib1/get_ASBib_ref.cgi?db=el&amp;db_id=5951&amp;comment_code=&amp;element=Ne&amp;spectr_charge=2&amp;ref=5951&amp;type=
334.583056,1.4999999999999999e-05,22000000.0,246397.481,276276.8361,2s22p4(1D)3s,2D,3/2,2s22p4(1D)3p,2P°,3/2,,https://physics.nist.gov/cgi-bin/ASBib1/get_ASBib_ref.cgi?db=tp&amp;db_id=867&amp;comment_code=LS&amp;element=Ne&amp;spectr_charge=2&amp;ref=867&amp;type=,https://physics.nist.gov/cgi-bin/ASBib1/get_ASBib_ref.cgi?db=el&amp;db_id=5951&amp;comment_code=&amp;element=Ne&amp;spectr_charge=2&amp;ref=5951&amp;type=
334.588040,2.2e-05,22000000.0,249445.9632,279324.8733,2s22p4(3P)3p,4D°,5/2,2s22p4(3P)3d,4D,3/2,,https://physics.nist.gov/cgi-bin/ASBib1/get_ASBib_ref.cgi?db=tp&amp;db_id=380&amp;comment_code=&amp;element=Ne&amp;spectr_charge=2&amp;ref=380&amp;type=,
335.35674,2.9999999999999997e-05,12000000.0,251522.0967,281332.521,2s22p4(3P)3p,2D°,3/2,2s22p4(3P)3d,2P,1/2,,https://physics.nist.gov/cgi-bin/ASBib1/get_ASBib_ref.cgi?db=tp&amp;db_id=380&amp;comment_code=&amp;element=Ne&amp;spectr_charge=2&amp;ref=380&amp;type=,https://physics.nist.gov/cgi-bin/ASBib1/get_ASBib_ref.cgi?db=el&amp;db_id=5951&amp;comment_code=&amp;element=Ne&amp;spectr_charge=2&amp;ref=5951&amp;type=
335.501769,1.4000000000000001e-05,130000000.0,219648.4248,249445.9632,2s22p4(3P)3s,4P,3/2,2s22p4(3P)3p,4D°,5/2,,https://physics.nist.gov/cgi-bin/ASBib1/get_ASBib_ref.cgi?db=tp&amp;db_id=867&amp;comment_code=LS&amp;element=Ne&amp;spectr_charge=2&amp;ref=867&amp;type=,https://physics.nist.gov/cgi-bin/ASBib1/get_ASBib_ref.cgi?db=el&amp;db_id=5951&amp;comment_code=&amp;element=Ne&amp;spectr_charge=2&amp;ref=5951&amp;type=
335.630752,2.3e-05,20000000.0,251011.1511,280797.2387,2s22p4(3P)3p,2D°,5/2,2s22p4(3P)3d,4F,5/2,,https://physics.nist.gov/cgi-bin/ASBib1/get_ASBib_ref.cgi?db=tp&amp;db_id=380&amp;comment_code=&amp;element=Ne&amp;spectr_charge=2&amp;ref=380&amp;type=,https://physics.nist.gov/cgi-bin/ASBib1/get_ASBib_ref.cgi?db=el&amp;db_id=5951&amp;comment_code=&amp;element=Ne&amp;spectr_charge=2&amp;ref=5951&amp;type=
335.781920,1.6e-05,50000000.0,249445.9632,279218.6416,2s22p4(3P)3p,4D°,5/2,2s22p4(3P)3d,4D,5/2,,https://physics.nist.gov/cgi-bin/ASBib1/get_ASBib_ref.cgi?db=tp&amp;db_id=380&amp;comment_code=&amp;element=Ne&amp;spectr_charge=2&amp;ref=380&amp;type=,https://physics.nist.gov/cgi-bin/ASBib1/get_ASBib_ref.cgi?db=el&amp;db_id=5951&amp;comment_code=&amp;element=Ne&amp;spectr_charge=2&amp;ref=5951&amp;type=
336.02711,2.9999999999999997e-05,86000000.0,276511.8,306262.755,2s22p4(1D)3p,2P°,1/2,2s22p4(1D)3d,2D,3/2,,https://physics.nist.gov/cgi-bin/ASBib1/get_ASBib_ref.cgi?db=tp&amp;db_id=8043&amp;comment_code=&amp;element=Ne&amp;spectr_charge=2&amp;ref=8043&amp;type=,https://physics.nist.gov/cgi-bin/ASBib1/get_ASBib_ref.cgi?db=el&amp;db_id=1406&amp;comment_code=&amp;element=Ne&amp;spectr_charge=2&amp;ref=1406&amp;type=
336.059812,1.7e-05,82000000.0,219947.4453,249695.5051,2s22p4(3P)3s,4P,1/2,2s22p4(3P)3p,4D°,3/2,,https://physics.nist.gov/cgi-bin/ASBib1/get_ASBib_ref.cgi?db=tp&amp;db_id=867&amp;comment_code=LS&amp;element=Ne&amp;spectr_charge=2&amp;ref=867&amp;type=,https://physics.nist.gov/cgi-bin/ASBib1/get_ASBib_ref.cgi?db=el&amp;db_id=1406&amp;comment_code=&amp;element=Ne&amp;spectr_charge=2&amp;ref=1406&amp;type=
336.29378,2.9999999999999997e-05,35000000.0,249695.5051,279422.869,2s22p4(3P)3p,4D°,3/2,2s22p4(3P)3d,4D,1/2,,https://physics.nist.gov/cgi-bin/ASBib1/get_ASBib_ref.cgi?db=tp&amp;db_id=380&amp;comment_code=&amp;element=Ne&amp;spectr_charge=2&amp;ref=380&amp;type=,https://physics.nist.gov/cgi-bin/ASBib1/get_ASBib_ref.cgi?db=el&amp;db_id=5951&amp;comment_code=&amp;element=Ne&amp;spectr_charge=2&amp;ref=5951&amp;type=
336.698386,2.3e-05,3500000.0,249445.9632,279137.6053,2s22p4(3P)3p,4D°,5/2,2s22p4(3P)3d,4D,7/2,,https://physics.nist.gov/cgi-bin/ASBib1/get_ASBib_ref.cgi?db=tp&amp;db_id=380&amp;comment_code=&amp;element=Ne&amp;spectr_charge=2&amp;ref=380&amp;type=,https://physics.nist.gov/cgi-bin/ASBib1/get_ASBib_ref.cgi?db=el&amp;db_id=1406&amp;comment_code=&amp;element=Ne&amp;spectr_charge=2&amp;ref=1406&amp;type=
336.721642,1.7e-05,100000000.0,251011.1511,280700.7426,2s22p4(3P)3p,2D°,5/2,2s22p4(3P)3d,4F,7/2,,https://physics.nist.gov/cgi-bin/ASBib1/get_ASBib_ref.cgi?db=tp&amp;db_id=380&amp;comment_code=&amp;element=Ne&amp;spectr_charge=2&amp;ref=380&amp;type=,https://physics.nist.gov/cgi-bin/ASBib1/get_ASBib_ref.cgi?db=el&amp;db_id=5951&amp;comment_code=&amp;element=Ne&amp;spectr_charge=2&amp;ref=5951&amp;type=
337.179696,1.7e-05,22000000.0,251522.0967,281171.3566,2s22p4(3P)3p,2D°,3/2,2s22p4(3P)3d,4P,5/2,,https://physics.nist.gov/cgi-bin/ASBib1/get_ASBib_ref.cgi?db=tp&amp;db_id=380&amp;comment_code=&amp;element=Ne&amp;spectr_charge=2&amp;ref=380&amp;type=,https://physics.nist.gov/cgi-bin/ASBib1/get_ASBib_ref.cgi?db=el&amp;db_id=1406&amp;comment_code=&amp;element=Ne&amp;spectr_charge=2&amp;ref=1406&amp;type=
337.406069,2.3e-05,30000000.0,249695.5051,279324.8733,2s22p4(3P)3p,4D°,3/2,2s22p4(3P)3d,4D,3/2,,https://physics.nist.gov/cgi-bin/ASBib1/get_ASBib_ref.cgi?db=tp&amp;db_id=380&amp;comment_code=&amp;element=Ne&amp;spectr_charge=2&amp;ref=380&amp;type=,https://physics.nist.gov/cgi-bin/ASBib1/get_ASBib_ref.cgi?db=el&amp;db_id=5951&amp;comment_code=&amp;element=Ne&amp;spectr_charge=2&amp;ref=5951&amp;type=
337.821915,1.4000000000000001e-05,170000000.0,224699.2716,254292.1683,2s22p4(3P)3s,2P,1/2,2s22p4(3P)3p,2P°,1/2,,https://physics.nist.gov/cgi-bin/ASBib1/get_ASBib_ref.cgi?db=tp&amp;db_id=867&amp;comment_code=LS&amp;element=Ne&amp;spectr_charge=2&amp;ref=867&amp;type=,https://physics.nist.gov/cgi-bin/ASBib1/get_ASBib_ref.cgi?db=el&amp;db_id=5951&amp;comment_code=&amp;element=Ne&amp;spectr_charge=2&amp;ref=5951&amp;type=
337.93207,4e-05,30000000.0,249839.6186,279422.869,2s22p4(3P)3p,4D°,1/2,2s22p4(3P)3d,4D,1/2,,https://physics.nist.gov/cgi-bin/ASBib1/get_ASBib_ref.cgi?db=tp&amp;db_id=380&amp;comment_code=&amp;element=Ne&amp;spectr_charge=2&amp;ref=380&amp;type=,https://physics.nist.gov/cgi-bin/ASBib1/get_ASBib_ref.cgi?db=el&amp;db_id=5951&amp;comment_code=&amp;element=Ne&amp;spectr_charge=2&amp;ref=5951&amp;type=
338.620180,2.4e-05,5500000.0,249695.5051,279218.6416,2s22p4(3P)3p,4D°,3/2,2s22p4(3P)3d,4D,5/2,,https://physics.nist.gov/cgi-bin/ASBib1/get_ASBib_ref.cgi?db=tp&amp;db_id=380&amp;comment_code=&amp;element=Ne&amp;spectr_charge=2&amp;ref=380&amp;type=,https://physics.nist.gov/cgi-bin/ASBib1/get_ASBib_ref.cgi?db=el&amp;db_id=5951&amp;comment_code=&amp;element=Ne&amp;spectr_charge=2&amp;ref=5951&amp;type=
338.841703,1.4999999999999999e-05,220000000.0,251522.0967,281025.9326,2s22p4(3P)3p,2D°,3/2,2s22p4(3P)3d,2F,5/2,,https://physics.nist.gov/cgi-bin/ASBib1/get_ASBib_ref.cgi?db=tp&amp;db_id=380&amp;comment_code=&amp;element=Ne&amp;spectr_charge=2&amp;ref=380&amp;type=,https://physics.nist.gov/cgi-bin/ASBib1/get_ASBib_ref.cgi?db=el&amp;db_id=5951&amp;comment_code=&amp;element=Ne&amp;spectr_charge=2&amp;ref=5951&amp;type=
339.055243,2.3e-05,7700000.0,249839.6186,279324.8733,2s22p4(3P)3p,4D°,1/2,2s22p4(3P)3d,4D,3/2,,https://physics.nist.gov/cgi-bin/ASBib1/get_ASBib_ref.cgi?db=tp&amp;db_id=380&amp;comment_code=&amp;element=Ne&amp;spectr_charge=2&amp;ref=380&amp;type=,https://physics.nist.gov/cgi-bin/ASBib1/get_ASBib_ref.cgi?db=el&amp;db_id=5951&amp;comment_code=&amp;element=Ne&amp;spectr_charge=2&amp;ref=5951&amp;type=
339.260386,2.3e-05,14000000.0,251522.0967,280989.5229,2s22p4(3P)3p,2D°,3/2,2s22p4(3P)3d,4P,3/2,,https://physics.nist.gov/cgi-bin/ASBib1/get_ASBib_ref.cgi?db=tp&amp;db_id=380&amp;comment_code=&amp;element=Ne&amp;spectr_charge=2&amp;ref=380&amp;type=,https://physics.nist.gov/cgi-bin/ASBib1/get_ASBib_ref.cgi?db=el&amp;db_id=1406&amp;comment_code=&amp;element=Ne&amp;spectr_charge=2&amp;ref=1406&amp;type=
339.280064,1.4000000000000001e-05,44000000.0,224699.2716,254164.9888,2s22p4(3P)3s,2P,1/2,2s22p4(3P)3p,2P°,3/2,,https://physics.nist.gov/cgi-bin/ASBib1/get_ASBib_ref.cgi?db=tp&amp;db_id=867&amp;comment_code=LS&amp;element=Ne&amp;spectr_charge=2&amp;ref=867&amp;type=,https://physics.nist.gov/cgi-bin/ASBib1/get_ASBib_ref.cgi?db=el&amp;db_id=5951&amp;comment_code=&amp;element=Ne&amp;spectr_charge=2&amp;ref=5951&amp;type=
339.318220,2.3e-05,2200000.0,251011.1511,280473.555,2s22p4(3P)3p,2D°,5/2,2s22p4(3P)3d,2D,3/2,,https://physics.nist.gov/cgi-bin/ASBib1/get_ASBib_ref.cgi?db=tp&amp;db_id=380&amp;comment_code=&amp;element=Ne&amp;spectr_charge=2&amp;ref=380&amp;type=,https://physics.nist.gov/cgi-bin/ASBib1/get_ASBib_ref.cgi?db=el&amp;db_id=1406&amp;comment_code=&amp;element=Ne&amp;spectr_charge=2&amp;ref=1406&amp;type=
339.749791,2.3e-05,4900000.0,251522.0967,280947.0768,2s22p4(3P)3p,2D°,3/2,2s22p4(3P)3d,4F,3/2,,https://physics.nist.gov/cgi-bin/ASBib1/get_ASBib_ref.cgi?db=tp&amp;db_id=380&amp;comment_code=&amp;element=Ne&amp;spectr_charge=2&amp;ref=380&amp;type=,
340.482095,2.3e-05,190000000.0,277325.5757,306687.271,2s22p4(1D)3p,2D°,3/2,2s22p4(1D)3d,2F,5/2,,https://physics.nist.gov/cgi-bin/ASBib1/get_ASBib_ref.cgi?db=tp&amp;db_id=8043&amp;comment_code=&amp;element=Ne&amp;spectr_charge=2&amp;ref=8043&amp;type=,https://physics.nist.gov/cgi-bin/ASBib1/get_ASBib_ref.cgi?db=el&amp;db_id=5951&amp;comment_code=&amp;element=Ne&amp;spectr_charge=2&amp;ref=5951&amp;type=
340.694545,2.4e-05,230000000.0,277344.2675,306687.654,2s22p4(1D)3p,2D°,5/2,2s22p4(1D)3d,2F,7/2,,https://physics.nist.gov/cgi-bin/ASBib1/get_ASBib_ref.cgi?db=tp&amp;db_id=8043&amp;comment_code=&amp;element=Ne&amp;spectr_charge=2&amp;ref=8043&amp;type=,https://physics.nist.gov/cgi-bin/ASBib1/get_ASBib_ref.cgi?db=el&amp;db_id=5951&amp;comment_code=&amp;element=Ne&amp;spectr_charge=2&amp;ref=5951&amp;type=
341.13603,5.9999999999999995e-05,61000000.0,276276.8361,305582.249,2s22p4(1D)3p,2P°,3/2,2s22p4(1D)3d,2P,1/2,,https://physics.nist.gov/cgi-bin/ASBib1/get_ASBib_ref.cgi?db=tp&amp;db_id=8043&amp;comment_code=&amp;element=Ne&amp;spectr_charge=2&amp;ref=8043&amp;type=,https://physics.nist.gov/cgi-bin/ASBib1/get_ASBib_ref.cgi?db=el&amp;db_id=5951&amp;comment_code=&amp;element=Ne&amp;spectr_charge=2&amp;ref=5951&amp;type=
341.314531,2.3e-05,180000000.0,276276.8361,305566.923,2s22p4(1D)3p,2P°,3/2,2s22p4(1D)3d,2P,3/2,,https://physics.nist.gov/cgi-bin/ASBib1/get_ASBib_ref.cgi?db=tp&amp;db_id=8043&amp;comment_code=&amp;element=Ne&amp;spectr_charge=2&amp;ref=8043&amp;type=,https://physics.nist.gov/cgi-bin/ASBib1/get_ASBib_ref.cgi?db=el&amp;db_id=5951&amp;comment_code=&amp;element=Ne&amp;spectr_charge=2&amp;ref=5951&amp;type=
341.488777,2.3e-05,1800000.0,251522.0967,280797.2387,2s22p4(3P)3p,2D°,3/2,2s22p4(3P)3d,4F,5/2,,https://physics.nist.gov/cgi-bin/ASBib1/get_ASBib_ref.cgi?db=tp&amp;db_id=380&amp;comment_code=&amp;element=Ne&amp;spectr_charge=2&amp;ref=380&amp;type=,https://physics.nist.gov/cgi-bin/ASBib1/get_ASBib_ref.cgi?db=el&amp;db_id=5951&amp;comment_code=&amp;element=Ne&amp;spectr_charge=2&amp;ref=5951&amp;type=
341.691262,1.6e-05,64000000.0,251011.1511,280268.9453,2s22p4(3P)3p,2D°,5/2,2s22p4(3P)3d,2D,5/2,,https://physics.nist.gov/cgi-bin/ASBib1/get_ASBib_ref.cgi?db=tp&amp;db_id=380&amp;comment_code=&amp;element=Ne&amp;spectr_charge=2&amp;ref=380&amp;type=,https://physics.nist.gov/cgi-bin/ASBib1/get_ASBib_ref.cgi?db=el&amp;db_id=5951&amp;comment_code=&amp;element=Ne&amp;spectr_charge=2&amp;ref=5951&amp;type=
341.768699,1.6e-05,160000000.0,251011.1511,280262.3163,2s22p4(3P)3p,2D°,5/2,2s22p4(3P)3d,2F,7/2,,https://physics.nist.gov/cgi-bin/ASBib1/get_ASBib_ref.cgi?db=tp&amp;db_id=380&amp;comment_code=&amp;element=Ne&amp;spectr_charge=2&amp;ref=380&amp;type=,https://physics.nist.gov/cgi-bin/ASBib1/get_ASBib_ref.cgi?db=el&amp;db_id=5951&amp;comment_code=&amp;element=Ne&amp;spectr_charge=2&amp;ref=5951&amp;type=
343.89337,5.9999999999999995e-05,140000000.0,276511.8,305582.249,2s22p4(1D)3p,2P°,1/2,2s22p4(1D)3d,2P,1/2,,https://physics.nist.gov/cgi-bin/ASBib1/get_ASBib_ref.cgi?db=tp&amp;db_id=8043&amp;comment_code=&amp;element=Ne&amp;spectr_charge=2&amp;ref=8043&amp;type=,https://physics.nist.gov/cgi-bin/ASBib1/get_ASBib_ref.cgi?db=el&amp;db_id=1406&amp;comment_code=&amp;element=Ne&amp;spectr_charge=2&amp;ref=1406&amp;type=
344.07477,4e-05,35000000.0,276511.8,305566.923,2s22p4(1D)3p,2P°,1/2,2s22p4(1D)3d,2P,3/2,,https://physics.nist.gov/cgi-bin/ASBib1/get_ASBib_ref.cgi?db=tp&amp;db_id=8043&amp;comment_code=&amp;element=Ne&amp;spectr_charge=2&amp;ref=8043&amp;type=,https://physics.nist.gov/cgi-bin/ASBib1/get_ASBib_ref.cgi?db=el&amp;db_id=5951&amp;comment_code=&amp;element=Ne&amp;spectr_charge=2&amp;ref=5951&amp;type=
345.306814,2.4e-05,46000000.0,251522.0967,280473.555,2s22p4(3P)3p,2D°,3/2,2s22p4(3P)3d,2D,3/2,,https://physics.nist.gov/cgi-bin/ASBib1/get_ASBib_ref.cgi?db=tp&amp;db_id=380&amp;comment_code=&amp;element=Ne&amp;spectr_charge=2&amp;ref=380&amp;type=,https://physics.nist.gov/cgi-bin/ASBib1/get_ASBib_ref.cgi?db=el&amp;db_id=5951&amp;comment_code=&amp;element=Ne&amp;spectr_charge=2&amp;ref=5951&amp;type=
345.477210,2.4e-05,160000000.0,277325.5757,306262.755,2s22p4(1D)3p,2D°,3/2,2s22p4(1D)3d,2D,3/2,,https://physics.nist.gov/cgi-bin/ASBib1/get_ASBib_ref.cgi?db=tp&amp;db_id=8043&amp;comment_code=&amp;element=Ne&amp;spectr_charge=2&amp;ref=8043&amp;type=,https://physics.nist.gov/cgi-bin/ASBib1/get_ASBib_ref.cgi?db=el&amp;db_id=5951&amp;comment_code=&amp;element=Ne&amp;spectr_charge=2&amp;ref=5951&amp;type=
345.660804,1.8e-05,96000000.0,252798.4654,281720.2755,2s22p4(3P)3p,2S°,1/2,2s22p4(3P)3d,2P,3/2,,https://physics.nist.gov/cgi-bin/ASBib1/get_ASBib_ref.cgi?db=tp&amp;db_id=380&amp;comment_code=&amp;element=Ne&amp;spectr_charge=2&amp;ref=380&amp;type=,https://physics.nist.gov/cgi-bin/ASBib1/get_ASBib_ref.cgi?db=el&amp;db_id=5951&amp;comment_code=&amp;element=Ne&amp;spectr_charge=2&amp;ref=5951&amp;type=
345.708357,2.4e-05,9900000.0,277325.5757,306243.4077,2s22p4(1D)3p,2D°,3/2,2s22p4(1D)3d,2D,5/2,,https://physics.nist.gov/cgi-bin/ASBib1/get_ASBib_ref.cgi?db=tp&amp;db_id=8043&amp;comment_code=&amp;element=Ne&amp;spectr_charge=2&amp;ref=8043&amp;type=,https://physics.nist.gov/cgi-bin/ASBib1/get_ASBib_ref.cgi?db=el&amp;db_id=1406&amp;comment_code=&amp;element=Ne&amp;spectr_charge=2&amp;ref=1406&amp;type=
345.931965,2.4e-05,160000000.0,277344.2675,306243.4077,2s22p4(1D)3p,2D°,5/2,2s22p4(1D)3d,2D,5/2,,https://physics.nist.gov/cgi-bin/ASBib1/get_ASBib_ref.cgi?db=tp&amp;db_id=8043&amp;comment_code=&amp;element=Ne&amp;spectr_charge=2&amp;ref=8043&amp;type=,https://physics.nist.gov/cgi-bin/ASBib1/get_ASBib_ref.cgi?db=el&amp;db_id=5951&amp;comment_code=&amp;element=Ne&amp;spectr_charge=2&amp;ref=5951&amp;type=
346.323005,1.8e-05,2800000.0,224087.0092,252953.5198,2s22p4(3P)3s,2P,3/2,2s22p4(3P)3p,4S°,3/2,,https://physics.nist.gov/cgi-bin/ASBib1/get_ASBib_ref.cgi?db=tp&amp;db_id=380&amp;comment_code=&amp;element=Ne&amp;spectr_charge=2&amp;ref=380&amp;type=,https://physics.nist.gov/cgi-bin/ASBib1/get_ASBib_ref.cgi?db=el&amp;db_id=9088&amp;comment_code=c153&amp;element=Ne&amp;spectr_charge=2&amp;ref=9088&amp;type=
347.523991,2.4e-05,1200000.0,252953.5198,281720.2755,2s22p4(3P)3p,4S°,3/2,2s22p4(3P)3d,2P,3/2,,https://physics.nist.gov/cgi-bin/ASBib1/get_ASBib_ref.cgi?db=tp&amp;db_id=380&amp;comment_code=&amp;element=Ne&amp;spectr_charge=2&amp;ref=380&amp;type=,https://physics.nist.gov/cgi-bin/ASBib1/get_ASBib_ref.cgi?db=el&amp;db_id=1406&amp;comment_code=&amp;element=Ne&amp;spectr_charge=2&amp;ref=1406&amp;type=
347.764657,1.7e-05,43000000.0,251522.0967,280268.9453,2s22p4(3P)3p,2D°,3/2,2s22p4(3P)3d,2D,5/2,,https://physics.nist.gov/cgi-bin/ASBib1/get_ASBib_ref.cgi?db=tp&amp;db_id=380&amp;comment_code=&amp;element=Ne&amp;spectr_charge=2&amp;ref=380&amp;type=,https://physics.nist.gov/cgi-bin/ASBib1/get_ASBib_ref.cgi?db=el&amp;db_id=5951&amp;comment_code=&amp;element=Ne&amp;spectr_charge=2&amp;ref=5951&amp;type=
347.95185,4e-05,160000000.0,276677.1142,305408.498,2s22p4(1S)3s,2S,1/2,2s22p4(1S)3p,2P°,1/2,,https://physics.nist.gov/cgi-bin/ASBib1/get_ASBib_ref.cgi?db=tp&amp;db_id=380&amp;comment_code=&amp;element=Ne&amp;spectr_charge=2&amp;ref=380&amp;type=,https://physics.nist.gov/cgi-bin/ASBib1/get_ASBib_ref.cgi?db=el&amp;db_id=9088&amp;comment_code=&amp;element=Ne&amp;spectr_charge=2&amp;ref=9088&amp;type=
348.071802,1.7e-05,160000000.0,276677.1142,305398.5968,2s22p4(1S)3s,2S,1/2,2s22p4(1S)3p,2P°,3/2,,https://physics.nist.gov/cgi-bin/ASBib1/get_ASBib_ref.cgi?db=tp&amp;db_id=380&amp;comment_code=&amp;element=Ne&amp;spectr_charge=2&amp;ref=380&amp;type=,https://physics.nist.gov/cgi-bin/ASBib1/get_ASBib_ref.cgi?db=el&amp;db_id=5951&amp;comment_code=&amp;element=Ne&amp;spectr_charge=2&amp;ref=5951&amp;type=
348.193357,1.6e-05,140000000.0,224087.0092,252798.4654,2s22p4(3P)3s,2P,3/2,2s22p4(3P)3p,2S°,1/2,,https://physics.nist.gov/cgi-bin/ASBib1/get_ASBib_ref.cgi?db=tp&amp;db_id=867&amp;comment_code=LS&amp;element=Ne&amp;spectr_charge=2&amp;ref=867&amp;type=,https://physics.nist.gov/cgi-bin/ASBib1/get_ASBib_ref.cgi?db=el&amp;db_id=5951&amp;comment_code=&amp;element=Ne&amp;spectr_charge=2&amp;ref=5951&amp;type=
350.358192,2.5e-05,200000000.0,252798.4654,281332.521,2s22p4(3P)3p,2S°,1/2,2s22p4(3P)3d,2P,1/2,,https://physics.nist.gov/cgi-bin/ASBib1/get_ASBib_ref.cgi?db=tp&amp;db_id=380&amp;comment_code=&amp;element=Ne&amp;spectr_charge=2&amp;ref=380&amp;type=,https://physics.nist.gov/cgi-bin/ASBib1/get_ASBib_ref.cgi?db=el&amp;db_id=5951&amp;comment_code=&amp;element=Ne&amp;spectr_charge=2&amp;ref=5951&amp;type=
352.27250,4e-05,2300000.0,252953.5198,281332.521,2s22p4(3P)3p,4S°,3/2,2s22p4(3P)3d,2P,1/2,,https://physics.nist.gov/cgi-bin/ASBib1/get_ASBib_ref.cgi?db=tp&amp;db_id=380&amp;comment_code=&amp;element=Ne&amp;spectr_charge=2&amp;ref=380&amp;type=,https://physics.nist.gov/cgi-bin/ASBib1/get_ASBib_ref.cgi?db=el&amp;db_id=1406&amp;comment_code=&amp;element=Ne&amp;spectr_charge=2&amp;ref=1406&amp;type=
353.79759,5.9999999999999995e-05,76000000.0,277325.5757,305582.249,2s22p4(1D)3p,2D°,3/2,2s22p4(1D)3d,2P,1/2,,https://physics.nist.gov/cgi-bin/ASBib1/get_ASBib_ref.cgi?db=tp&amp;db_id=8043&amp;comment_code=&amp;element=Ne&amp;spectr_charge=2&amp;ref=8043&amp;type=,https://physics.nist.gov/cgi-bin/ASBib1/get_ASBib_ref.cgi?db=el&amp;db_id=5951&amp;comment_code=&amp;element=Ne&amp;spectr_charge=2&amp;ref=5951&amp;type=
353.827959,1.9e-05,900000.0,224699.2716,252953.5198,2s22p4(3P)3s,2P,1/2,2s22p4(3P)3p,4S°,3/2,,https://physics.nist.gov/cgi-bin/ASBib1/get_ASBib_ref.cgi?db=tp&amp;db_id=380&amp;comment_code=&amp;element=Ne&amp;spectr_charge=2&amp;ref=380&amp;type=,https://physics.nist.gov/cgi-bin/ASBib1/get_ASBib_ref.cgi?db=el&amp;db_id=9088&amp;comment_code=c153&amp;element=Ne&amp;spectr_charge=2&amp;ref=9088&amp;type=
353.98960,4e-05,3600000.0,277325.5757,305566.923,2s22p4(1D)3p,2D°,3/2,2s22p4(1D)3d,2P,3/2,,https://physics.nist.gov/cgi-bin/ASBib1/get_ASBib_ref.cgi?db=tp&amp;db_id=8043&amp;comment_code=&amp;element=Ne&amp;spectr_charge=2&amp;ref=8043&amp;type=,https://physics.nist.gov/cgi-bin/ASBib1/get_ASBib_ref.cgi?db=el&amp;db_id=1406&amp;comment_code=&amp;element=Ne&amp;spectr_charge=2&amp;ref=1406&amp;type=
354.22405,2.9999999999999997e-05,60000000.0,277344.2675,305566.923,2s22p4(1D)3p,2D°,5/2,2s22p4(1D)3d,2P,3/2,,https://physics.nist.gov/cgi-bin/ASBib1/get_ASBib_ref.cgi?db=tp&amp;db_id=8043&amp;comment_code=&amp;element=Ne&amp;spectr_charge=2&amp;ref=8043&amp;type=,https://physics.nist.gov/cgi-bin/ASBib1/get_ASBib_ref.cgi?db=el&amp;db_id=5951&amp;comment_code=&amp;element=Ne&amp;spectr_charge=2&amp;ref=5951&amp;type=
354.284540,1.4999999999999999e-05,120000000.0,252953.5198,281171.3566,2s22p4(3P)3p,4S°,3/2,2s22p4(3P)3d,4P,5/2,,https://physics.nist.gov/cgi-bin/ASBib1/get_ASBib_ref.cgi?db=tp&amp;db_id=380&amp;comment_code=&amp;element=Ne&amp;spectr_charge=2&amp;ref=380&amp;type=,https://physics.nist.gov/cgi-bin/ASBib1/get_ASBib_ref.cgi?db=el&amp;db_id=5951&amp;comment_code=&amp;element=Ne&amp;spectr_charge=2&amp;ref=5951&amp;type=
354.41449,2.9999999999999997e-05,370000.0,251011.1511,279218.6416,2s22p4(3P)3p,2D°,5/2,2s22p4(3P)3d,4D,5/2,,https://physics.nist.gov/cgi-bin/ASBib1/get_ASBib_ref.cgi?db=tp&amp;db_id=380&amp;comment_code=&amp;element=Ne&amp;spectr_charge=2&amp;ref=380&amp;type=,
354.62109,2.9999999999999997e-05,6300000.0,252798.4654,280989.5229,2s22p4(3P)3p,2S°,1/2,2s22p4(3P)3d,4P,3/2,,https://physics.nist.gov/cgi-bin/ASBib1/get_ASBib_ref.cgi?db=tp&amp;db_id=380&amp;comment_code=&amp;element=Ne&amp;spectr_charge=2&amp;ref=380&amp;type=,https://physics.nist.gov/cgi-bin/ASBib1/get_ASBib_ref.cgi?db=el&amp;db_id=1406&amp;comment_code=&amp;element=Ne&amp;spectr_charge=2&amp;ref=1406&amp;type=
355.15585,2.9999999999999997e-05,3700000.0,252798.4654,280947.0768,2s22p4(3P)3p,2S°,1/2,2s22p4(3P)3d,4F,3/2,,https://physics.nist.gov/cgi-bin/ASBib1/get_ASBib_ref.cgi?db=tp&amp;db_id=380&amp;comment_code=&amp;element=Ne&amp;spectr_charge=2&amp;ref=380&amp;type=,https://physics.nist.gov/cgi-bin/ASBib1/get_ASBib_ref.cgi?db=el&amp;db_id=1406&amp;comment_code=&amp;element=Ne&amp;spectr_charge=2&amp;ref=1406&amp;type=
355.43564,2.9999999999999997e-05,1300000.0,251011.1511,279137.6053,2s22p4(3P)3p,2D°,5/2,2s22p4(3P)3d,4D,7/2,,https://physics.nist.gov/cgi-bin/ASBib1/get_ASBib_ref.cgi?db=tp&amp;db_id=380&amp;comment_code=&amp;element=Ne&amp;spectr_charge=2&amp;ref=380&amp;type=,
355.78048,2.9999999999999997e-05,19000000.0,224699.2716,252798.4654,2s22p4(3P)3s,2P,1/2,2s22p4(3P)3p,2S°,1/2,,https://physics.nist.gov/cgi-bin/ASBib1/get_ASBib_ref.cgi?db=tp&amp;db_id=867&amp;comment_code=LS&amp;element=Ne&amp;spectr_charge=2&amp;ref=867&amp;type=,https://physics.nist.gov/cgi-bin/ASBib1/get_ASBib_ref.cgi?db=el&amp;db_id=1406&amp;comment_code=&amp;element=Ne&amp;spectr_charge=2&amp;ref=1406&amp;type=
356.119898,1.8e-05,21000000.0,252953.5198,281025.9326,2s22p4(3P)3p,4S°,3/2,2s22p4(3P)3d,2F,5/2,,https://physics.nist.gov/cgi-bin/ASBib1/get_ASBib_ref.cgi?db=tp&amp;db_id=380&amp;comment_code=&amp;element=Ne&amp;spectr_charge=2&amp;ref=380&amp;type=,https://physics.nist.gov/cgi-bin/ASBib1/get_ASBib_ref.cgi?db=el&amp;db_id=5951&amp;comment_code=&amp;element=Ne&amp;spectr_charge=2&amp;ref=5951&amp;type=
356.58240,2.9999999999999997e-05,62000000.0,252953.5198,280989.5229,2s22p4(3P)3p,4S°,3/2,2s22p4(3P)3d,4P,3/2,,https://physics.nist.gov/cgi-bin/ASBib1/get_ASBib_ref.cgi?db=tp&amp;db_id=380&amp;comment_code=&amp;element=Ne&amp;spectr_charge=2&amp;ref=380&amp;type=,https://physics.nist.gov/cgi-bin/ASBib1/get_ASBib_ref.cgi?db=el&amp;db_id=1406&amp;comment_code=&amp;element=Ne&amp;spectr_charge=2&amp;ref=1406&amp;type=
356.850210,1.7e-05,140000000.0,246394.1202,274409.083,2s22p4(1D)3s,2D,5/2,2s22p4(1D)3p,2F°,7/2,,https://physics.nist.gov/cgi-bin/ASBib1/get_ASBib_ref.cgi?db=tp&amp;db_id=867&amp;comment_code=LS&amp;element=Ne&amp;spectr_charge=2&amp;ref=867&amp;type=,https://physics.nist.gov/cgi-bin/ASBib1/get_ASBib_ref.cgi?db=el&amp;db_id=5951&amp;comment_code=&amp;element=Ne&amp;spectr_charge=2&amp;ref=5951&amp;type=
357.123090,1.8e-05,63000000.0,252953.5198,280947.0768,2s22p4(3P)3p,4S°,3/2,2s22p4(3P)3d,4F,3/2,,https://physics.nist.gov/cgi-bin/ASBib1/get_ASBib_ref.cgi?db=tp&amp;db_id=380&amp;comment_code=&amp;element=Ne&amp;spectr_charge=2&amp;ref=380&amp;type=,https://physics.nist.gov/cgi-bin/ASBib1/get_ASBib_ref.cgi?db=el&amp;db_id=5951&amp;comment_code=&amp;element=Ne&amp;spectr_charge=2&amp;ref=5951&amp;type=
357.418261,1.8e-05,10000000.0,246394.1202,274364.5596,2s22p4(1D)3s,2D,5/2,2s22p4(1D)3p,2F°,5/2,,https://physics.nist.gov/cgi-bin/ASBib1/get_ASBib_ref.cgi?db=tp&amp;db_id=867&amp;comment_code=LS&amp;element=Ne&amp;spectr_charge=2&amp;ref=867&amp;type=,https://physics.nist.gov/cgi-bin/ASBib1/get_ASBib_ref.cgi?db=el&amp;db_id=5951&amp;comment_code=&amp;element=Ne&amp;spectr_charge=2&amp;ref=5951&amp;type=
357.42333,2.9999999999999997e-05,4600000.0,252798.4654,280768.508,2s22p4(3P)3p,2S°,1/2,2s22p4(3P)3d,4P,1/2,,https://physics.nist.gov/cgi-bin/ASBib1/get_ASBib_ref.cgi?db=tp&amp;db_id=380&amp;comment_code=&amp;element=Ne&amp;spectr_charge=2&amp;ref=380&amp;type=,
357.461213,1.7e-05,130000000.0,246397.481,274364.5596,2s22p4(1D)3s,2D,3/2,2s22p4(1D)3p,2F°,5/2,,https://physics.nist.gov/cgi-bin/ASBib1/get_ASBib_ref.cgi?db=tp&amp;db_id=867&amp;comment_code=LS&amp;element=Ne&amp;spectr_charge=2&amp;ref=867&amp;type=,https://physics.nist.gov/cgi-bin/ASBib1/get_ASBib_ref.cgi?db=el&amp;db_id=5951&amp;comment_code=&amp;element=Ne&amp;spectr_charge=2&amp;ref=5951&amp;type=
359.04496,2.9999999999999997e-05,3600000.0,252953.5198,280797.2387,2s22p4(3P)3p,4S°,3/2,2s22p4(3P)3d,4F,5/2,,https://physics.nist.gov/cgi-bin/ASBib1/get_ASBib_ref.cgi?db=tp&amp;db_id=380&amp;comment_code=&amp;element=Ne&amp;spectr_charge=2&amp;ref=380&amp;type=,https://physics.nist.gov/cgi-bin/ASBib1/get_ASBib_ref.cgi?db=el&amp;db_id=1406&amp;comment_code=&amp;element=Ne&amp;spectr_charge=2&amp;ref=1406&amp;type=
359.41584,2.9999999999999997e-05,130000000.0,252953.5198,280768.508,2s22p4(3P)3p,4S°,3/2,2s22p4(3P)3d,4P,1/2,,https://physics.nist.gov/cgi-bin/ASBib1/get_ASBib_ref.cgi?db=tp&amp;db_id=380&amp;comment_code=&amp;element=Ne&amp;spectr_charge=2&amp;ref=380&amp;type=,https://physics.nist.gov/cgi-bin/ASBib1/get_ASBib_ref.cgi?db=el&amp;db_id=5951&amp;comment_code=&amp;element=Ne&amp;spectr_charge=2&amp;ref=5951&amp;type=
361.23275,2.9999999999999997e-05,26000000.0,252798.4654,280473.555,2s22p4(3P)3p,2S°,1/2,2s22p4(3P)3d,2D,3/2,,https://physics.nist.gov/cgi-bin/ASBib1/get_ASBib_ref.cgi?db=tp&amp;db_id=380&amp;comment_code=&amp;element=Ne&amp;spectr_charge=2&amp;ref=380&amp;type=,https://physics.nist.gov/cgi-bin/ASBib1/get_ASBib_ref.cgi?db=el&amp;db_id=9088&amp;comment_code=&amp;element=Ne&amp;spectr_charge=2&amp;ref=9088&amp;type=
362.803334,1.9e-05,60000000.0,254164.9888,281720.2755,2s22p4(3P)3p,2P°,3/2,2s22p4(3P)3d,2P,3/2,,https://physics.nist.gov/cgi-bin/ASBib1/get_ASBib_ref.cgi?db=tp&amp;db_id=380&amp;comment_code=&amp;element=Ne&amp;spectr_charge=2&amp;ref=380&amp;type=,https://physics.nist.gov/cgi-bin/ASBib1/get_ASBib_ref.cgi?db=el&amp;db_id=5951&amp;comment_code=&amp;element=Ne&amp;spectr_charge=2&amp;ref=5951&amp;type=
363.26808,2.9999999999999997e-05,13000000.0,252953.5198,280473.555,2s22p4(3P)3p,4S°,3/2,2s22p4(3P)3d,2D,3/2,,https://physics.nist.gov/cgi-bin/ASBib1/get_ASBib_ref.cgi?db=tp&amp;db_id=380&amp;comment_code=&amp;element=Ne&amp;spectr_charge=2&amp;ref=380&amp;type=,https://physics.nist.gov/cgi-bin/ASBib1/get_ASBib_ref.cgi?db=el&amp;db_id=5951&amp;comment_code=&amp;element=Ne&amp;spectr_charge=2&amp;ref=5951&amp;type=
364.392899,1.6e-05,32000000.0,224087.0092,251522.0967,2s22p4(3P)3s,2P,3/2,2s22p4(3P)3p,2D°,3/2,,https://physics.nist.gov/cgi-bin/ASBib1/get_ASBib_ref.cgi?db=tp&amp;db_id=867&amp;comment_code=LS&amp;element=Ne&amp;spectr_charge=2&amp;ref=867&amp;type=,https://physics.nist.gov/cgi-bin/ASBib1/get_ASBib_ref.cgi?db=el&amp;db_id=5951&amp;comment_code=&amp;element=Ne&amp;spectr_charge=2&amp;ref=5951&amp;type=
364.485637,1.9e-05,99000000.0,254292.1683,281720.2755,2s22p4(3P)3p,2P°,1/2,2s22p4(3P)3d,2P,3/2,,https://physics.nist.gov/cgi-bin/ASBib1/get_ASBib_ref.cgi?db=tp&amp;db_id=380&amp;comment_code=&amp;element=Ne&amp;spectr_charge=2&amp;ref=380&amp;type=,https://physics.nist.gov/cgi-bin/ASBib1/get_ASBib_ref.cgi?db=el&amp;db_id=5951&amp;comment_code=&amp;element=Ne&amp;spectr_charge=2&amp;ref=5951&amp;type=
365.98925,2.9999999999999997e-05,6700000.0,252953.5198,280268.9453,2s22p4(3P)3p,4S°,3/2,2s22p4(3P)3d,2D,5/2,,https://physics.nist.gov/cgi-bin/ASBib1/get_ASBib_ref.cgi?db=tp&amp;db_id=380&amp;comment_code=&amp;element=Ne&amp;spectr_charge=2&amp;ref=380&amp;type=,https://physics.nist.gov/cgi-bin/ASBib1/get_ASBib_ref.cgi?db=el&amp;db_id=5951&amp;comment_code=&amp;element=Ne&amp;spectr_charge=2&amp;ref=5951&amp;type=
366.407405,1.8e-05,70000000.0,219130.7609,246415.0144,2s22p4(3P)3s,4P,5/2,2s22p4(3P)3p,4P°,3/2,,https://physics.nist.gov/cgi-bin/ASBib1/get_ASBib_ref.cgi?db=tp&amp;db_id=867&amp;comment_code=LS&amp;element=Ne&amp;spectr_charge=2&amp;ref=867&amp;type=,https://physics.nist.gov/cgi-bin/ASBib1/get_ASBib_ref.cgi?db=el&amp;db_id=5951&amp;comment_code=&amp;element=Ne&amp;spectr_charge=2&amp;ref=5951&amp;type=
367.98166,4e-05,32000000.0,254164.9888,281332.521,2s22p4(3P)3p,2P°,3/2,2s22p4(3P)3d,2P,1/2,,https://physics.nist.gov/cgi-bin/ASBib1/get_ASBib_ref.cgi?db=tp&amp;db_id=380&amp;comment_code=&amp;element=Ne&amp;spectr_charge=2&amp;ref=380&amp;type=,https://physics.nist.gov/cgi-bin/ASBib1/get_ASBib_ref.cgi?db=el&amp;db_id=5951&amp;comment_code=&amp;element=Ne&amp;spectr_charge=2&amp;ref=5951&amp;type=
369.421446,1.7e-05,100000000.0,219130.7609,246192.413,2s22p4(3P)3s,4P,5/2,2s22p4(3P)3p,4P°,5/2,,https://physics.nist.gov/cgi-bin/ASBib1/get_ASBib_ref.cgi?db=tp&amp;db_id=867&amp;comment_code=LS&amp;element=Ne&amp;spectr_charge=2&amp;ref=867&amp;type=,https://physics.nist.gov/cgi-bin/ASBib1/get_ASBib_ref.cgi?db=el&amp;db_id=5951&amp;comment_code=&amp;element=Ne&amp;spectr_charge=2&amp;ref=5951&amp;type=
369.71244,2.9999999999999997e-05,28000000.0,254292.1683,281332.521,2s22p4(3P)3p,2P°,1/2,2s22p4(3P)3d,2P,1/2,,https://physics.nist.gov/cgi-bin/ASBib1/get_ASBib_ref.cgi?db=tp&amp;db_id=380&amp;comment_code=&amp;element=Ne&amp;spectr_charge=2&amp;ref=380&amp;type=,https://physics.nist.gov/cgi-bin/ASBib1/get_ASBib_ref.cgi?db=el&amp;db_id=5951&amp;comment_code=&amp;element=Ne&amp;spectr_charge=2&amp;ref=5951&amp;type=
370.177702,1.8e-05,27000000.0,254164.9888,281171.3566,2s22p4(3P)3p,2P°,3/2,2s22p4(3P)3d,4P,5/2,,https://physics.nist.gov/cgi-bin/ASBib1/get_ASBib_ref.cgi?db=tp&amp;db_id=380&amp;comment_code=&amp;element=Ne&amp;spectr_charge=2&amp;ref=380&amp;type=,https://physics.nist.gov/cgi-bin/ASBib1/get_ASBib_ref.cgi?db=el&amp;db_id=5951&amp;comment_code=&amp;element=Ne&amp;spectr_charge=2&amp;ref=5951&amp;type=
370.962220,1.7e-05,110000000.0,219648.4248,246597.6805,2s22p4(3P)3s,4P,3/2,2s22p4(3P)3p,4P°,1/2,,https://physics.nist.gov/cgi-bin/ASBib1/get_ASBib_ref.cgi?db=tp&amp;db_id=867&amp;comment_code=LS&amp;element=Ne&amp;spectr_charge=2&amp;ref=867&amp;type=,https://physics.nist.gov/cgi-bin/ASBib1/get_ASBib_ref.cgi?db=el&amp;db_id=5951&amp;comment_code=&amp;element=Ne&amp;spectr_charge=2&amp;ref=5951&amp;type=
371.308248,1.7e-05,130000000.0,224087.0092,251011.1511,2s22p4(3P)3s,2P,3/2,2s22p4(3P)3p,2D°,5/2,,https://physics.nist.gov/cgi-bin/ASBib1/get_ASBib_ref.cgi?db=tp&amp;db_id=867&amp;comment_code=LS&amp;element=Ne&amp;spectr_charge=2&amp;ref=867&amp;type=,https://physics.nist.gov/cgi-bin/ASBib1/get_ASBib_ref.cgi?db=el&amp;db_id=5951&amp;comment_code=&amp;element=Ne&amp;spectr_charge=2&amp;ref=5951&amp;type=
372.181879,2e-05,20000000.0,254164.9888,281025.9326,2s22p4(3P)3p,2P°,3/2,2s22p4(3P)3d,2F,5/2,,https://physics.nist.gov/cgi-bin/ASBib1/get_ASBib_ref.cgi?db=tp&amp;db_id=380&amp;comment_code=&amp;element=Ne&amp;spectr_charge=2&amp;ref=380&amp;type=,https://physics.nist.gov/cgi-bin/ASBib1/get_ASBib_ref.cgi?db=el&amp;db_id=1406&amp;comment_code=&amp;element=Ne&amp;spectr_charge=2&amp;ref=1406&amp;type=
372.68707,2.9999999999999997e-05,12000000.0,254164.9888,280989.5229,2s22p4(3P)3p,2P°,3/2,2s22p4(3P)3d,4P,3/2,,https://physics.nist.gov/cgi-bin/ASBib1/get_ASBib_ref.cgi?db=tp&amp;db_id=380&amp;comment_code=&amp;element=Ne&amp;spectr_charge=2&amp;ref=380&amp;type=,https://physics.nist.gov/cgi-bin/ASBib1/get_ASBib_ref.cgi?db=el&amp;db_id=1406&amp;comment_code=&amp;element=Ne&amp;spectr_charge=2&amp;ref=1406&amp;type=
372.710811,1.7e-05,98000000.0,224699.2716,251522.0967,2s22p4(3P)3s,2P,1/2,2s22p4(3P)3p,2D°,3/2,,https://physics.nist.gov/cgi-bin/ASBib1/get_ASBib_ref.cgi?db=tp&amp;db_id=867&amp;comment_code=LS&amp;element=Ne&amp;spectr_charge=2&amp;ref=867&amp;type=,https://physics.nist.gov/cgi-bin/ASBib1/get_ASBib_ref.cgi?db=el&amp;db_id=5951&amp;comment_code=&amp;element=Ne&amp;spectr_charge=2&amp;ref=5951&amp;type=
373.27774,2.9999999999999997e-05,3000000.0,254164.9888,280947.0768,2s22p4(3P)3p,2P°,3/2,2s22p4(3P)3d,4F,3/2,,https://physics.nist.gov/cgi-bin/ASBib1/get_ASBib_ref.cgi?db=tp&amp;db_id=380&amp;comment_code=&amp;element=Ne&amp;spectr_charge=2&amp;ref=380&amp;type=,https://physics.nist.gov/cgi-bin/ASBib1/get_ASBib_ref.cgi?db=el&amp;db_id=1406&amp;comment_code=&amp;element=Ne&amp;spectr_charge=2&amp;ref=1406&amp;type=
373.493881,1.4999999999999999e-05,19000000.0,219648.4248,246415.0144,2s22p4(3P)3s,4P,3/2,2s22p4(3P)3p,4P°,3/2,,https://physics.nist.gov/cgi-bin/ASBib1/get_ASBib_ref.cgi?db=tp&amp;db_id=867&amp;comment_code=LS&amp;element=Ne&amp;spectr_charge=2&amp;ref=867&amp;type=,https://physics.nist.gov/cgi-bin/ASBib1/get_ASBib_ref.cgi?db=el&amp;db_id=5951&amp;comment_code=&amp;element=Ne&amp;spectr_charge=2&amp;ref=5951&amp;type=
374.46250,2.9999999999999997e-05,26000000.0,254292.1683,280989.5229,2s22p4(3P)3p,2P°,1/2,2s22p4(3P)3d,4P,3/2,,https://physics.nist.gov/cgi-bin/ASBib1/get_ASBib_ref.cgi?db=tp&amp;db_id=380&amp;comment_code=&amp;element=Ne&amp;spectr_charge=2&amp;ref=380&amp;type=,https://physics.nist.gov/cgi-bin/ASBib1/get_ASBib_ref.cgi?db=el&amp;db_id=5951&amp;comment_code=&amp;element=Ne&amp;spectr_charge=2&amp;ref=5951&amp;type=
375.124589,1.8e-05,18000000.0,219947.4453,246597.6805,2s22p4(3P)3s,4P,1/2,2s22p4(3P)3p,4P°,1/2,,https://physics.nist.gov/cgi-bin/ASBib1/get_ASBib_ref.cgi?db=tp&amp;db_id=867&amp;comment_code=LS&amp;element=Ne&amp;spectr_charge=2&amp;ref=867&amp;type=,https://physics.nist.gov/cgi-bin/ASBib1/get_ASBib_ref.cgi?db=el&amp;db_id=5951&amp;comment_code=&amp;element=Ne&amp;spectr_charge=2&amp;ref=5951&amp;type=
375.377924,2e-05,45000000.0,254164.9888,280797.2387,2s22p4(3P)3p,2P°,3/2,2s22p4(3P)3d,4F,5/2,,https://physics.nist.gov/cgi-bin/ASBib1/get_ASBib_ref.cgi?db=tp&amp;db_id=380&amp;comment_code=&amp;element=Ne&amp;spectr_charge=2&amp;ref=380&amp;type=,https://physics.nist.gov/cgi-bin/ASBib1/get_ASBib_ref.cgi?db=el&amp;db_id=5951&amp;comment_code=&amp;element=Ne&amp;spectr_charge=2&amp;ref=5951&amp;type=
375.48855,4e-05,950000.0,252798.4654,279422.869,2s22p4(3P)3p,2S°,1/2,2s22p4(3P)3d,4D,1/2,,https://physics.nist.gov/cgi-bin/ASBib1/get_ASBib_ref.cgi?db=tp&amp;db_id=380&amp;comment_code=&amp;element=Ne&amp;spectr_charge=2&amp;ref=380&amp;type=,https://physics.nist.gov/cgi-bin/ASBib1/get_ASBib_ref.cgi?db=el&amp;db_id=1406&amp;comment_code=&amp;element=Ne&amp;spectr_charge=2&amp;ref=1406&amp;type=
376.626129,2e-05,29000000.0,219648.4248,246192.413,2s22p4(3P)3s,4P,3/2,2s22p4(3P)3p,4P°,5/2,,https://physics.nist.gov/cgi-bin/ASBib1/get_ASBib_ref.cgi?db=tp&amp;db_id=867&amp;comment_code=LS&amp;element=Ne&amp;spectr_charge=2&amp;ref=867&amp;type=,https://physics.nist.gov/cgi-bin/ASBib1/get_ASBib_ref.cgi?db=el&amp;db_id=1406&amp;comment_code=&amp;element=Ne&amp;spectr_charge=2&amp;ref=1406&amp;type=
377.68818,5e-05,740000.0,252953.5198,279422.869,2s22p4(3P)3p,4S°,3/2,2s22p4(3P)3d,4D,1/2,,https://physics.nist.gov/cgi-bin/ASBib1/get_ASBib_ref.cgi?db=tp&amp;db_id=380&amp;comment_code=&amp;element=Ne&amp;spectr_charge=2&amp;ref=380&amp;type=,
377.713578,1.7e-05,42000000.0,219947.4453,246415.0144,2s22p4(3P)3s,4P,1/2,2s22p4(3P)3p,4P°,3/2,,https://physics.nist.gov/cgi-bin/ASBib1/get_ASBib_ref.cgi?db=tp&amp;db_id=867&amp;comment_code=LS&amp;element=Ne&amp;spectr_charge=2&amp;ref=867&amp;type=,https://physics.nist.gov/cgi-bin/ASBib1/get_ASBib_ref.cgi?db=el&amp;db_id=5951&amp;comment_code=&amp;element=Ne&amp;spectr_charge=2&amp;ref=5951&amp;type=
379.09170,2.9999999999999997e-05,1700000.0,252953.5198,279324.8733,2s22p4(3P)3p,4S°,3/2,2s22p4(3P)3d,4D,3/2,,https://physics.nist.gov/cgi-bin/ASBib1/get_ASBib_ref.cgi?db=tp&amp;db_id=380&amp;comment_code=&amp;element=Ne&amp;spectr_charge=2&amp;ref=380&amp;type=,https://physics.nist.gov/cgi-bin/ASBib1/get_ASBib_ref.cgi?db=el&amp;db_id=1406&amp;comment_code=&amp;element=Ne&amp;spectr_charge=2&amp;ref=1406&amp;type=
379.996447,2.2e-05,37000000.0,254164.9888,280473.555,2s22p4(3P)3p,2P°,3/2,2s22p4(3P)3d,2D,3/2,,https://physics.nist.gov/cgi-bin/ASBib1/get_ASBib_ref.cgi?db=tp&amp;db_id=380&amp;comment_code=&amp;element=Ne&amp;spectr_charge=2&amp;ref=380&amp;type=,https://physics.nist.gov/cgi-bin/ASBib1/get_ASBib_ref.cgi?db=el&amp;db_id=5951&amp;comment_code=&amp;element=Ne&amp;spectr_charge=2&amp;ref=5951&amp;type=
380.625004,2.2e-05,1300000.0,252953.5198,279218.6416,2s22p4(3P)3p,4S°,3/2,2s22p4(3P)3d,4D,5/2,,https://physics.nist.gov/cgi-bin/ASBib1/get_ASBib_ref.cgi?db=tp&amp;db_id=380&amp;comment_code=&amp;element=Ne&amp;spectr_charge=2&amp;ref=380&amp;type=,https://physics.nist.gov/cgi-bin/ASBib1/get_ASBib_ref.cgi?db=el&amp;db_id=1406&amp;comment_code=&amp;element=Ne&amp;spectr_charge=2&amp;ref=1406&amp;type=
381.842374,2.2e-05,61000000.0,254292.1683,280473.555,2s22p4(3P)3p,2P°,1/2,2s22p4(3P)3d,2D,3/2,,https://physics.nist.gov/cgi-bin/ASBib1/get_ASBib_ref.cgi?db=tp&amp;db_id=380&amp;comment_code=&amp;element=Ne&amp;spectr_charge=2&amp;ref=380&amp;type=,https://physics.nist.gov/cgi-bin/ASBib1/get_ASBib_ref.cgi?db=el&amp;db_id=5951&amp;comment_code=&amp;element=Ne&amp;spectr_charge=2&amp;ref=5951&amp;type=
382.975031,1.9e-05,84000000.0,254164.9888,280268.9453,2s22p4(3P)3p,2P°,3/2,2s22p4(3P)3d,2D,5/2,,https://physics.nist.gov/cgi-bin/ASBib1/get_ASBib_ref.cgi?db=tp&amp;db_id=380&amp;comment_code=&amp;element=Ne&amp;spectr_charge=2&amp;ref=380&amp;type=,https://physics.nist.gov/cgi-bin/ASBib1/get_ASBib_ref.cgi?db=el&amp;db_id=5951&amp;comment_code=&amp;element=Ne&amp;spectr_charge=2&amp;ref=5951&amp;type=
390.384818,2.3e-05,84000.0,224087.0092,249695.5051,2s22p4(3P)3s,2P,3/2,2s22p4(3P)3p,4D°,3/2,,https://physics.nist.gov/cgi-bin/ASBib1/get_ASBib_ref.cgi?db=tp&amp;db_id=380&amp;comment_code=&amp;element=Ne&amp;spectr_charge=2&amp;ref=380&amp;type=,
394.226442,2.2e-05,1000000.0,224087.0092,249445.9632,2s22p4(3P)3s,2P,3/2,2s22p4(3P)3p,4D°,5/2,,https://physics.nist.gov/cgi-bin/ASBib1/get_ASBib_ref.cgi?db=tp&amp;db_id=380&amp;comment_code=&amp;element=Ne&amp;spectr_charge=2&amp;ref=380&amp;type=,https://physics.nist.gov/cgi-bin/ASBib1/get_ASBib_ref.cgi?db=el&amp;db_id=1406&amp;comment_code=&amp;element=Ne&amp;spectr_charge=2&amp;ref=1406&amp;type=
399.947190,2.4e-05,370000.0,224699.2716,249695.5051,2s22p4(3P)3s,2P,1/2,2s22p4(3P)3p,4D°,3/2,,https://physics.nist.gov/cgi-bin/ASBib1/get_ASBib_ref.cgi?db=tp&amp;db_id=380&amp;comment_code=&amp;element=Ne&amp;spectr_charge=2&amp;ref=380&amp;type=,https://physics.nist.gov/cgi-bin/ASBib1/get_ASBib_ref.cgi?db=el&amp;db_id=1406&amp;comment_code=&amp;element=Ne&amp;spectr_charge=2&amp;ref=1406&amp;type=
421.70682,5.9999999999999995e-05,7400000.0,279137.6053,302844.085,2s22p4(3P)3d,4D,7/2,2s22p4(3P2)4f,2[3]°,5/2,,https://physics.nist.gov/cgi-bin/ASBib1/get_ASBib_ref.cgi?db=tp&amp;db_id=1115&amp;comment_code=CA&amp;element=Ne&amp;spectr_charge=2&amp;ref=1115&amp;type=,
421.93658,5e-05,33000000.0,279137.6053,302831.176,2s22p4(3P)3d,4D,7/2,2s22p4(3P2)4f,2[4]°,7/2,,https://physics.nist.gov/cgi-bin/ASBib1/get_ASBib_ref.cgi?db=tp&amp;db_id=1115&amp;comment_code=CA&amp;element=Ne&amp;spectr_charge=2&amp;ref=1115&amp;type=,https://physics.nist.gov/cgi-bin/ASBib1/get_ASBib_ref.cgi?db=el&amp;db_id=1406&amp;comment_code=&amp;element=Ne&amp;spectr_charge=2&amp;ref=1406&amp;type=
422.10860,7e-05,14000000.0,279218.6416,302902.557,2s22p4(3P)3d,4D,5/2,2s22p4(3P2)4f,2[2]°,3/2,,https://physics.nist.gov/cgi-bin/ASBib1/get_ASBib_ref.cgi?db=tp&amp;db_id=1115&amp;comment_code=CA&amp;element=Ne&amp;spectr_charge=2&amp;ref=1115&amp;type=,https://physics.nist.gov/cgi-bin/ASBib1/get_ASBib_ref.cgi?db=el&amp;db_id=1406&amp;comment_code=&amp;element=Ne&amp;spectr_charge=2&amp;ref=1406&amp;type=
422.46410,0.00016,19000000.0,279324.8733,302988.859,2s22p4(3P)3d,4D,3/2,2s22p4(3P2)4f,2[1]°,1/2,,https://physics.nist.gov/cgi-bin/ASBib1/get_ASBib_ref.cgi?db=tp&amp;db_id=1115&amp;comment_code=CA&amp;element=Ne&amp;spectr_charge=2&amp;ref=1115&amp;type=,https://physics.nist.gov/cgi-bin/ASBib1/get_ASBib_ref.cgi?db=el&amp;db_id=1406&amp;comment_code=&amp;element=Ne&amp;spectr_charge=2&amp;ref=1406&amp;type=
422.69201,4e-05,730000.0,280172.9854,303824.2119,2s22p4(3P)3d,4F,9/2,2s22p4(3P0)4f,2[3]°,7/2,,https://physics.nist.gov/cgi-bin/ASBib1/get_ASBib_ref.cgi?db=tp&amp;db_id=1115&amp;comment_code=CA&amp;element=Ne&amp;spectr_charge=2&amp;ref=1115&amp;type=,
423.15332,5.9999999999999995e-05,22000000.0,279218.6416,302844.085,2s22p4(3P)3d,4D,5/2,2s22p4(3P2)4f,2[3]°,5/2,,https://physics.nist.gov/cgi-bin/ASBib1/get_ASBib_ref.cgi?db=tp&amp;db_id=1115&amp;comment_code=CA&amp;element=Ne&amp;spectr_charge=2&amp;ref=1115&amp;type=,https://physics.nist.gov/cgi-bin/ASBib1/get_ASBib_ref.cgi?db=el&amp;db_id=5951&amp;comment_code=&amp;element=Ne&amp;spectr_charge=2&amp;ref=5951&amp;type=
423.38466,5.9999999999999995e-05,5500000.0,279218.6416,302831.176,2s22p4(3P)3d,4D,5/2,2s22p4(3P2)4f,2[4]°,7/2,,https://physics.nist.gov/cgi-bin/ASBib1/get_ASBib_ref.cgi?db=tp&amp;db_id=1115&amp;comment_code=CA&amp;element=Ne&amp;spectr_charge=2&amp;ref=1115&amp;type=,https://physics.nist.gov/cgi-bin/ASBib1/get_ASBib_ref.cgi?db=el&amp;db_id=9088&amp;comment_code=&amp;element=Ne&amp;spectr_charge=2&amp;ref=9088&amp;type=
423.99110,5.9999999999999995e-05,15000000.0,279324.8733,302903.635,2s22p4(3P)3d,4D,3/2,2s22p4(3P2)4f,2[2]°,5/2,,https://physics.nist.gov/cgi-bin/ASBib1/get_ASBib_ref.cgi?db=tp&amp;db_id=1115&amp;comment_code=CA&amp;element=Ne&amp;spectr_charge=2&amp;ref=1115&amp;type=,https://physics.nist.gov/cgi-bin/ASBib1/get_ASBib_ref.cgi?db=el&amp;db_id=5951&amp;comment_code=&amp;element=Ne&amp;spectr_charge=2&amp;ref=5951&amp;type=
424.22089,0.00016,19000000.0,279422.869,302988.859,2s22p4(3P)3d,4D,1/2,2s22p4(3P2)4f,2[1]°,1/2,,https://physics.nist.gov/cgi-bin/ASBib1/get_ASBib_ref.cgi?db=tp&amp;db_id=1115&amp;comment_code=CA&amp;element=Ne&amp;spectr_charge=2&amp;ref=1115&amp;type=,https://physics.nist.gov/cgi-bin/ASBib1/get_ASBib_ref.cgi?db=el&amp;db_id=1406&amp;comment_code=&amp;element=Ne&amp;spectr_charge=2&amp;ref=1406&amp;type=
424.28635,5e-05,4800000.0,280262.3163,303824.6705,2s22p4(3P)3d,2F,7/2,2s22p4(3P0)4f,2[3]°,5/2,,https://physics.nist.gov/cgi-bin/ASBib1/get_ASBib_ref.cgi?db=tp&amp;db_id=1115&amp;comment_code=CA&amp;element=Ne&amp;spectr_charge=2&amp;ref=1115&amp;type=,
424.29461,4e-05,33000000.0,280262.3163,303824.2119,2s22p4(3P)3d,2F,7/2,2s22p4(3P0)4f,2[3]°,7/2,,https://physics.nist.gov/cgi-bin/ASBib1/get_ASBib_ref.cgi?db=tp&amp;db_id=1115&amp;comment_code=CA&amp;element=Ne&amp;spectr_charge=2&amp;ref=1115&amp;type=,
425.06465,5e-05,9000000.0,279324.8733,302844.085,2s22p4(3P)3d,4D,3/2,2s22p4(3P2)4f,2[3]°,5/2,,https://physics.nist.gov/cgi-bin/ASBib1/get_ASBib_ref.cgi?db=tp&amp;db_id=1115&amp;comment_code=CA&amp;element=Ne&amp;spectr_charge=2&amp;ref=1115&amp;type=,https://physics.nist.gov/cgi-bin/ASBib1/get_ASBib_ref.cgi?db=el&amp;db_id=9088&amp;comment_code=&amp;element=Ne&amp;spectr_charge=2&amp;ref=9088&amp;type=
425.78019,7e-05,9600000.0,279422.869,302902.557,2s22p4(3P)3d,4D,1/2,2s22p4(3P2)4f,2[2]°,3/2,,https://physics.nist.gov/cgi-bin/ASBib1/get_ASBib_ref.cgi?db=tp&amp;db_id=1115&amp;comment_code=CA&amp;element=Ne&amp;spectr_charge=2&amp;ref=1115&amp;type=,https://physics.nist.gov/cgi-bin/ASBib1/get_ASBib_ref.cgi?db=el&amp;db_id=9088&amp;comment_code=&amp;element=Ne&amp;spectr_charge=2&amp;ref=9088&amp;type=
428.04373,5e-05,2800000.0,280172.9854,303528.5122,2s22p4(3P)3d,4F,9/2,2s22p4(3P1)4f,2[4]°,7/2,,https://physics.nist.gov/cgi-bin/ASBib1/get_ASBib_ref.cgi?db=tp&amp;db_id=1115&amp;comment_code=CA&amp;element=Ne&amp;spectr_charge=2&amp;ref=1115&amp;type=,
428.05813,5.9999999999999995e-05,20000000.0,280172.9854,303527.7267,2s22p4(3P)3d,4F,9/2,2s22p4(3P1)4f,2[4]°,9/2,,https://physics.nist.gov/cgi-bin/ASBib1/get_ASBib_ref.cgi?db=tp&amp;db_id=1115&amp;comment_code=CA&amp;element=Ne&amp;spectr_charge=2&amp;ref=1115&amp;type=,
436.56320,5.9999999999999995e-05,1200000.0,280700.7426,303600.498,2s22p4(3P)3d,4F,7/2,2s22p4(3P1)4f,2[3]°,5/2,,https://physics.nist.gov/cgi-bin/ASBib1/get_ASBib_ref.cgi?db=tp&amp;db_id=1115&amp;comment_code=CA&amp;element=Ne&amp;spectr_charge=2&amp;ref=1115&amp;type=,
436.98611,5.9999999999999995e-05,3500000.0,280947.0768,303824.6705,2s22p4(3P)3d,4F,3/2,2s22p4(3P0)4f,2[3]°,5/2,,https://physics.nist.gov/cgi-bin/ASBib1/get_ASBib_ref.cgi?db=tp&amp;db_id=1115&amp;comment_code=CA&amp;element=Ne&amp;spectr_charge=2&amp;ref=1115&amp;type=,https://physics.nist.gov/cgi-bin/ASBib1/get_ASBib_ref.cgi?db=el&amp;db_id=1406&amp;comment_code=&amp;element=Ne&amp;spectr_charge=2&amp;ref=1406&amp;type=
437.93989,5.9999999999999995e-05,20000000.0,280700.7426,303528.5122,2s22p4(3P)3d,4F,7/2,2s22p4(3P1)4f,2[4]°,7/2,,https://physics.nist.gov/cgi-bin/ASBib1/get_ASBib_ref.cgi?db=tp&amp;db_id=1115&amp;comment_code=CA&amp;element=Ne&amp;spectr_charge=2&amp;ref=1115&amp;type=,https://physics.nist.gov/cgi-bin/ASBib1/get_ASBib_ref.cgi?db=el&amp;db_id=1406&amp;comment_code=&amp;element=Ne&amp;spectr_charge=2&amp;ref=1406&amp;type=
437.954965,2.5e-05,220000000.0,280700.7426,303527.7267,2s22p4(3P)3d,4F,7/2,2s22p4(3P1)4f,2[4]°,9/2,,https://physics.nist.gov/cgi-bin/ASBib1/get_ASBib_ref.cgi?db=tp&amp;db_id=1115&amp;comment_code=CA&amp;element=Ne&amp;spectr_charge=2&amp;ref=1115&amp;type=,https://physics.nist.gov/cgi-bin/ASBib1/get_ASBib_ref.cgi?db=el&amp;db_id=5951&amp;comment_code=&amp;element=Ne&amp;spectr_charge=2&amp;ref=5951&amp;type=
438.49757,4e-05,18000000.0,281025.9326,303824.6705,2s22p4(3P)3d,2F,5/2,2s22p4(3P0)4f,2[3]°,5/2,,https://physics.nist.gov/cgi-bin/ASBib1/get_ASBib_ref.cgi?db=tp&amp;db_id=1115&amp;comment_code=CA&amp;element=Ne&amp;spectr_charge=2&amp;ref=1115&amp;type=,
438.50639,4e-05,200000000.0,281025.9326,303824.2119,2s22p4(3P)3d,2F,5/2,2s22p4(3P0)4f,2[3]°,7/2,,https://physics.nist.gov/cgi-bin/ASBib1/get_ASBib_ref.cgi?db=tp&amp;db_id=1115&amp;comment_code=CA&amp;element=Ne&amp;spectr_charge=2&amp;ref=1115&amp;type=,https://physics.nist.gov/cgi-bin/ASBib1/get_ASBib_ref.cgi?db=el&amp;db_id=5951&amp;comment_code=&amp;element=Ne&amp;spectr_charge=2&amp;ref=5951&amp;type=
439.19941,5.9999999999999995e-05,24000000.0,280172.9854,302935.2919,2s22p4(3P)3d,4F,9/2,2s22p4(3P2)4f,2[5]°,9/2,,https://physics.nist.gov/cgi-bin/ASBib1/get_ASBib_ref.cgi?db=tp&amp;db_id=1115&amp;comment_code=CA&amp;element=Ne&amp;spectr_charge=2&amp;ref=1115&amp;type=,
441.31049,5.9999999999999995e-05,200000000.0,280947.0768,303600.498,2s22p4(3P)3d,4F,3/2,2s22p4(3P1)4f,2[3]°,5/2,,https://physics.nist.gov/cgi-bin/ASBib1/get_ASBib_ref.cgi?db=tp&amp;db_id=1115&amp;comment_code=CA&amp;element=Ne&amp;spectr_charge=2&amp;ref=1115&amp;type=,https://physics.nist.gov/cgi-bin/ASBib1/get_ASBib_ref.cgi?db=el&amp;db_id=9088&amp;comment_code=&amp;element=Ne&amp;spectr_charge=2&amp;ref=9088&amp;type=
442.85207,5.9999999999999995e-05,33000000.0,281025.9326,303600.498,2s22p4(3P)3d,2F,5/2,2s22p4(3P1)4f,2[3]°,5/2,,https://physics.nist.gov/cgi-bin/ASBib1/get_ASBib_ref.cgi?db=tp&amp;db_id=1115&amp;comment_code=CA&amp;element=Ne&amp;spectr_charge=2&amp;ref=1115&amp;type=,https://physics.nist.gov/cgi-bin/ASBib1/get_ASBib_ref.cgi?db=el&amp;db_id=5951&amp;comment_code=&amp;element=Ne&amp;spectr_charge=2&amp;ref=5951&amp;type=
443.11086,8e-05,21000000.0,280947.0768,303508.458,2s22p4(3P)3d,4F,3/2,2s22p4(3P1)4f,2[2]°,3/2,,https://physics.nist.gov/cgi-bin/ASBib1/get_ASBib_ref.cgi?db=tp&amp;db_id=1115&amp;comment_code=CA&amp;element=Ne&amp;spectr_charge=2&amp;ref=1115&amp;type=,https://physics.nist.gov/cgi-bin/ASBib1/get_ASBib_ref.cgi?db=el&amp;db_id=1406&amp;comment_code=&amp;element=Ne&amp;spectr_charge=2&amp;ref=1406&amp;type=
444.10908,4e-05,340000.0,224087.0092,246597.6805,2s22p4(3P)3s,2P,3/2,2s22p4(3P)3p,4P°,1/2,,https://physics.nist.gov/cgi-bin/ASBib1/get_ASBib_ref.cgi?db=tp&amp;db_id=380&amp;comment_code=&amp;element=Ne&amp;spectr_charge=2&amp;ref=380&amp;type=,
444.26878,4e-05,3500000.0,281025.9326,303528.5122,2s22p4(3P)3d,2F,5/2,2s22p4(3P1)4f,2[4]°,7/2,,https://physics.nist.gov/cgi-bin/ASBib1/get_ASBib_ref.cgi?db=tp&amp;db_id=1115&amp;comment_code=CA&amp;element=Ne&amp;spectr_charge=2&amp;ref=1115&amp;type=,https://physics.nist.gov/cgi-bin/ASBib1/get_ASBib_ref.cgi?db=el&amp;db_id=5951&amp;comment_code=&amp;element=Ne&amp;spectr_charge=2&amp;ref=5951&amp;type=
444.66507,8e-05,5200000.0,281025.9326,303508.458,2s22p4(3P)3d,2F,5/2,2s22p4(3P1)4f,2[2]°,3/2,,https://physics.nist.gov/cgi-bin/ASBib1/get_ASBib_ref.cgi?db=tp&amp;db_id=1115&amp;comment_code=CA&amp;element=Ne&amp;spectr_charge=2&amp;ref=1115&amp;type=,
449.62438,5.9999999999999995e-05,2100000.0,280700.7426,302935.2919,2s22p4(3P)3d,4F,7/2,2s22p4(3P2)4f,2[5]°,9/2,,https://physics.nist.gov/cgi-bin/ASBib1/get_ASBib_ref.cgi?db=tp&amp;db_id=1115&amp;comment_code=CA&amp;element=Ne&amp;spectr_charge=2&amp;ref=1115&amp;type=,https://physics.nist.gov/cgi-bin/ASBib1/get_ASBib_ref.cgi?db=el&amp;db_id=1406&amp;comment_code=&amp;element=Ne&amp;spectr_charge=2&amp;ref=1406&amp;type=
12 813.548,0.02,0.00859,0.0,780.424,2s22p5,2P°,3/2,2s22p5,2P°,1/2,M1,https://physics.nist.gov/cgi-bin/ASBib1/get_ASBib_ref.cgi?db=tp&amp;db_id=335&amp;comment_code=&amp;element=Ne&amp;spectr_charge=2&amp;ref=335&amp;type=M1,https://physics.nist.gov/cgi-bin/ASBib1/get_ASBib_ref.cgi?db=el&amp;db_id=6510&amp;comment_code=&amp;element=Ne&amp;spectr_charge=2&amp;ref=6510&amp;type=M1
