Wavelength,Unc.  (nm),Aki (s-1),Ei,Ek,Lower Level Conf,Lower Level Term,Lower Level J,Upper Level Conf,Upper Level Term,Upper Level J,Type,TPRef.,LineRef.
204.08718000000002,5.4000000000000005e-05,24800000.0,0.0,48982.939,5d4(5D)6s,6D,1/2,5d3(4F)6s(5F)6p,6D°,3/2,,https://physics.nist.gov/cgi-bin/ASBib1/get_ASBib_ref.cgi?db=tp&amp;db_id=7162&amp;comment_code=&amp;element=W&amp;spectr_charge=2&amp;ref=7162&amp;type=,https://physics.nist.gov/cgi-bin/ASBib1/get_ASBib_ref.cgi?db=el&amp;db_id=11762&amp;comment_code=&amp;element=W&amp;spectr_charge=2&amp;ref=11762&amp;type=
204.96356799999998,1.3000000000000001e-05,74900000.0,1518.829,50292.354,5d4(5D)6s,6D,3/2,5d3(4F)6s(5F)6p,6D°,5/2,,https://physics.nist.gov/cgi-bin/ASBib1/get_ASBib_ref.cgi?db=tp&amp;db_id=7162&amp;comment_code=&amp;element=W&amp;spectr_charge=2&amp;ref=7162&amp;type=,https://physics.nist.gov/cgi-bin/ASBib1/get_ASBib_ref.cgi?db=el&amp;db_id=11762&amp;comment_code=&amp;element=W&amp;spectr_charge=2&amp;ref=11762&amp;type=
207.911797,1.8e-05,374000000.0,6147.085,54229.082,5d4(5D)6s,6D,9/2,5d4(5D)6p,6F°,11/2,,https://physics.nist.gov/cgi-bin/ASBib1/get_ASBib_ref.cgi?db=tp&amp;db_id=7162&amp;comment_code=&amp;element=W&amp;spectr_charge=2&amp;ref=7162&amp;type=,https://physics.nist.gov/cgi-bin/ASBib1/get_ASBib_ref.cgi?db=el&amp;db_id=11762&amp;comment_code=&amp;element=W&amp;spectr_charge=2&amp;ref=11762&amp;type=
210.06748100000002,1.8e-05,62700000.0,0.0,47588.647,5d4(5D)6s,6D,1/2,5d4(5D)6p,6P°,3/2,,https://physics.nist.gov/cgi-bin/ASBib1/get_ASBib_ref.cgi?db=tp&amp;db_id=7162&amp;comment_code=&amp;element=W&amp;spectr_charge=2&amp;ref=7162&amp;type=,https://physics.nist.gov/cgi-bin/ASBib1/get_ASBib_ref.cgi?db=el&amp;db_id=11762&amp;comment_code=&amp;element=W&amp;spectr_charge=2&amp;ref=11762&amp;type=
210.61872599999998,1.4000000000000001e-05,80400000.0,1518.829,48982.939,5d4(5D)6s,6D,3/2,5d3(4F)6s(5F)6p,6D°,3/2,,https://physics.nist.gov/cgi-bin/ASBib1/get_ASBib_ref.cgi?db=tp&amp;db_id=7162&amp;comment_code=&amp;element=W&amp;spectr_charge=2&amp;ref=7162&amp;type=,https://physics.nist.gov/cgi-bin/ASBib1/get_ASBib_ref.cgi?db=el&amp;db_id=11762&amp;comment_code=&amp;element=W&amp;spectr_charge=2&amp;ref=11762&amp;type=
212.157561,4.1e-05,16700000.0,3172.473,50292.354,5d4(5D)6s,6D,5/2,5d3(4F)6s(5F)6p,6D°,5/2,,https://physics.nist.gov/cgi-bin/ASBib1/get_ASBib_ref.cgi?db=tp&amp;db_id=7162&amp;comment_code=&amp;element=W&amp;spectr_charge=2&amp;ref=7162&amp;type=,https://physics.nist.gov/cgi-bin/ASBib1/get_ASBib_ref.cgi?db=el&amp;db_id=11762&amp;comment_code=&amp;element=W&amp;spectr_charge=2&amp;ref=11762&amp;type=
216.99379,6.1e-05,17100000.0,1518.829,47588.647,5d4(5D)6s,6D,3/2,5d4(5D)6p,6P°,3/2,,https://physics.nist.gov/cgi-bin/ASBib1/get_ASBib_ref.cgi?db=tp&amp;db_id=7162&amp;comment_code=&amp;element=W&amp;spectr_charge=2&amp;ref=7162&amp;type=,https://physics.nist.gov/cgi-bin/ASBib1/get_ASBib_ref.cgi?db=el&amp;db_id=11762&amp;comment_code=&amp;element=W&amp;spectr_charge=2&amp;ref=11762&amp;type=
218.222413,1.9e-05,36400000.0,3172.473,48982.939,5d4(5D)6s,6D,5/2,5d3(4F)6s(5F)6p,6D°,3/2,,https://physics.nist.gov/cgi-bin/ASBib1/get_ASBib_ref.cgi?db=tp&amp;db_id=7162&amp;comment_code=&amp;element=W&amp;spectr_charge=2&amp;ref=7162&amp;type=,https://physics.nist.gov/cgi-bin/ASBib1/get_ASBib_ref.cgi?db=el&amp;db_id=11762&amp;comment_code=&amp;element=W&amp;spectr_charge=2&amp;ref=11762&amp;type=
219.34481200000002,1.9e-05,23500000.0,4716.278,50292.354,5d4(5D)6s,6D,7/2,5d3(4F)6s(5F)6p,6D°,5/2,,https://physics.nist.gov/cgi-bin/ASBib1/get_ASBib_ref.cgi?db=tp&amp;db_id=7162&amp;comment_code=&amp;element=W&amp;spectr_charge=2&amp;ref=7162&amp;type=,https://physics.nist.gov/cgi-bin/ASBib1/get_ASBib_ref.cgi?db=el&amp;db_id=11762&amp;comment_code=&amp;element=W&amp;spectr_charge=2&amp;ref=11762&amp;type=
224.875783,6e-06,319000000.0,0.0,44455.212,5d4(5D)6s,6D,1/2,5d3(4F)6s(5F)6p,6F°,1/2,,https://physics.nist.gov/cgi-bin/ASBib1/get_ASBib_ref.cgi?db=tp&amp;db_id=7162&amp;comment_code=&amp;element=W&amp;spectr_charge=2&amp;ref=7162&amp;type=,https://physics.nist.gov/cgi-bin/ASBib1/get_ASBib_ref.cgi?db=el&amp;db_id=11762&amp;comment_code=&amp;element=W&amp;spectr_charge=2&amp;ref=11762&amp;type=
225.07344799999998,1.1e-05,72100000.0,3172.473,47588.647,5d4(5D)6s,6D,5/2,5d4(5D)6p,6P°,3/2,,https://physics.nist.gov/cgi-bin/ASBib1/get_ASBib_ref.cgi?db=tp&amp;db_id=7162&amp;comment_code=&amp;element=W&amp;spectr_charge=2&amp;ref=7162&amp;type=,https://physics.nist.gov/cgi-bin/ASBib1/get_ASBib_ref.cgi?db=el&amp;db_id=11762&amp;comment_code=&amp;element=W&amp;spectr_charge=2&amp;ref=11762&amp;type=
232.83125499999997,2.2e-05,47400000.0,1518.829,44455.212,5d4(5D)6s,6D,3/2,5d3(4F)6s(5F)6p,6F°,1/2,,https://physics.nist.gov/cgi-bin/ASBib1/get_ASBib_ref.cgi?db=tp&amp;db_id=7162&amp;comment_code=&amp;element=W&amp;spectr_charge=2&amp;ref=7162&amp;type=,https://physics.nist.gov/cgi-bin/ASBib1/get_ASBib_ref.cgi?db=el&amp;db_id=11762&amp;comment_code=&amp;element=W&amp;spectr_charge=2&amp;ref=11762&amp;type=
233.180434,0.000272,1030000.0,7420.261,50292.354,5d5,6S,5/2,5d3(4F)6s(5F)6p,6D°,5/2,,https://physics.nist.gov/cgi-bin/ASBib1/get_ASBib_ref.cgi?db=tp&amp;db_id=7162&amp;comment_code=&amp;element=W&amp;spectr_charge=2&amp;ref=7162&amp;type=,https://physics.nist.gov/cgi-bin/ASBib1/get_ASBib_ref.cgi?db=el&amp;db_id=11762&amp;comment_code=&amp;element=W&amp;spectr_charge=2&amp;ref=11762&amp;type=
239.29280899999998,6e-06,22800000.0,4716.278,46493.356,5d4(5D)6s,6D,7/2,5d3(4F)6s(5F)6p,6G°,9/2,,https://physics.nist.gov/cgi-bin/ASBib1/get_ASBib_ref.cgi?db=tp&amp;db_id=7162&amp;comment_code=&amp;element=W&amp;spectr_charge=2&amp;ref=7162&amp;type=,https://physics.nist.gov/cgi-bin/ASBib1/get_ASBib_ref.cgi?db=el&amp;db_id=11762&amp;comment_code=&amp;element=W&amp;spectr_charge=2&amp;ref=11762&amp;type=
239.70792400000002,6e-06,52400000.0,3172.473,44877.209,5d4(5D)6s,6D,5/2,5d4(5D)6p,6F°,7/2,,https://physics.nist.gov/cgi-bin/ASBib1/get_ASBib_ref.cgi?db=tp&amp;db_id=7162&amp;comment_code=&amp;element=W&amp;spectr_charge=2&amp;ref=7162&amp;type=,https://physics.nist.gov/cgi-bin/ASBib1/get_ASBib_ref.cgi?db=el&amp;db_id=11762&amp;comment_code=&amp;element=W&amp;spectr_charge=2&amp;ref=11762&amp;type=
240.42084,0.00116,1550000.0,8711.274,50292.354,5d36s2,4F,3/2,5d3(4F)6s(5F)6p,6D°,5/2,,https://physics.nist.gov/cgi-bin/ASBib1/get_ASBib_ref.cgi?db=tp&amp;db_id=7162&amp;comment_code=&amp;element=W&amp;spectr_charge=2&amp;ref=7162&amp;type=,https://physics.nist.gov/cgi-bin/ASBib1/get_ASBib_ref.cgi?db=el&amp;db_id=6520&amp;comment_code=&amp;element=W&amp;spectr_charge=2&amp;ref=6520&amp;type=
240.52729100000002,5.2000000000000004e-05,8650000.0,7420.261,48982.939,5d5,6S,5/2,5d3(4F)6s(5F)6p,6D°,3/2,,https://physics.nist.gov/cgi-bin/ASBib1/get_ASBib_ref.cgi?db=tp&amp;db_id=7162&amp;comment_code=&amp;element=W&amp;spectr_charge=2&amp;ref=7162&amp;type=,https://physics.nist.gov/cgi-bin/ASBib1/get_ASBib_ref.cgi?db=el&amp;db_id=11762&amp;comment_code=&amp;element=W&amp;spectr_charge=2&amp;ref=11762&amp;type=
246.65228100000002,7.000000000000001e-06,22600000.0,1518.829,42049.478,5d4(5D)6s,6D,3/2,5d4(5D)6p,6F°,5/2,,https://physics.nist.gov/cgi-bin/ASBib1/get_ASBib_ref.cgi?db=tp&amp;db_id=7162&amp;comment_code=&amp;element=W&amp;spectr_charge=2&amp;ref=7162&amp;type=,https://physics.nist.gov/cgi-bin/ASBib1/get_ASBib_ref.cgi?db=el&amp;db_id=11762&amp;comment_code=&amp;element=W&amp;spectr_charge=2&amp;ref=11762&amp;type=
247.779535,7.000000000000001e-06,28400000.0,6147.085,46493.356,5d4(5D)6s,6D,9/2,5d3(4F)6s(5F)6p,6G°,9/2,,https://physics.nist.gov/cgi-bin/ASBib1/get_ASBib_ref.cgi?db=tp&amp;db_id=7162&amp;comment_code=&amp;element=W&amp;spectr_charge=2&amp;ref=7162&amp;type=,https://physics.nist.gov/cgi-bin/ASBib1/get_ASBib_ref.cgi?db=el&amp;db_id=11762&amp;comment_code=&amp;element=W&amp;spectr_charge=2&amp;ref=11762&amp;type=
248.8769,7.000000000000001e-06,126000000.0,7420.261,47588.647,5d5,6S,5/2,5d4(5D)6p,6P°,3/2,,https://physics.nist.gov/cgi-bin/ASBib1/get_ASBib_ref.cgi?db=tp&amp;db_id=7162&amp;comment_code=&amp;element=W&amp;spectr_charge=2&amp;ref=7162&amp;type=,https://physics.nist.gov/cgi-bin/ASBib1/get_ASBib_ref.cgi?db=el&amp;db_id=11762&amp;comment_code=&amp;element=W&amp;spectr_charge=2&amp;ref=11762&amp;type=
248.923102,7.000000000000001e-06,69500000.0,4716.278,44877.209,5d4(5D)6s,6D,7/2,5d4(5D)6p,6F°,7/2,,https://physics.nist.gov/cgi-bin/ASBib1/get_ASBib_ref.cgi?db=tp&amp;db_id=7162&amp;comment_code=&amp;element=W&amp;spectr_charge=2&amp;ref=7162&amp;type=,https://physics.nist.gov/cgi-bin/ASBib1/get_ASBib_ref.cgi?db=el&amp;db_id=11762&amp;comment_code=&amp;element=W&amp;spectr_charge=2&amp;ref=11762&amp;type=
248.98957000000001,5.9999999999999995e-05,7110000.0,8832.728,48982.939,,,1/2,5d3(4F)6s(5F)6p,6D°,3/2,,https://physics.nist.gov/cgi-bin/ASBib1/get_ASBib_ref.cgi?db=tp&amp;db_id=7162&amp;comment_code=&amp;element=W&amp;spectr_charge=2&amp;ref=7162&amp;type=,https://physics.nist.gov/cgi-bin/ASBib1/get_ASBib_ref.cgi?db=el&amp;db_id=11762&amp;comment_code=&amp;element=W&amp;spectr_charge=2&amp;ref=11762&amp;type=
251.81421699999999,1.9e-05,17900000.0,10592.485,50292.354,,,3/2,5d3(4F)6s(5F)6p,6D°,5/2,,https://physics.nist.gov/cgi-bin/ASBib1/get_ASBib_ref.cgi?db=tp&amp;db_id=7162&amp;comment_code=&amp;element=W&amp;spectr_charge=2&amp;ref=7162&amp;type=,https://physics.nist.gov/cgi-bin/ASBib1/get_ASBib_ref.cgi?db=el&amp;db_id=11762&amp;comment_code=&amp;element=W&amp;spectr_charge=2&amp;ref=11762&amp;type=
254.90965699999998,1.3000000000000001e-05,1360000.0,3172.473,42390.287,5d4(5D)6s,6D,5/2,5d3(4F)6s(5F)6p,6G°,7/2,,https://physics.nist.gov/cgi-bin/ASBib1/get_ASBib_ref.cgi?db=tp&amp;db_id=7162&amp;comment_code=&amp;element=W&amp;spectr_charge=2&amp;ref=7162&amp;type=,https://physics.nist.gov/cgi-bin/ASBib1/get_ASBib_ref.cgi?db=el&amp;db_id=11762&amp;comment_code=&amp;element=W&amp;spectr_charge=2&amp;ref=11762&amp;type=
255.485279,7.000000000000001e-06,17800000.0,0.0,39129.46,5d4(5D)6s,6D,1/2,5d4(5D)6p,6F°,3/2,,https://physics.nist.gov/cgi-bin/ASBib1/get_ASBib_ref.cgi?db=tp&amp;db_id=7162&amp;comment_code=&amp;element=W&amp;spectr_charge=2&amp;ref=7162&amp;type=,https://physics.nist.gov/cgi-bin/ASBib1/get_ASBib_ref.cgi?db=el&amp;db_id=11762&amp;comment_code=&amp;element=W&amp;spectr_charge=2&amp;ref=11762&amp;type=
256.390415,3.3e-05,11400000.0,11301.024,50292.354,5d36s2,4F,5/2,5d3(4F)6s(5F)6p,6D°,5/2,,https://physics.nist.gov/cgi-bin/ASBib1/get_ASBib_ref.cgi?db=tp&amp;db_id=7162&amp;comment_code=&amp;element=W&amp;spectr_charge=2&amp;ref=7162&amp;type=,https://physics.nist.gov/cgi-bin/ASBib1/get_ASBib_ref.cgi?db=el&amp;db_id=11762&amp;comment_code=&amp;element=W&amp;spectr_charge=2&amp;ref=11762&amp;type=
257.14442599999995,7.000000000000001e-06,43800000.0,3172.473,42049.478,5d4(5D)6s,6D,5/2,5d4(5D)6p,6F°,5/2,,https://physics.nist.gov/cgi-bin/ASBib1/get_ASBib_ref.cgi?db=tp&amp;db_id=7162&amp;comment_code=&amp;element=W&amp;spectr_charge=2&amp;ref=7162&amp;type=,https://physics.nist.gov/cgi-bin/ASBib1/get_ASBib_ref.cgi?db=el&amp;db_id=11762&amp;comment_code=&amp;element=W&amp;spectr_charge=2&amp;ref=11762&amp;type=
258.119689,0.000867,8990000.0,6147.085,44877.209,5d4(5D)6s,6D,9/2,5d4(5D)6p,6F°,7/2,,https://physics.nist.gov/cgi-bin/ASBib1/get_ASBib_ref.cgi?db=tp&amp;db_id=7162&amp;comment_code=&amp;element=W&amp;spectr_charge=2&amp;ref=7162&amp;type=,https://physics.nist.gov/cgi-bin/ASBib1/get_ASBib_ref.cgi?db=el&amp;db_id=11762&amp;comment_code=&amp;element=W&amp;spectr_charge=2&amp;ref=11762&amp;type=
260.40362000000005,0.0006799999999999999,3440000.0,10592.485,48982.939,,,3/2,5d3(4F)6s(5F)6p,6D°,3/2,,https://physics.nist.gov/cgi-bin/ASBib1/get_ASBib_ref.cgi?db=tp&amp;db_id=7162&amp;comment_code=&amp;element=W&amp;spectr_charge=2&amp;ref=7162&amp;type=,https://physics.nist.gov/cgi-bin/ASBib1/get_ASBib_ref.cgi?db=el&amp;db_id=11762&amp;comment_code=&amp;element=W&amp;spectr_charge=2&amp;ref=11762&amp;type=
265.30032,0.00021,3560000.0,11301.024,48982.939,5d36s2,4F,5/2,5d3(4F)6s(5F)6p,6D°,3/2,,https://physics.nist.gov/cgi-bin/ASBib1/get_ASBib_ref.cgi?db=tp&amp;db_id=7162&amp;comment_code=&amp;element=W&amp;spectr_charge=2&amp;ref=7162&amp;type=,https://physics.nist.gov/cgi-bin/ASBib1/get_ASBib_ref.cgi?db=el&amp;db_id=11762&amp;comment_code=&amp;element=W&amp;spectr_charge=2&amp;ref=11762&amp;type=
265.34201,4e-05,13300000.0,16553.087,54229.082,5d4(3H)6s,4H,9/2,5d4(5D)6p,6F°,11/2,,https://physics.nist.gov/cgi-bin/ASBib1/get_ASBib_ref.cgi?db=tp&amp;db_id=7162&amp;comment_code=&amp;element=W&amp;spectr_charge=2&amp;ref=7162&amp;type=,https://physics.nist.gov/cgi-bin/ASBib1/get_ASBib_ref.cgi?db=el&amp;db_id=11762&amp;comment_code=&amp;element=W&amp;spectr_charge=2&amp;ref=11762&amp;type=
265.355999,7.000000000000001e-06,3790000.0,4716.278,42390.287,5d4(5D)6s,6D,7/2,5d3(4F)6s(5F)6p,6G°,7/2,,https://physics.nist.gov/cgi-bin/ASBib1/get_ASBib_ref.cgi?db=tp&amp;db_id=7162&amp;comment_code=&amp;element=W&amp;spectr_charge=2&amp;ref=7162&amp;type=,https://physics.nist.gov/cgi-bin/ASBib1/get_ASBib_ref.cgi?db=el&amp;db_id=11762&amp;comment_code=&amp;element=W&amp;spectr_charge=2&amp;ref=11762&amp;type=
265.803179,7.000000000000001e-06,33800000.0,1518.829,39129.46,5d4(5D)6s,6D,3/2,5d4(5D)6p,6F°,3/2,,https://physics.nist.gov/cgi-bin/ASBib1/get_ASBib_ref.cgi?db=tp&amp;db_id=7162&amp;comment_code=&amp;element=W&amp;spectr_charge=2&amp;ref=7162&amp;type=,https://physics.nist.gov/cgi-bin/ASBib1/get_ASBib_ref.cgi?db=el&amp;db_id=11762&amp;comment_code=&amp;element=W&amp;spectr_charge=2&amp;ref=11762&amp;type=
266.893812,0.000285,533000.0,7420.261,44877.209,5d5,6S,5/2,5d4(5D)6p,6F°,7/2,,https://physics.nist.gov/cgi-bin/ASBib1/get_ASBib_ref.cgi?db=tp&amp;db_id=7162&amp;comment_code=&amp;element=W&amp;spectr_charge=2&amp;ref=7162&amp;type=,https://physics.nist.gov/cgi-bin/ASBib1/get_ASBib_ref.cgi?db=el&amp;db_id=11762&amp;comment_code=&amp;element=W&amp;spectr_charge=2&amp;ref=11762&amp;type=
267.778533,2.8999999999999997e-05,6360000.0,4716.278,42049.478,5d4(5D)6s,6D,7/2,5d4(5D)6p,6F°,5/2,,https://physics.nist.gov/cgi-bin/ASBib1/get_ASBib_ref.cgi?db=tp&amp;db_id=7162&amp;comment_code=&amp;element=W&amp;spectr_charge=2&amp;ref=7162&amp;type=,https://physics.nist.gov/cgi-bin/ASBib1/get_ASBib_ref.cgi?db=el&amp;db_id=11762&amp;comment_code=&amp;element=W&amp;spectr_charge=2&amp;ref=11762&amp;type=
270.21815499999997,0.000292,2870000.0,10592.485,47588.647,,,3/2,5d4(5D)6p,6P°,3/2,,https://physics.nist.gov/cgi-bin/ASBib1/get_ASBib_ref.cgi?db=tp&amp;db_id=7162&amp;comment_code=&amp;element=W&amp;spectr_charge=2&amp;ref=7162&amp;type=,https://physics.nist.gov/cgi-bin/ASBib1/get_ASBib_ref.cgi?db=el&amp;db_id=11762&amp;comment_code=&amp;element=W&amp;spectr_charge=2&amp;ref=11762&amp;type=
271.71659,4e-05,9500000.0,17436.932,54229.082,5d4(3H)6s,4H,11/2,5d4(5D)6p,6F°,11/2,,https://physics.nist.gov/cgi-bin/ASBib1/get_ASBib_ref.cgi?db=tp&amp;db_id=7162&amp;comment_code=&amp;element=W&amp;spectr_charge=2&amp;ref=7162&amp;type=,https://physics.nist.gov/cgi-bin/ASBib1/get_ASBib_ref.cgi?db=el&amp;db_id=11762&amp;comment_code=&amp;element=W&amp;spectr_charge=2&amp;ref=11762&amp;type=
275.83229900000003,5.3e-05,775000.0,6147.085,42390.287,5d4(5D)6s,6D,9/2,5d3(4F)6s(5F)6p,6G°,7/2,,https://physics.nist.gov/cgi-bin/ASBib1/get_ASBib_ref.cgi?db=tp&amp;db_id=7162&amp;comment_code=&amp;element=W&amp;spectr_charge=2&amp;ref=7162&amp;type=,https://physics.nist.gov/cgi-bin/ASBib1/get_ASBib_ref.cgi?db=el&amp;db_id=11762&amp;comment_code=&amp;element=W&amp;spectr_charge=2&amp;ref=11762&amp;type=
278.028019,4.6e-05,4940000.0,3172.473,39129.46,5d4(5D)6s,6D,5/2,5d4(5D)6p,6F°,3/2,,https://physics.nist.gov/cgi-bin/ASBib1/get_ASBib_ref.cgi?db=tp&amp;db_id=7162&amp;comment_code=&amp;element=W&amp;spectr_charge=2&amp;ref=7162&amp;type=,https://physics.nist.gov/cgi-bin/ASBib1/get_ASBib_ref.cgi?db=el&amp;db_id=11762&amp;comment_code=&amp;element=W&amp;spectr_charge=2&amp;ref=11762&amp;type=
279.17238,0.00039,2270000.0,13173.337,48982.939,5d4(5D)6s,4D,1/2,5d3(4F)6s(5F)6p,6D°,3/2,,https://physics.nist.gov/cgi-bin/ASBib1/get_ASBib_ref.cgi?db=tp&amp;db_id=7162&amp;comment_code=&amp;element=W&amp;spectr_charge=2&amp;ref=7162&amp;type=,https://physics.nist.gov/cgi-bin/ASBib1/get_ASBib_ref.cgi?db=el&amp;db_id=11762&amp;comment_code=&amp;element=W&amp;spectr_charge=2&amp;ref=11762&amp;type=
280.35922,7.900000000000001e-05,6850000.0,14634.336,50292.354,5d4(5D)6s,4D,3/2,5d3(4F)6s(5F)6p,6D°,5/2,,https://physics.nist.gov/cgi-bin/ASBib1/get_ASBib_ref.cgi?db=tp&amp;db_id=7162&amp;comment_code=&amp;element=W&amp;spectr_charge=2&amp;ref=7162&amp;type=,https://physics.nist.gov/cgi-bin/ASBib1/get_ASBib_ref.cgi?db=el&amp;db_id=11762&amp;comment_code=&amp;element=W&amp;spectr_charge=2&amp;ref=11762&amp;type=
281.22008,5.9999999999999995e-05,12300000.0,13434.07,48982.939,,,5/2,5d3(4F)6s(5F)6p,6D°,3/2,,https://physics.nist.gov/cgi-bin/ASBib1/get_ASBib_ref.cgi?db=tp&amp;db_id=7162&amp;comment_code=&amp;element=W&amp;spectr_charge=2&amp;ref=7162&amp;type=,https://physics.nist.gov/cgi-bin/ASBib1/get_ASBib_ref.cgi?db=el&amp;db_id=11762&amp;comment_code=&amp;element=W&amp;spectr_charge=2&amp;ref=11762&amp;type=
283.00550400000003,3.2e-05,17300000.0,14967.745,50292.354,,,5/2,5d3(4F)6s(5F)6p,6D°,5/2,,https://physics.nist.gov/cgi-bin/ASBib1/get_ASBib_ref.cgi?db=tp&amp;db_id=7162&amp;comment_code=&amp;element=W&amp;spectr_charge=2&amp;ref=7162&amp;type=,https://physics.nist.gov/cgi-bin/ASBib1/get_ASBib_ref.cgi?db=el&amp;db_id=11762&amp;comment_code=&amp;element=W&amp;spectr_charge=2&amp;ref=11762&amp;type=
284.448827,0.000405,1810000.0,15146.977,50292.354,5d4(3H)6s,4H,7/2,5d3(4F)6s(5F)6p,6D°,5/2,,https://physics.nist.gov/cgi-bin/ASBib1/get_ASBib_ref.cgi?db=tp&amp;db_id=7162&amp;comment_code=&amp;element=W&amp;spectr_charge=2&amp;ref=7162&amp;type=,https://physics.nist.gov/cgi-bin/ASBib1/get_ASBib_ref.cgi?db=el&amp;db_id=11762&amp;comment_code=&amp;element=W&amp;spectr_charge=2&amp;ref=11762&amp;type=
287.38254,0.00033,1060000.0,19442.466,54229.082,5d4(3H)6s,4H,13/2,5d4(5D)6p,6F°,11/2,,https://physics.nist.gov/cgi-bin/ASBib1/get_ASBib_ref.cgi?db=tp&amp;db_id=7162&amp;comment_code=&amp;element=W&amp;spectr_charge=2&amp;ref=7162&amp;type=,https://physics.nist.gov/cgi-bin/ASBib1/get_ASBib_ref.cgi?db=el&amp;db_id=11762&amp;comment_code=&amp;element=W&amp;spectr_charge=2&amp;ref=11762&amp;type=
288.688835,0.000334,469000.0,7420.261,42049.478,5d5,6S,5/2,5d4(5D)6p,6F°,5/2,,https://physics.nist.gov/cgi-bin/ASBib1/get_ASBib_ref.cgi?db=tp&amp;db_id=7162&amp;comment_code=&amp;element=W&amp;spectr_charge=2&amp;ref=7162&amp;type=,https://physics.nist.gov/cgi-bin/ASBib1/get_ASBib_ref.cgi?db=el&amp;db_id=11762&amp;comment_code=&amp;element=W&amp;spectr_charge=2&amp;ref=11762&amp;type=
291.04741,0.00042,14500000.0,14634.336,48982.939,5d4(5D)6s,4D,3/2,5d3(4F)6s(5F)6p,6D°,3/2,,https://physics.nist.gov/cgi-bin/ASBib1/get_ASBib_ref.cgi?db=tp&amp;db_id=7162&amp;comment_code=&amp;element=W&amp;spectr_charge=2&amp;ref=7162&amp;type=,https://physics.nist.gov/cgi-bin/ASBib1/get_ASBib_ref.cgi?db=el&amp;db_id=11762&amp;comment_code=&amp;element=W&amp;spectr_charge=2&amp;ref=11762&amp;type=
293.53403,0.0001,2770000.0,16234.715,50292.354,,,5/2,5d3(4F)6s(5F)6p,6D°,5/2,,https://physics.nist.gov/cgi-bin/ASBib1/get_ASBib_ref.cgi?db=tp&amp;db_id=7162&amp;comment_code=&amp;element=W&amp;spectr_charge=2&amp;ref=7162&amp;type=,https://physics.nist.gov/cgi-bin/ASBib1/get_ASBib_ref.cgi?db=el&amp;db_id=11762&amp;comment_code=&amp;element=W&amp;spectr_charge=2&amp;ref=11762&amp;type=
295.22366800000003,0.000174,2990000.0,10592.485,44455.212,,,3/2,5d3(4F)6s(5F)6p,6F°,1/2,,https://physics.nist.gov/cgi-bin/ASBib1/get_ASBib_ref.cgi?db=tp&amp;db_id=7162&amp;comment_code=&amp;element=W&amp;spectr_charge=2&amp;ref=7162&amp;type=,https://physics.nist.gov/cgi-bin/ASBib1/get_ASBib_ref.cgi?db=el&amp;db_id=11762&amp;comment_code=&amp;element=W&amp;spectr_charge=2&amp;ref=11762&amp;type=
299.86874,0.00010800000000000001,2440000.0,8711.274,42049.478,5d36s2,4F,3/2,5d4(5D)6p,6F°,5/2,,https://physics.nist.gov/cgi-bin/ASBib1/get_ASBib_ref.cgi?db=tp&amp;db_id=7162&amp;comment_code=&amp;element=W&amp;spectr_charge=2&amp;ref=7162&amp;type=,https://physics.nist.gov/cgi-bin/ASBib1/get_ASBib_ref.cgi?db=el&amp;db_id=11762&amp;comment_code=&amp;element=W&amp;spectr_charge=2&amp;ref=11762&amp;type=
302.19650099999996,3.7e-05,4850000.0,13411.939,46493.356,5d36s2,4F,7/2,5d3(4F)6s(5F)6p,6G°,9/2,,https://physics.nist.gov/cgi-bin/ASBib1/get_ASBib_ref.cgi?db=tp&amp;db_id=7162&amp;comment_code=&amp;element=W&amp;spectr_charge=2&amp;ref=7162&amp;type=,https://physics.nist.gov/cgi-bin/ASBib1/get_ASBib_ref.cgi?db=el&amp;db_id=11762&amp;comment_code=&amp;element=W&amp;spectr_charge=2&amp;ref=11762&amp;type=
303.36213300000003,9.2e-05,7490000.0,14634.336,47588.647,5d4(5D)6s,4D,3/2,5d4(5D)6p,6P°,3/2,,https://physics.nist.gov/cgi-bin/ASBib1/get_ASBib_ref.cgi?db=tp&amp;db_id=7162&amp;comment_code=&amp;element=W&amp;spectr_charge=2&amp;ref=7162&amp;type=,https://physics.nist.gov/cgi-bin/ASBib1/get_ASBib_ref.cgi?db=el&amp;db_id=11762&amp;comment_code=&amp;element=W&amp;spectr_charge=2&amp;ref=11762&amp;type=
309.58698,5e-05,5450000.0,18000.627,50292.354,,,7/2,5d3(4F)6s(5F)6p,6D°,5/2,,https://physics.nist.gov/cgi-bin/ASBib1/get_ASBib_ref.cgi?db=tp&amp;db_id=7162&amp;comment_code=&amp;element=W&amp;spectr_charge=2&amp;ref=7162&amp;type=,https://physics.nist.gov/cgi-bin/ASBib1/get_ASBib_ref.cgi?db=el&amp;db_id=11762&amp;comment_code=&amp;element=W&amp;spectr_charge=2&amp;ref=11762&amp;type=
315.274606,0.000298,455000.0,7420.261,39129.46,5d5,6S,5/2,5d4(5D)6p,6F°,3/2,,https://physics.nist.gov/cgi-bin/ASBib1/get_ASBib_ref.cgi?db=tp&amp;db_id=7162&amp;comment_code=&amp;element=W&amp;spectr_charge=2&amp;ref=7162&amp;type=,https://physics.nist.gov/cgi-bin/ASBib1/get_ASBib_ref.cgi?db=el&amp;db_id=11762&amp;comment_code=&amp;element=W&amp;spectr_charge=2&amp;ref=11762&amp;type=
316.002154,2e-05,6380000.0,14857.16,46493.356,,,9/2,5d3(4F)6s(5F)6p,6G°,9/2,,https://physics.nist.gov/cgi-bin/ASBib1/get_ASBib_ref.cgi?db=tp&amp;db_id=7162&amp;comment_code=&amp;element=W&amp;spectr_charge=2&amp;ref=7162&amp;type=,https://physics.nist.gov/cgi-bin/ASBib1/get_ASBib_ref.cgi?db=el&amp;db_id=11762&amp;comment_code=&amp;element=W&amp;spectr_charge=2&amp;ref=11762&amp;type=
317.718808,6.1e-05,5960000.0,13411.939,44877.209,5d36s2,4F,7/2,5d4(5D)6p,6F°,7/2,,https://physics.nist.gov/cgi-bin/ASBib1/get_ASBib_ref.cgi?db=tp&amp;db_id=7162&amp;comment_code=&amp;element=W&amp;spectr_charge=2&amp;ref=7162&amp;type=,https://physics.nist.gov/cgi-bin/ASBib1/get_ASBib_ref.cgi?db=el&amp;db_id=11762&amp;comment_code=&amp;element=W&amp;spectr_charge=2&amp;ref=11762&amp;type=
317.80241,6.1e-05,2260000.0,10592.485,42049.478,,,3/2,5d4(5D)6p,6F°,5/2,,https://physics.nist.gov/cgi-bin/ASBib1/get_ASBib_ref.cgi?db=tp&amp;db_id=7162&amp;comment_code=&amp;element=W&amp;spectr_charge=2&amp;ref=7162&amp;type=,https://physics.nist.gov/cgi-bin/ASBib1/get_ASBib_ref.cgi?db=el&amp;db_id=11762&amp;comment_code=&amp;element=W&amp;spectr_charge=2&amp;ref=11762&amp;type=
317.94244,5.1e-05,2680000.0,13434.07,44877.209,,,5/2,5d4(5D)6p,6F°,7/2,,https://physics.nist.gov/cgi-bin/ASBib1/get_ASBib_ref.cgi?db=tp&amp;db_id=7162&amp;comment_code=&amp;element=W&amp;spectr_charge=2&amp;ref=7162&amp;type=,https://physics.nist.gov/cgi-bin/ASBib1/get_ASBib_ref.cgi?db=el&amp;db_id=11762&amp;comment_code=&amp;element=W&amp;spectr_charge=2&amp;ref=11762&amp;type=
318.84707099999997,0.00020299999999999997,1050000.0,16234.715,47588.647,,,5/2,5d4(5D)6p,6P°,3/2,,https://physics.nist.gov/cgi-bin/ASBib1/get_ASBib_ref.cgi?db=tp&amp;db_id=7162&amp;comment_code=&amp;element=W&amp;spectr_charge=2&amp;ref=7162&amp;type=,https://physics.nist.gov/cgi-bin/ASBib1/get_ASBib_ref.cgi?db=el&amp;db_id=11762&amp;comment_code=&amp;element=W&amp;spectr_charge=2&amp;ref=11762&amp;type=
318.923901,4.1e-05,6180000.0,15146.977,46493.356,5d4(3H)6s,4H,7/2,5d3(4F)6s(5F)6p,6G°,9/2,,https://physics.nist.gov/cgi-bin/ASBib1/get_ASBib_ref.cgi?db=tp&amp;db_id=7162&amp;comment_code=&amp;element=W&amp;spectr_charge=2&amp;ref=7162&amp;type=,https://physics.nist.gov/cgi-bin/ASBib1/get_ASBib_ref.cgi?db=el&amp;db_id=11762&amp;comment_code=&amp;element=W&amp;spectr_charge=2&amp;ref=11762&amp;type=
319.38194,0.0002,1660000.0,18990.929,50292.354,,,3/2,5d3(4F)6s(5F)6p,6D°,5/2,,https://physics.nist.gov/cgi-bin/ASBib1/get_ASBib_ref.cgi?db=tp&amp;db_id=7162&amp;comment_code=&amp;element=W&amp;spectr_charge=2&amp;ref=7162&amp;type=,https://physics.nist.gov/cgi-bin/ASBib1/get_ASBib_ref.cgi?db=el&amp;db_id=11762&amp;comment_code=&amp;element=W&amp;spectr_charge=2&amp;ref=11762&amp;type=
321.561577,1.1e-05,3000000.0,11301.024,42390.287,5d36s2,4F,5/2,5d3(4F)6s(5F)6p,6G°,7/2,,https://physics.nist.gov/cgi-bin/ASBib1/get_ASBib_ref.cgi?db=tp&amp;db_id=7162&amp;comment_code=&amp;element=W&amp;spectr_charge=2&amp;ref=7162&amp;type=,https://physics.nist.gov/cgi-bin/ASBib1/get_ASBib_ref.cgi?db=el&amp;db_id=11762&amp;comment_code=&amp;element=W&amp;spectr_charge=2&amp;ref=11762&amp;type=
322.5468,0.00021,2430000.0,23234.778,54229.082,,,9/2,5d4(5D)6p,6F°,11/2,,https://physics.nist.gov/cgi-bin/ASBib1/get_ASBib_ref.cgi?db=tp&amp;db_id=7162&amp;comment_code=&amp;element=W&amp;spectr_charge=2&amp;ref=7162&amp;type=,https://physics.nist.gov/cgi-bin/ASBib1/get_ASBib_ref.cgi?db=el&amp;db_id=11762&amp;comment_code=&amp;element=W&amp;spectr_charge=2&amp;ref=11762&amp;type=
325.12582000000003,0.000317,615000.0,11301.024,42049.478,5d36s2,4F,5/2,5d4(5D)6p,6F°,5/2,,https://physics.nist.gov/cgi-bin/ASBib1/get_ASBib_ref.cgi?db=tp&amp;db_id=7162&amp;comment_code=&amp;element=W&amp;spectr_charge=2&amp;ref=7162&amp;type=,https://physics.nist.gov/cgi-bin/ASBib1/get_ASBib_ref.cgi?db=el&amp;db_id=11762&amp;comment_code=&amp;element=W&amp;spectr_charge=2&amp;ref=11762&amp;type=
328.656023,7.6e-05,1510000.0,8711.274,39129.46,5d36s2,4F,3/2,5d4(5D)6p,6F°,3/2,,https://physics.nist.gov/cgi-bin/ASBib1/get_ASBib_ref.cgi?db=tp&amp;db_id=7162&amp;comment_code=&amp;element=W&amp;spectr_charge=2&amp;ref=7162&amp;type=,https://physics.nist.gov/cgi-bin/ASBib1/get_ASBib_ref.cgi?db=el&amp;db_id=11762&amp;comment_code=&amp;element=W&amp;spectr_charge=2&amp;ref=11762&amp;type=
329.97359,9e-05,840000.0,8832.728,39129.46,,,1/2,5d4(5D)6p,6F°,3/2,,https://physics.nist.gov/cgi-bin/ASBib1/get_ASBib_ref.cgi?db=tp&amp;db_id=7162&amp;comment_code=&amp;element=W&amp;spectr_charge=2&amp;ref=7162&amp;type=,https://physics.nist.gov/cgi-bin/ASBib1/get_ASBib_ref.cgi?db=el&amp;db_id=11762&amp;comment_code=&amp;element=W&amp;spectr_charge=2&amp;ref=11762&amp;type=
333.32627,0.00033,1740000.0,18990.929,48982.939,,,3/2,5d3(4F)6s(5F)6p,6D°,3/2,,https://physics.nist.gov/cgi-bin/ASBib1/get_ASBib_ref.cgi?db=tp&amp;db_id=7162&amp;comment_code=&amp;element=W&amp;spectr_charge=2&amp;ref=7162&amp;type=,https://physics.nist.gov/cgi-bin/ASBib1/get_ASBib_ref.cgi?db=el&amp;db_id=11762&amp;comment_code=&amp;element=W&amp;spectr_charge=2&amp;ref=11762&amp;type=
333.90232000000003,6.7e-05,1100000.0,16553.087,46493.356,5d4(3H)6s,4H,9/2,5d3(4F)6s(5F)6p,6G°,9/2,,https://physics.nist.gov/cgi-bin/ASBib1/get_ASBib_ref.cgi?db=tp&amp;db_id=7162&amp;comment_code=&amp;element=W&amp;spectr_charge=2&amp;ref=7162&amp;type=,https://physics.nist.gov/cgi-bin/ASBib1/get_ASBib_ref.cgi?db=el&amp;db_id=11762&amp;comment_code=&amp;element=W&amp;spectr_charge=2&amp;ref=11762&amp;type=
334.246231,2.2e-05,5800000.0,14967.745,44877.209,,,5/2,5d4(5D)6p,6F°,7/2,,https://physics.nist.gov/cgi-bin/ASBib1/get_ASBib_ref.cgi?db=tp&amp;db_id=7162&amp;comment_code=&amp;element=W&amp;spectr_charge=2&amp;ref=7162&amp;type=,https://physics.nist.gov/cgi-bin/ASBib1/get_ASBib_ref.cgi?db=el&amp;db_id=11762&amp;comment_code=&amp;element=W&amp;spectr_charge=2&amp;ref=11762&amp;type=
334.310068,1.1e-05,6070000.0,16589.603,46493.356,,,7/2,5d3(4F)6s(5F)6p,6G°,9/2,,https://physics.nist.gov/cgi-bin/ASBib1/get_ASBib_ref.cgi?db=tp&amp;db_id=7162&amp;comment_code=&amp;element=W&amp;spectr_charge=2&amp;ref=7162&amp;type=,https://physics.nist.gov/cgi-bin/ASBib1/get_ASBib_ref.cgi?db=el&amp;db_id=11762&amp;comment_code=&amp;element=W&amp;spectr_charge=2&amp;ref=11762&amp;type=
335.06403,0.00022,2050000.0,20455.888,50292.354,5d4(3F2)6s,4F,3/2,5d3(4F)6s(5F)6p,6D°,5/2,,https://physics.nist.gov/cgi-bin/ASBib1/get_ASBib_ref.cgi?db=tp&amp;db_id=7162&amp;comment_code=&amp;element=W&amp;spectr_charge=2&amp;ref=7162&amp;type=,https://physics.nist.gov/cgi-bin/ASBib1/get_ASBib_ref.cgi?db=el&amp;db_id=11762&amp;comment_code=&amp;element=W&amp;spectr_charge=2&amp;ref=11762&amp;type=
335.2392,0.00022,629000.0,14634.336,44455.212,5d4(5D)6s,4D,3/2,5d3(4F)6s(5F)6p,6F°,1/2,,https://physics.nist.gov/cgi-bin/ASBib1/get_ASBib_ref.cgi?db=tp&amp;db_id=7162&amp;comment_code=&amp;element=W&amp;spectr_charge=2&amp;ref=7162&amp;type=,https://physics.nist.gov/cgi-bin/ASBib1/get_ASBib_ref.cgi?db=el&amp;db_id=11762&amp;comment_code=&amp;element=W&amp;spectr_charge=2&amp;ref=11762&amp;type=
344.05936299999996,3.6e-05,1710000.0,17436.932,46493.356,5d4(3H)6s,4H,11/2,5d3(4F)6s(5F)6p,6G°,9/2,,https://physics.nist.gov/cgi-bin/ASBib1/get_ASBib_ref.cgi?db=tp&amp;db_id=7162&amp;comment_code=&amp;element=W&amp;spectr_charge=2&amp;ref=7162&amp;type=,https://physics.nist.gov/cgi-bin/ASBib1/get_ASBib_ref.cgi?db=el&amp;db_id=11762&amp;comment_code=&amp;element=W&amp;spectr_charge=2&amp;ref=11762&amp;type=
344.986386,1.2e-05,1200000.0,13411.939,42390.287,5d36s2,4F,7/2,5d3(4F)6s(5F)6p,6G°,7/2,,https://physics.nist.gov/cgi-bin/ASBib1/get_ASBib_ref.cgi?db=tp&amp;db_id=7162&amp;comment_code=&amp;element=W&amp;spectr_charge=2&amp;ref=7162&amp;type=,https://physics.nist.gov/cgi-bin/ASBib1/get_ASBib_ref.cgi?db=el&amp;db_id=11762&amp;comment_code=&amp;element=W&amp;spectr_charge=2&amp;ref=11762&amp;type=
345.250064,2.4e-05,832000.0,13434.07,42390.287,,,5/2,5d3(4F)6s(5F)6p,6G°,7/2,,https://physics.nist.gov/cgi-bin/ASBib1/get_ASBib_ref.cgi?db=tp&amp;db_id=7162&amp;comment_code=&amp;element=W&amp;spectr_charge=2&amp;ref=7162&amp;type=,https://physics.nist.gov/cgi-bin/ASBib1/get_ASBib_ref.cgi?db=el&amp;db_id=11762&amp;comment_code=&amp;element=W&amp;spectr_charge=2&amp;ref=11762&amp;type=
349.03172,7e-05,1350000.0,16234.715,44877.209,,,5/2,5d4(5D)6p,6F°,7/2,,https://physics.nist.gov/cgi-bin/ASBib1/get_ASBib_ref.cgi?db=tp&amp;db_id=7162&amp;comment_code=&amp;element=W&amp;spectr_charge=2&amp;ref=7162&amp;type=,https://physics.nist.gov/cgi-bin/ASBib1/get_ASBib_ref.cgi?db=el&amp;db_id=11762&amp;comment_code=&amp;element=W&amp;spectr_charge=2&amp;ref=11762&amp;type=
349.092115,6.1e-05,3920000.0,13411.939,42049.478,5d36s2,4F,7/2,5d4(5D)6p,6F°,5/2,,https://physics.nist.gov/cgi-bin/ASBib1/get_ASBib_ref.cgi?db=tp&amp;db_id=7162&amp;comment_code=&amp;element=W&amp;spectr_charge=2&amp;ref=7162&amp;type=,https://physics.nist.gov/cgi-bin/ASBib1/get_ASBib_ref.cgi?db=el&amp;db_id=11762&amp;comment_code=&amp;element=W&amp;spectr_charge=2&amp;ref=11762&amp;type=
350.866375,3.7e-05,2320000.0,18000.627,46493.356,,,7/2,5d3(4F)6s(5F)6p,6G°,9/2,,https://physics.nist.gov/cgi-bin/ASBib1/get_ASBib_ref.cgi?db=tp&amp;db_id=7162&amp;comment_code=&amp;element=W&amp;spectr_charge=2&amp;ref=7162&amp;type=,https://physics.nist.gov/cgi-bin/ASBib1/get_ASBib_ref.cgi?db=el&amp;db_id=11762&amp;comment_code=&amp;element=W&amp;spectr_charge=2&amp;ref=11762&amp;type=
352.955063,8.7e-05,2260000.0,16553.087,44877.209,5d4(3H)6s,4H,9/2,5d4(5D)6p,6F°,7/2,,https://physics.nist.gov/cgi-bin/ASBib1/get_ASBib_ref.cgi?db=tp&amp;db_id=7162&amp;comment_code=&amp;element=W&amp;spectr_charge=2&amp;ref=7162&amp;type=,https://physics.nist.gov/cgi-bin/ASBib1/get_ASBib_ref.cgi?db=el&amp;db_id=11762&amp;comment_code=&amp;element=W&amp;spectr_charge=2&amp;ref=11762&amp;type=
355.10688,0.00037999999999999997,182000.0,22139.861,50292.354,5d4(3F2)6s,4F,5/2,5d3(4F)6s(5F)6p,6D°,5/2,,https://physics.nist.gov/cgi-bin/ASBib1/get_ASBib_ref.cgi?db=tp&amp;db_id=7162&amp;comment_code=&amp;element=W&amp;spectr_charge=2&amp;ref=7162&amp;type=,https://physics.nist.gov/cgi-bin/ASBib1/get_ASBib_ref.cgi?db=el&amp;db_id=11762&amp;comment_code=&amp;element=W&amp;spectr_charge=2&amp;ref=11762&amp;type=
355.7915,0.00013000000000000002,1710000.0,22194.031,50292.354,,,7/2,5d3(4F)6s(5F)6p,6D°,5/2,,https://physics.nist.gov/cgi-bin/ASBib1/get_ASBib_ref.cgi?db=tp&amp;db_id=7162&amp;comment_code=&amp;element=W&amp;spectr_charge=2&amp;ref=7162&amp;type=,https://physics.nist.gov/cgi-bin/ASBib1/get_ASBib_ref.cgi?db=el&amp;db_id=11762&amp;comment_code=&amp;element=W&amp;spectr_charge=2&amp;ref=11762&amp;type=
356.14415,0.00025,1040000.0,26158.581,54229.082,5d5,4G,9/2,5d4(5D)6p,6F°,11/2,,https://physics.nist.gov/cgi-bin/ASBib1/get_ASBib_ref.cgi?db=tp&amp;db_id=7162&amp;comment_code=&amp;element=W&amp;spectr_charge=2&amp;ref=7162&amp;type=,https://physics.nist.gov/cgi-bin/ASBib1/get_ASBib_ref.cgi?db=el&amp;db_id=11762&amp;comment_code=&amp;element=W&amp;spectr_charge=2&amp;ref=11762&amp;type=
359.242151,0.0019370000000000001,7240000.0,11301.024,39129.46,5d36s2,4F,5/2,5d4(5D)6p,6F°,3/2,,https://physics.nist.gov/cgi-bin/ASBib1/get_ASBib_ref.cgi?db=tp&amp;db_id=7162&amp;comment_code=&amp;element=W&amp;spectr_charge=2&amp;ref=7162&amp;type=,https://physics.nist.gov/cgi-bin/ASBib1/get_ASBib_ref.cgi?db=el&amp;db_id=11762&amp;comment_code=&amp;element=W&amp;spectr_charge=2&amp;ref=11762&amp;type=
364.55960899999997,1.3000000000000001e-05,1460000.0,14967.745,42390.287,,,5/2,5d3(4F)6s(5F)6p,6G°,7/2,,https://physics.nist.gov/cgi-bin/ASBib1/get_ASBib_ref.cgi?db=tp&amp;db_id=7162&amp;comment_code=&amp;element=W&amp;spectr_charge=2&amp;ref=7162&amp;type=,https://physics.nist.gov/cgi-bin/ASBib1/get_ASBib_ref.cgi?db=el&amp;db_id=11762&amp;comment_code=&amp;element=W&amp;spectr_charge=2&amp;ref=11762&amp;type=
364.658015,4e-05,2100000.0,14634.336,42049.478,5d4(5D)6s,4D,3/2,5d4(5D)6p,6F°,5/2,,https://physics.nist.gov/cgi-bin/ASBib1/get_ASBib_ref.cgi?db=tp&amp;db_id=7162&amp;comment_code=&amp;element=W&amp;spectr_charge=2&amp;ref=7162&amp;type=,https://physics.nist.gov/cgi-bin/ASBib1/get_ASBib_ref.cgi?db=el&amp;db_id=11762&amp;comment_code=&amp;element=W&amp;spectr_charge=2&amp;ref=11762&amp;type=
369.147516,0.00040899999999999997,160000.0,14967.745,42049.478,,,5/2,5d4(5D)6p,6F°,5/2,,https://physics.nist.gov/cgi-bin/ASBib1/get_ASBib_ref.cgi?db=tp&amp;db_id=7162&amp;comment_code=&amp;element=W&amp;spectr_charge=2&amp;ref=7162&amp;type=,https://physics.nist.gov/cgi-bin/ASBib1/get_ASBib_ref.cgi?db=el&amp;db_id=11762&amp;comment_code=&amp;element=W&amp;spectr_charge=2&amp;ref=11762&amp;type=
371.60694,2.9999999999999997e-05,3020000.0,15146.977,42049.478,5d4(3H)6s,4H,7/2,5d4(5D)6p,6F°,5/2,,https://physics.nist.gov/cgi-bin/ASBib1/get_ASBib_ref.cgi?db=tp&amp;db_id=7162&amp;comment_code=&amp;element=W&amp;spectr_charge=2&amp;ref=7162&amp;type=,https://physics.nist.gov/cgi-bin/ASBib1/get_ASBib_ref.cgi?db=el&amp;db_id=11762&amp;comment_code=&amp;element=W&amp;spectr_charge=2&amp;ref=11762&amp;type=
372.4296,0.00056,570000.0,22139.861,48982.939,5d4(3F2)6s,4F,5/2,5d3(4F)6s(5F)6p,6D°,3/2,,https://physics.nist.gov/cgi-bin/ASBib1/get_ASBib_ref.cgi?db=tp&amp;db_id=7162&amp;comment_code=&amp;element=W&amp;spectr_charge=2&amp;ref=7162&amp;type=,https://physics.nist.gov/cgi-bin/ASBib1/get_ASBib_ref.cgi?db=el&amp;db_id=11762&amp;comment_code=&amp;element=W&amp;spectr_charge=2&amp;ref=11762&amp;type=
377.41294,0.0001,2080000.0,23803.702,50292.354,,,7/2,5d3(4F)6s(5F)6p,6D°,5/2,,https://physics.nist.gov/cgi-bin/ASBib1/get_ASBib_ref.cgi?db=tp&amp;db_id=7162&amp;comment_code=&amp;element=W&amp;spectr_charge=2&amp;ref=7162&amp;type=,https://physics.nist.gov/cgi-bin/ASBib1/get_ASBib_ref.cgi?db=el&amp;db_id=11762&amp;comment_code=&amp;element=W&amp;spectr_charge=2&amp;ref=11762&amp;type=
377.53643,0.00057,348000.0,22502.951,48982.939,5d4(3D)6s,4D,3/2,5d3(4F)6s(5F)6p,6D°,3/2,,https://physics.nist.gov/cgi-bin/ASBib1/get_ASBib_ref.cgi?db=tp&amp;db_id=7162&amp;comment_code=&amp;element=W&amp;spectr_charge=2&amp;ref=7162&amp;type=,https://physics.nist.gov/cgi-bin/ASBib1/get_ASBib_ref.cgi?db=el&amp;db_id=11762&amp;comment_code=&amp;element=W&amp;spectr_charge=2&amp;ref=11762&amp;type=
385.11118999999997,0.00022,208000.0,20534.191,46493.356,,,11/2,5d3(4F)6s(5F)6p,6G°,9/2,,https://physics.nist.gov/cgi-bin/ASBib1/get_ASBib_ref.cgi?db=tp&amp;db_id=7162&amp;comment_code=&amp;element=W&amp;spectr_charge=2&amp;ref=7162&amp;type=,https://physics.nist.gov/cgi-bin/ASBib1/get_ASBib_ref.cgi?db=el&amp;db_id=11762&amp;comment_code=&amp;element=W&amp;spectr_charge=2&amp;ref=11762&amp;type=
385.15632,2.9999999999999997e-05,3040000.0,13173.337,39129.46,5d4(5D)6s,4D,1/2,5d4(5D)6p,6F°,3/2,,https://physics.nist.gov/cgi-bin/ASBib1/get_ASBib_ref.cgi?db=tp&amp;db_id=7162&amp;comment_code=&amp;element=W&amp;spectr_charge=2&amp;ref=7162&amp;type=,https://physics.nist.gov/cgi-bin/ASBib1/get_ASBib_ref.cgi?db=el&amp;db_id=11762&amp;comment_code=&amp;element=W&amp;spectr_charge=2&amp;ref=11762&amp;type=
387.26546,0.00014,641000.0,16234.715,42049.478,,,5/2,5d4(5D)6p,6F°,5/2,,https://physics.nist.gov/cgi-bin/ASBib1/get_ASBib_ref.cgi?db=tp&amp;db_id=7162&amp;comment_code=&amp;element=W&amp;spectr_charge=2&amp;ref=7162&amp;type=,https://physics.nist.gov/cgi-bin/ASBib1/get_ASBib_ref.cgi?db=el&amp;db_id=11762&amp;comment_code=&amp;element=W&amp;spectr_charge=2&amp;ref=11762&amp;type=
387.38707999999997,0.00045,248000.0,19070.55,44877.209,,,9/2,5d4(5D)6p,6F°,7/2,,https://physics.nist.gov/cgi-bin/ASBib1/get_ASBib_ref.cgi?db=tp&amp;db_id=7162&amp;comment_code=&amp;element=W&amp;spectr_charge=2&amp;ref=7162&amp;type=,https://physics.nist.gov/cgi-bin/ASBib1/get_ASBib_ref.cgi?db=el&amp;db_id=11762&amp;comment_code=&amp;element=W&amp;spectr_charge=2&amp;ref=11762&amp;type=
391.54648,0.00015,1230000.0,23450.418,48982.939,5d4(3D)6s,4D,5/2,5d3(4F)6s(5F)6p,6D°,3/2,,https://physics.nist.gov/cgi-bin/ASBib1/get_ASBib_ref.cgi?db=tp&amp;db_id=7162&amp;comment_code=&amp;element=W&amp;spectr_charge=2&amp;ref=7162&amp;type=,https://physics.nist.gov/cgi-bin/ASBib1/get_ASBib_ref.cgi?db=el&amp;db_id=11762&amp;comment_code=&amp;element=W&amp;spectr_charge=2&amp;ref=11762&amp;type=
392.83482999999995,0.0007700000000000001,571000.0,22139.861,47588.647,5d4(3F2)6s,4F,5/2,5d4(5D)6p,6P°,3/2,,https://physics.nist.gov/cgi-bin/ASBib1/get_ASBib_ref.cgi?db=tp&amp;db_id=7162&amp;comment_code=&amp;element=W&amp;spectr_charge=2&amp;ref=7162&amp;type=,https://physics.nist.gov/cgi-bin/ASBib1/get_ASBib_ref.cgi?db=el&amp;db_id=11762&amp;comment_code=&amp;element=W&amp;spectr_charge=2&amp;ref=11762&amp;type=
396.08601,0.00031,424000.0,19637.309,44877.209,,,5/2,5d4(5D)6p,6F°,7/2,,https://physics.nist.gov/cgi-bin/ASBib1/get_ASBib_ref.cgi?db=tp&amp;db_id=7162&amp;comment_code=&amp;element=W&amp;spectr_charge=2&amp;ref=7162&amp;type=,https://physics.nist.gov/cgi-bin/ASBib1/get_ASBib_ref.cgi?db=el&amp;db_id=11762&amp;comment_code=&amp;element=W&amp;spectr_charge=2&amp;ref=11762&amp;type=
397.93736,0.00063,408000.0,25169.877,50292.354,,,3/2,5d3(4F)6s(5F)6p,6D°,5/2,,https://physics.nist.gov/cgi-bin/ASBib1/get_ASBib_ref.cgi?db=tp&amp;db_id=7162&amp;comment_code=&amp;element=W&amp;spectr_charge=2&amp;ref=7162&amp;type=,https://physics.nist.gov/cgi-bin/ASBib1/get_ASBib_ref.cgi?db=el&amp;db_id=11762&amp;comment_code=&amp;element=W&amp;spectr_charge=2&amp;ref=11762&amp;type=
399.04036,0.00064,659000.0,22535.61,47588.647,,,1/2,5d4(5D)6p,6P°,3/2,,https://physics.nist.gov/cgi-bin/ASBib1/get_ASBib_ref.cgi?db=tp&amp;db_id=7162&amp;comment_code=&amp;element=W&amp;spectr_charge=2&amp;ref=7162&amp;type=,https://physics.nist.gov/cgi-bin/ASBib1/get_ASBib_ref.cgi?db=el&amp;db_id=11762&amp;comment_code=&amp;element=W&amp;spectr_charge=2&amp;ref=11762&amp;type=
401.69208,0.00047999999999999996,118000.0,29341.426,54229.082,,,9/2,5d4(5D)6p,6F°,11/2,,https://physics.nist.gov/cgi-bin/ASBib1/get_ASBib_ref.cgi?db=tp&amp;db_id=7162&amp;comment_code=&amp;element=W&amp;spectr_charge=2&amp;ref=7162&amp;type=,https://physics.nist.gov/cgi-bin/ASBib1/get_ASBib_ref.cgi?db=el&amp;db_id=11762&amp;comment_code=&amp;element=W&amp;spectr_charge=2&amp;ref=11762&amp;type=
406.05496,0.00033,639000.0,25672.099,50292.354,,,5/2,5d3(4F)6s(5F)6p,6D°,5/2,,https://physics.nist.gov/cgi-bin/ASBib1/get_ASBib_ref.cgi?db=tp&amp;db_id=7162&amp;comment_code=&amp;element=W&amp;spectr_charge=2&amp;ref=7162&amp;type=,https://physics.nist.gov/cgi-bin/ASBib1/get_ASBib_ref.cgi?db=el&amp;db_id=11762&amp;comment_code=&amp;element=W&amp;spectr_charge=2&amp;ref=11762&amp;type=
408.12928999999997,5e-05,1210000.0,14634.336,39129.46,5d4(5D)6s,4D,3/2,5d4(5D)6p,6F°,3/2,,https://physics.nist.gov/cgi-bin/ASBib1/get_ASBib_ref.cgi?db=tp&amp;db_id=7162&amp;comment_code=&amp;element=W&amp;spectr_charge=2&amp;ref=7162&amp;type=,https://physics.nist.gov/cgi-bin/ASBib1/get_ASBib_ref.cgi?db=el&amp;db_id=11762&amp;comment_code=&amp;element=W&amp;spectr_charge=2&amp;ref=11762&amp;type=
411.41798,0.00022,358000.0,22194.031,46493.356,,,7/2,5d3(4F)6s(5F)6p,6G°,9/2,,https://physics.nist.gov/cgi-bin/ASBib1/get_ASBib_ref.cgi?db=tp&amp;db_id=7162&amp;comment_code=&amp;element=W&amp;spectr_charge=2&amp;ref=7162&amp;type=,https://physics.nist.gov/cgi-bin/ASBib1/get_ASBib_ref.cgi?db=el&amp;db_id=11762&amp;comment_code=&amp;element=W&amp;spectr_charge=2&amp;ref=11762&amp;type=
413.76121,9e-05,907000.0,14967.745,39129.46,,,5/2,5d4(5D)6p,6F°,3/2,,https://physics.nist.gov/cgi-bin/ASBib1/get_ASBib_ref.cgi?db=tp&amp;db_id=7162&amp;comment_code=&amp;element=W&amp;spectr_charge=2&amp;ref=7162&amp;type=,https://physics.nist.gov/cgi-bin/ASBib1/get_ASBib_ref.cgi?db=el&amp;db_id=11762&amp;comment_code=&amp;element=W&amp;spectr_charge=2&amp;ref=11762&amp;type=
415.70307,0.0001,578000.0,18000.627,42049.478,,,7/2,5d4(5D)6p,6F°,5/2,,https://physics.nist.gov/cgi-bin/ASBib1/get_ASBib_ref.cgi?db=tp&amp;db_id=7162&amp;comment_code=&amp;element=W&amp;spectr_charge=2&amp;ref=7162&amp;type=,https://physics.nist.gov/cgi-bin/ASBib1/get_ASBib_ref.cgi?db=el&amp;db_id=11762&amp;comment_code=&amp;element=W&amp;spectr_charge=2&amp;ref=11762&amp;type=
433.55674000000005,0.00023999999999999998,622000.0,18990.929,42049.478,,,3/2,5d4(5D)6p,6F°,5/2,,https://physics.nist.gov/cgi-bin/ASBib1/get_ASBib_ref.cgi?db=tp&amp;db_id=7162&amp;comment_code=&amp;element=W&amp;spectr_charge=2&amp;ref=7162&amp;type=,https://physics.nist.gov/cgi-bin/ASBib1/get_ASBib_ref.cgi?db=el&amp;db_id=11762&amp;comment_code=&amp;element=W&amp;spectr_charge=2&amp;ref=11762&amp;type=
439.37948,5.9999999999999995e-05,324000.0,19637.309,42390.287,,,5/2,5d3(4F)6s(5F)6p,6G°,7/2,,https://physics.nist.gov/cgi-bin/ASBib1/get_ASBib_ref.cgi?db=tp&amp;db_id=7162&amp;comment_code=&amp;element=W&amp;spectr_charge=2&amp;ref=7162&amp;type=,https://physics.nist.gov/cgi-bin/ASBib1/get_ASBib_ref.cgi?db=el&amp;db_id=11762&amp;comment_code=&amp;element=W&amp;spectr_charge=2&amp;ref=11762&amp;type=
440.60575,0.00039,244000.0,23803.702,46493.356,,,7/2,5d3(4F)6s(5F)6p,6G°,9/2,,https://physics.nist.gov/cgi-bin/ASBib1/get_ASBib_ref.cgi?db=tp&amp;db_id=7162&amp;comment_code=&amp;element=W&amp;spectr_charge=2&amp;ref=7162&amp;type=,https://physics.nist.gov/cgi-bin/ASBib1/get_ASBib_ref.cgi?db=el&amp;db_id=11762&amp;comment_code=&amp;element=W&amp;spectr_charge=2&amp;ref=11762&amp;type=
446.06098,0.001,110000.0,19637.309,42049.478,,,5/2,5d4(5D)6p,6F°,5/2,,https://physics.nist.gov/cgi-bin/ASBib1/get_ASBib_ref.cgi?db=tp&amp;db_id=7162&amp;comment_code=&amp;element=W&amp;spectr_charge=2&amp;ref=7162&amp;type=,https://physics.nist.gov/cgi-bin/ASBib1/get_ASBib_ref.cgi?db=el&amp;db_id=11762&amp;comment_code=&amp;element=W&amp;spectr_charge=2&amp;ref=11762&amp;type=
466.57482999999996,0.00026000000000000003,480000.0,23450.418,44877.209,5d4(3D)6s,4D,5/2,5d4(5D)6p,6F°,7/2,,https://physics.nist.gov/cgi-bin/ASBib1/get_ASBib_ref.cgi?db=tp&amp;db_id=7162&amp;comment_code=&amp;element=W&amp;spectr_charge=2&amp;ref=7162&amp;type=,https://physics.nist.gov/cgi-bin/ASBib1/get_ASBib_ref.cgi?db=el&amp;db_id=11762&amp;comment_code=&amp;element=W&amp;spectr_charge=2&amp;ref=11762&amp;type=
493.67897,0.00049,201000.0,22139.861,42390.287,5d4(3F2)6s,4F,5/2,5d3(4F)6s(5F)6p,6G°,7/2,,https://physics.nist.gov/cgi-bin/ASBib1/get_ASBib_ref.cgi?db=tp&amp;db_id=7162&amp;comment_code=&amp;element=W&amp;spectr_charge=2&amp;ref=7162&amp;type=,https://physics.nist.gov/cgi-bin/ASBib1/get_ASBib_ref.cgi?db=el&amp;db_id=11762&amp;comment_code=&amp;element=W&amp;spectr_charge=2&amp;ref=11762&amp;type=
527.83987,0.00056,108000.0,23450.418,42390.287,5d4(3D)6s,4D,5/2,5d3(4F)6s(5F)6p,6G°,7/2,,https://physics.nist.gov/cgi-bin/ASBib1/get_ASBib_ref.cgi?db=tp&amp;db_id=7162&amp;comment_code=&amp;element=W&amp;spectr_charge=2&amp;ref=7162&amp;type=,https://physics.nist.gov/cgi-bin/ASBib1/get_ASBib_ref.cgi?db=el&amp;db_id=11762&amp;comment_code=&amp;element=W&amp;spectr_charge=2&amp;ref=11762&amp;type=
