Observed  Wavelength  Vac (nm),Unc.  (nm),Ritz  Wavelength  Vac (nm),Unc.  (nm),Rel.  Int. (?),Aki (s-1),Acc.,Ei  (cm-1),,Ek  (cm-1),"Lower Level  Conf., Term, J","Lower Level  Conf., Term, J","Lower Level  Conf., Term, J","Upper Level  Conf., Term, J","Upper Level  Conf., Term, J","Upper Level  Conf., Term, J",Type,TPRef.,LineRef.
119.5289,0.0002,,,110,,,,,,,,,,,,,,https://physics.nist.gov/cgi-bin/ASBib1/get_ASBib_ref.cgi?db=el&amp;db_id=368&amp;comment_code=&amp;element=I&amp;spectr_charge=1&amp;ref=368&amp;type=
121.8411,0.0002,121.84109,0.00006,1400,,,0.000,-,82 074.12,5s25p5,2P°,3/2,5s<sup>2</sup>5p<sup>4</sup>(<sup>3</sup>P<sub>2</sub>)11s,2[2],5/2,,,https://physics.nist.gov/cgi-bin/ASBib1/get_ASBib_ref.cgi?db=el&amp;db_id=368&amp;comment_code=&amp;element=I&amp;spectr_charge=1&amp;ref=368&amp;type=
122.4049,0.0002,122.40500,0.00006,4400,,,0.000,-,81 696.01,5s25p5,2P°,3/2,5s<sup>2</sup>5p<sup>4</sup>(<sup>3</sup>P<sub>2</sub>)9d,2[3],5/2,,,https://physics.nist.gov/cgi-bin/ASBib1/get_ASBib_ref.cgi?db=el&amp;db_id=368&amp;comment_code=&amp;element=I&amp;spectr_charge=1&amp;ref=368&amp;type=
122.4077,0.0002,122.40770,0.00006,4400,,,0.000,-,81 694.21,5s25p5,2P°,3/2,5s<sup>2</sup>5p<sup>4</sup>(<sup>3</sup>P<sub>2</sub>)9d,2[2],3/2,,,https://physics.nist.gov/cgi-bin/ASBib1/get_ASBib_ref.cgi?db=el&amp;db_id=368&amp;comment_code=&amp;element=I&amp;spectr_charge=1&amp;ref=368&amp;type=
122.8888,0.0002,122.88888,0.00006,3800,,,0.000,-,81 374.33,5s25p5,2P°,3/2,5s<sup>2</sup>5p<sup>4</sup>(<sup>3</sup>P<sub>2</sub>)10s,2[2],3/2,,,https://physics.nist.gov/cgi-bin/ASBib1/get_ASBib_ref.cgi?db=el&amp;db_id=368&amp;comment_code=&amp;element=I&amp;spectr_charge=1&amp;ref=368&amp;type=
125.1335,0.0002,125.133452,0.000011,5400,,,0.000,-,79 914.682,5s25p5,2P°,3/2,5s<sup>2</sup>5p<sup>4</sup>(<sup>3</sup>P<sub>2</sub>)9s,2[2],5/2,,,https://physics.nist.gov/cgi-bin/ASBib1/get_ASBib_ref.cgi?db=el&amp;db_id=368&amp;comment_code=&amp;element=I&amp;spectr_charge=1&amp;ref=368&amp;type=
125.9153,0.0002,125.915264,0.000011,24000,,,0.000,-,79 418.489,5s25p5,2P°,3/2,5s<sup>2</sup>5p<sup>4</sup>(<sup>3</sup>P<sub>2</sub>)7d,2[2],5/2,,,https://physics.nist.gov/cgi-bin/ASBib1/get_ASBib_ref.cgi?db=el&amp;db_id=368&amp;comment_code=&amp;element=I&amp;spectr_charge=1&amp;ref=368&amp;type=
125.9511,0.0002,125.951093,0.000011,29000,,,0.000,-,79 395.897,5s25p5,2P°,3/2,5s<sup>2</sup>5p<sup>4</sup>(<sup>3</sup>P<sub>2</sub>)7d,2[2],3/2,,,https://physics.nist.gov/cgi-bin/ASBib1/get_ASBib_ref.cgi?db=el&amp;db_id=368&amp;comment_code=&amp;element=I&amp;spectr_charge=1&amp;ref=368&amp;type=
126.1268,0.0002,126.126828,0.000011,7700,,,0.000,-,79 285.273,5s25p5,2P°,3/2,5s<sup>2</sup>5p<sup>4</sup>(<sup>3</sup>P<sub>1</sub>)7s,2[1],1/2,,,https://physics.nist.gov/cgi-bin/ASBib1/get_ASBib_ref.cgi?db=el&amp;db_id=368&amp;comment_code=&amp;element=I&amp;spectr_charge=1&amp;ref=368&amp;type=
126.7569,0.0002,126.756871,0.000011,6100,,,0.000,-,78 891.187,5s25p5,2P°,3/2,5s<sup>2</sup>5p<sup>4</sup>(<sup>3</sup>P<sub>1</sub>)7s,2[1],3/2,,,https://physics.nist.gov/cgi-bin/ASBib1/get_ASBib_ref.cgi?db=el&amp;db_id=368&amp;comment_code=&amp;element=I&amp;spectr_charge=1&amp;ref=368&amp;type=
126.7596,0.0002,126.759548,0.000011,6100,,,0.000,-,78 889.521,5s25p5,2P°,3/2,5s<sup>2</sup>5p<sup>4</sup>(<sup>3</sup>P<sub>2</sub>)7d,2[1],1/2,,,https://physics.nist.gov/cgi-bin/ASBib1/get_ASBib_ref.cgi?db=el&amp;db_id=368&amp;comment_code=&amp;element=I&amp;spectr_charge=1&amp;ref=368&amp;type=
127.5255,0.0002,127.525532,0.000011,16000,,,0.000,-,78 415.670,5s25p5,2P°,3/2,5s<sup>2</sup>5p<sup>4</sup>(<sup>3</sup>P<sub>0</sub>)7s,2[0],1/2,,,https://physics.nist.gov/cgi-bin/ASBib1/get_ASBib_ref.cgi?db=el&amp;db_id=368&amp;comment_code=&amp;element=I&amp;spectr_charge=1&amp;ref=368&amp;type=
128.9395,0.0002,128.939382,0.000012,35000,,,0.000,-,77 555.824,5s25p5,2P°,3/2,5s<sup>2</sup>5p<sup>4</sup>(<sup>3</sup>P<sub>2</sub>)8s,2[2],3/2,,,https://physics.nist.gov/cgi-bin/ASBib1/get_ASBib_ref.cgi?db=el&amp;db_id=368&amp;comment_code=&amp;element=I&amp;spectr_charge=1&amp;ref=368&amp;type=
130.0335,0.0002,130.033484,0.000012,130000,,,0.000,-,76 903.269,5s25p5,2P°,3/2,5s<sup>2</sup>5p<sup>4</sup>(<sup>3</sup>P<sub>2</sub>)6d,2[2],5/2,,,https://physics.nist.gov/cgi-bin/ASBib1/get_ASBib_ref.cgi?db=el&amp;db_id=368&amp;comment_code=&amp;element=I&amp;spectr_charge=1&amp;ref=368&amp;type=
130.2983,0.0002,130.298290,0.000012,39000,,,0.000,-,76 746.978,5s25p5,2P°,3/2,5s<sup>2</sup>5p<sup>4</sup>(<sup>3</sup>P<sub>2</sub>)6d,2[2],3/2,,,https://physics.nist.gov/cgi-bin/ASBib1/get_ASBib_ref.cgi?db=el&amp;db_id=368&amp;comment_code=&amp;element=I&amp;spectr_charge=1&amp;ref=368&amp;type=
131.3947,0.0002,131.394739,0.000012,41000,,,0.000,-,76 106.548,5s25p5,2P°,3/2,5s<sup>2</sup>5p<sup>4</sup>(<sup>3</sup>P<sub>2</sub>)6d,2[3],5/2,,,https://physics.nist.gov/cgi-bin/ASBib1/get_ASBib_ref.cgi?db=el&amp;db_id=368&amp;comment_code=&amp;element=I&amp;spectr_charge=1&amp;ref=368&amp;type=
131.7542,0.0002,131.754227,0.000012,42000,,,0.000,-,75 898.893,5s25p5,2P°,3/2,5s<sup>2</sup>5p<sup>4</sup>(<sup>3</sup>P<sub>1</sub>)5d,2[2],5/2,,,https://physics.nist.gov/cgi-bin/ASBib1/get_ASBib_ref.cgi?db=el&amp;db_id=368&amp;comment_code=&amp;element=I&amp;spectr_charge=1&amp;ref=368&amp;type=
133.0189,0.0002,133.018992,0.000013,31000,,,0.000,-,75 177.235,5s25p5,2P°,3/2,5s<sup>2</sup>5p<sup>4</sup>(<sup>3</sup>P<sub>1</sub>)5d,2[3],5/2,,,https://physics.nist.gov/cgi-bin/ASBib1/get_ASBib_ref.cgi?db=el&amp;db_id=368&amp;comment_code=&amp;element=I&amp;spectr_charge=1&amp;ref=368&amp;type=
135.5099,0.0002,135.509935,0.000013,89000,,,0.000,-,73 795.327,5s25p5,2P°,3/2,5s<sup>2</sup>5p<sup>4</sup>(<sup>3</sup>P<sub>0</sub>)5d,2[2],5/2,,,https://physics.nist.gov/cgi-bin/ASBib1/get_ASBib_ref.cgi?db=el&amp;db_id=368&amp;comment_code=&amp;element=I&amp;spectr_charge=1&amp;ref=368&amp;type=
135.7971,0.0002,135.797054,0.000013,54000,,,0.000,-,73 639.300,5s25p5,2P°,3/2,5s<sup>2</sup>5p<sup>4</sup>(<sup>3</sup>P<sub>0</sub>)5d,2[2],3/2,,,https://physics.nist.gov/cgi-bin/ASBib1/get_ASBib_ref.cgi?db=el&amp;db_id=368&amp;comment_code=&amp;element=I&amp;spectr_charge=1&amp;ref=368&amp;type=
136.0965,0.0006,136.095465,0.000013,92000,,,0.000,-,73 477.834,5s25p5,2P°,3/2,5s<sup>2</sup>5p<sup>4</sup>(<sup>1</sup>D<sub>2</sub>)5d,2[0],1/2,,,https://physics.nist.gov/cgi-bin/ASBib1/get_ASBib_ref.cgi?db=el&amp;db_id=368&amp;comment_code=&amp;element=I&amp;spectr_charge=1&amp;ref=368&amp;type=
136.1111,0.0002,136.110635,0.000013,20000,,,7 602.970,-,81 072.615,5s25p5,2P°,1/2,5s<sup>2</sup>5p<sup>4</sup>(<sup>1</sup>D<sub>2</sub>)5d,2[1],3/2,,,https://physics.nist.gov/cgi-bin/ASBib1/get_ASBib_ref.cgi?db=el&amp;db_id=368&amp;comment_code=&amp;element=I&amp;spectr_charge=1&amp;ref=368&amp;type=
136.7714,0.0002,136.771201,0.000013,48000,,,0.000,-,73 114.807,5s25p5,2P°,3/2,5s<sup>2</sup>5p<sup>4</sup>(<sup>3</sup>P<sub>1</sub>)5d,2[1],1/2,,,https://physics.nist.gov/cgi-bin/ASBib1/get_ASBib_ref.cgi?db=el&amp;db_id=368&amp;comment_code=&amp;element=I&amp;spectr_charge=1&amp;ref=368&amp;type=
136.8217,0.0002,136.82142,0.00008,17000,,,7 602.970,-,80 690.94,5s25p5,2P°,1/2,5s<sup>2</sup>5p<sup>4</sup>(<sup>3</sup>P<sub>2</sub>)8d,2[1],3/2,,,https://physics.nist.gov/cgi-bin/ASBib1/get_ASBib_ref.cgi?db=el&amp;db_id=368&amp;comment_code=&amp;element=I&amp;spectr_charge=1&amp;ref=368&amp;type=
138.3225,0.0002,138.322380,0.000014,84000,,,0.000,-,72 294.881,5s25p5,2P°,3/2,5s<sup>2</sup>5p<sup>4</sup>(<sup>3</sup>P<sub>2</sub>)7s,2[2],3/2,,,https://physics.nist.gov/cgi-bin/ASBib1/get_ASBib_ref.cgi?db=el&amp;db_id=368&amp;comment_code=&amp;element=I&amp;spectr_charge=1&amp;ref=368&amp;type=
139.0750,0.0002,139.074832,0.000014,66000,,,0.000,-,71 903.736,5s25p5,2P°,3/2,5s<sup>2</sup>5p<sup>4</sup>(<sup>3</sup>P<sub>2</sub>)7s,2[2],5/2,,,https://physics.nist.gov/cgi-bin/ASBib1/get_ASBib_ref.cgi?db=el&amp;db_id=368&amp;comment_code=&amp;element=I&amp;spectr_charge=1&amp;ref=368&amp;type=
139.2898,0.0002,139.289487,0.000014,16000,,,7 602.970,-,79 395.897,5s25p5,2P°,1/2,5s<sup>2</sup>5p<sup>4</sup>(<sup>3</sup>P<sub>2</sub>)7d,2[2],3/2,,,https://physics.nist.gov/cgi-bin/ASBib1/get_ASBib_ref.cgi?db=el&amp;db_id=368&amp;comment_code=&amp;element=I&amp;spectr_charge=1&amp;ref=368&amp;type=
140.0014,0.0002,140.001077,0.000014,17000,,,7 602.970,-,79 030.992,5s25p5,2P°,1/2,5s<sup>2</sup>5p<sup>4</sup>(<sup>3</sup>P<sub>2</sub>)7d,2[1],3/2,,,https://physics.nist.gov/cgi-bin/ASBib1/get_ASBib_ref.cgi?db=el&amp;db_id=368&amp;comment_code=&amp;element=I&amp;spectr_charge=1&amp;ref=368&amp;type=
142.5490,0.0002,142.549234,0.000014,210000,,,0.000,-,70 151.201,5s25p5,2P°,3/2,5s<sup>2</sup>5p<sup>4</sup>(<sup>3</sup>P<sub>2</sub>)5d,2[2],5/2,,,https://physics.nist.gov/cgi-bin/ASBib1/get_ASBib_ref.cgi?db=el&amp;db_id=368&amp;comment_code=&amp;element=I&amp;spectr_charge=1&amp;ref=368&amp;type=
144.6261,0.0002,144.625692,0.000015,53000,,,7 602.970,-,76 746.978,5s25p5,2P°,1/2,5s<sup>2</sup>5p<sup>4</sup>(<sup>3</sup>P<sub>2</sub>)6d,2[2],3/2,,,https://physics.nist.gov/cgi-bin/ASBib1/get_ASBib_ref.cgi?db=el&amp;db_id=368&amp;comment_code=&amp;element=I&amp;spectr_charge=1&amp;ref=368&amp;type=
145.3179,0.0002,145.317550,0.000015,55000,,,7 602.970,-,76 417.783,5s25p5,2P°,1/2,5s<sup>2</sup>5p<sup>4</sup>(<sup>3</sup>P<sub>2</sub>)6d,2[1],1/2,,,https://physics.nist.gov/cgi-bin/ASBib1/get_ASBib_ref.cgi?db=el&amp;db_id=368&amp;comment_code=&amp;element=I&amp;spectr_charge=1&amp;ref=368&amp;type=
145.7389,0.0006,145.739168,0.000015,160000*,,,0.000,-,68 615.734,5s25p5,2P°,3/2,5s<sup>2</sup>5p<sup>4</sup>(<sup>3</sup>P<sub>2</sub>)5d,2[0],1/2,,,https://physics.nist.gov/cgi-bin/ASBib1/get_ASBib_ref.cgi?db=el&amp;db_id=368&amp;comment_code=&amp;element=I&amp;spectr_charge=1&amp;ref=368&amp;type=
145.7471,0.0006,,,160000*,,,,,,,,,,,,,,https://physics.nist.gov/cgi-bin/ASBib1/get_ASBib_ref.cgi?db=el&amp;db_id=368&amp;comment_code=&amp;element=I&amp;spectr_charge=1&amp;ref=368&amp;type=
145.7981,0.0002,145.798399,0.000015,310000,,,0.000,-,68 587.859,5s25p5,2P°,3/2,5s<sup>2</sup>5p<sup>4</sup>(<sup>1</sup>D<sub>2</sub>)6s,2[2],5/2,,,https://physics.nist.gov/cgi-bin/ASBib1/get_ASBib_ref.cgi?db=el&amp;db_id=368&amp;comment_code=&amp;element=I&amp;spectr_charge=1&amp;ref=368&amp;type=
145.8794,0.0002,145.879467,0.000015,78000,,,0.000,-,68 549.743,5s25p5,2P°,3/2,5s<sup>2</sup>5p<sup>4</sup>(<sup>1</sup>D<sub>2</sub>)6s,2[2],3/2,,,https://physics.nist.gov/cgi-bin/ASBib1/get_ASBib_ref.cgi?db=el&amp;db_id=368&amp;comment_code=&amp;element=I&amp;spectr_charge=1&amp;ref=368&amp;type=
145.9145,0.0002,145.914185,0.000015,45000,,,7 602.970,-,76 136.403,5s25p5,2P°,1/2,5s<sup>2</sup>5p<sup>4</sup>(<sup>3</sup>P<sub>2</sub>)6d,2[1],3/2,,,https://physics.nist.gov/cgi-bin/ASBib1/get_ASBib_ref.cgi?db=el&amp;db_id=368&amp;comment_code=&amp;element=I&amp;spectr_charge=1&amp;ref=368&amp;type=
146.5828,0.0002,146.582562,0.000015,29000,,,7 602.970,-,75 823.909,5s25p5,2P°,1/2,5s<sup>2</sup>5p<sup>4</sup>(<sup>3</sup>P<sub>1</sub>)5d,2[2],3/2,,,https://physics.nist.gov/cgi-bin/ASBib1/get_ASBib_ref.cgi?db=el&amp;db_id=368&amp;comment_code=&amp;element=I&amp;spectr_charge=1&amp;ref=368&amp;type=
148.5918,0.0002,148.592102,0.000016,36000,,,0.000,-,67 298.328,5s25p5,2P°,3/2,5s<sup>2</sup>5p<sup>4</sup>(<sup>3</sup>P<sub>2</sub>)5d,2[1],1/2,,,https://physics.nist.gov/cgi-bin/ASBib1/get_ASBib_ref.cgi?db=el&amp;db_id=368&amp;comment_code=&amp;element=I&amp;spectr_charge=1&amp;ref=368&amp;type=
149.2888,0.0002,149.288391,0.000016,67000,,,7 602.970,-,74 587.415,5s25p5,2P°,1/2,5s<sup>2</sup>5p<sup>4</sup>(<sup>3</sup>P<sub>1</sub>)5d,2[1],3/2,,,https://physics.nist.gov/cgi-bin/ASBib1/get_ASBib_ref.cgi?db=el&amp;db_id=368&amp;comment_code=&amp;element=I&amp;spectr_charge=1&amp;ref=368&amp;type=
150.7041,0.0002,150.704333,0.000016,200000,,,0.000,-,66 355.093,5s25p5,2P°,3/2,5s<sup>2</sup>5p<sup>4</sup>(<sup>3</sup>P<sub>2</sub>)5d,2[1],3/2,,,https://physics.nist.gov/cgi-bin/ASBib1/get_ASBib_ref.cgi?db=el&amp;db_id=368&amp;comment_code=&amp;element=I&amp;spectr_charge=1&amp;ref=368&amp;type=
151.4682,0.0003,151.468176,0.000016,200000,,,0.000,-,66 020.469,5s25p5,2P°,3/2,5s<sup>2</sup>5p<sup>4</sup>(<sup>3</sup>P<sub>2</sub>)5d,2[3],5/2,,,https://physics.nist.gov/cgi-bin/ASBib1/get_ASBib_ref.cgi?db=el&amp;db_id=13998&amp;comment_code=&amp;element=I&amp;spectr_charge=1&amp;ref=13998&amp;type=
151.8048,0.0003,151.802970,0.000016,230000,,,7 602.970,-,73 477.834,5s25p5,2P°,1/2,5s<sup>2</sup>5p<sup>4</sup>(<sup>1</sup>D<sub>2</sub>)5d,2[0],1/2,,,https://physics.nist.gov/cgi-bin/ASBib1/get_ASBib_ref.cgi?db=el&amp;db_id=13998&amp;comment_code=&amp;element=I&amp;spectr_charge=1&amp;ref=13998&amp;type=
152.6448,0.0003,152.644170,0.000016,39000,,,7 602.970,-,73 114.807,5s25p5,2P°,1/2,5s<sup>2</sup>5p<sup>4</sup>(<sup>3</sup>P<sub>1</sub>)5d,2[1],1/2,,,https://physics.nist.gov/cgi-bin/ASBib1/get_ASBib_ref.cgi?db=el&amp;db_id=13998&amp;comment_code=&amp;element=I&amp;spectr_charge=1&amp;ref=13998&amp;type=
159.3582,0.0003,159.357816,0.000018,100000,,,7 602.970,-,70 354.834,5s25p5,2P°,1/2,5s<sup>2</sup>5p<sup>4</sup>(<sup>3</sup>P<sub>2</sub>)5d,2[2],3/2,,,https://physics.nist.gov/cgi-bin/ASBib1/get_ASBib_ref.cgi?db=el&amp;db_id=13998&amp;comment_code=&amp;element=I&amp;spectr_charge=1&amp;ref=13998&amp;type=
161.7606,0.0003,161.760527,0.000019,310000,,,0.000,-,61 819.779,5s25p5,2P°,3/2,5s<sup>2</sup>5p<sup>4</sup>(<sup>3</sup>P<sub>1</sub>)6s,2[1],3/2,,,https://physics.nist.gov/cgi-bin/ASBib1/get_ASBib_ref.cgi?db=el&amp;db_id=13998&amp;comment_code=&amp;element=I&amp;spectr_charge=1&amp;ref=13998&amp;type=
164.0781,0.0003,164.077596,0.000019,62000,,,7 602.970,-,68 549.743,5s25p5,2P°,1/2,5s<sup>2</sup>5p<sup>4</sup>(<sup>1</sup>D<sub>2</sub>)6s,2[2],3/2,,,https://physics.nist.gov/cgi-bin/ASBib1/get_ASBib_ref.cgi?db=el&amp;db_id=13998&amp;comment_code=&amp;element=I&amp;spectr_charge=1&amp;ref=13998&amp;type=
170.2071,0.0003,170.206615,0.000020,460000,2.05e+08,,7 602.970,-,66 355.093,5s25p5,2P°,1/2,5s<sup>2</sup>5p<sup>4</sup>(<sup>3</sup>P<sub>2</sub>)5d,2[1],3/2,,https://physics.nist.gov/cgi-bin/ASBib1/get_ASBib_ref.cgi?db=tp&amp;db_id=7227&amp;comment_code=&amp;element=I&amp;spectr_charge=1&amp;ref=7227&amp;type=,https://physics.nist.gov/cgi-bin/ASBib1/get_ASBib_ref.cgi?db=el&amp;db_id=13998&amp;comment_code=&amp;element=I&amp;spectr_charge=1&amp;ref=13998&amp;type=
178.2757,0.0003,178.275742,0.000022,1300000,2.71e+08,C,0.000,-,56 092.881,5s25p5,2P°,3/2,5s<sup>2</sup>5p<sup>4</sup>(<sup>3</sup>P<sub>2</sub>)6s,2[2],3/2,,https://physics.nist.gov/cgi-bin/ASBib1/get_ASBib_ref.cgi?db=tp&amp;db_id=4515&amp;comment_code=&amp;element=I&amp;spectr_charge=1&amp;ref=4515&amp;type=,https://physics.nist.gov/cgi-bin/ASBib1/get_ASBib_ref.cgi?db=el&amp;db_id=13998&amp;comment_code=&amp;element=I&amp;spectr_charge=1&amp;ref=13998&amp;type=
179.9092,0.0003,179.908573,0.000023,210000,,,7 602.970,-,63 186.758,5s25p5,2P°,1/2,5s<sup>2</sup>5p<sup>4</sup>(<sup>3</sup>P<sub>1</sub>)6s,2[1],1/2,,,https://physics.nist.gov/cgi-bin/ASBib1/get_ASBib_ref.cgi?db=el&amp;db_id=13998&amp;comment_code=&amp;element=I&amp;spectr_charge=1&amp;ref=13998&amp;type=
183.0380,0.0003,183.038014,0.000024,9300000,1.6e+07,D,0.000,-,54 633.460,5s25p5,2P°,3/2,5s<sup>2</sup>5p<sup>4</sup>(<sup>3</sup>P<sub>2</sub>)6s,2[2],5/2,,https://physics.nist.gov/cgi-bin/ASBib1/get_ASBib_ref.cgi?db=tp&amp;db_id=4515&amp;comment_code=&amp;element=I&amp;spectr_charge=1&amp;ref=4515&amp;type=,https://physics.nist.gov/cgi-bin/ASBib1/get_ASBib_ref.cgi?db=el&amp;db_id=13998&amp;comment_code=&amp;element=I&amp;spectr_charge=1&amp;ref=13998&amp;type=
184.4453,0.0003,184.444643,0.000024,700000,7.0e+06,,7 602.970,-,61 819.779,5s25p5,2P°,1/2,5s<sup>2</sup>5p<sup>4</sup>(<sup>3</sup>P<sub>1</sub>)6s,2[1],3/2,,https://physics.nist.gov/cgi-bin/ASBib1/get_ASBib_ref.cgi?db=tp&amp;db_id=7227&amp;comment_code=&amp;element=I&amp;spectr_charge=1&amp;ref=7227&amp;type=,https://physics.nist.gov/cgi-bin/ASBib1/get_ASBib_ref.cgi?db=el&amp;db_id=13998&amp;comment_code=&amp;element=I&amp;spectr_charge=1&amp;ref=13998&amp;type=
206.1633,0.0003,206.16255,0.00003,150000,3.0e+06,,7 602.970,-,56 092.881,5s25p5,2P°,1/2,5s<sup>2</sup>5p<sup>4</sup>(<sup>3</sup>P<sub>2</sub>)6s,2[2],3/2,,https://physics.nist.gov/cgi-bin/ASBib1/get_ASBib_ref.cgi?db=tp&amp;db_id=7227&amp;comment_code=&amp;element=I&amp;spectr_charge=1&amp;ref=7227&amp;type=,https://physics.nist.gov/cgi-bin/ASBib1/get_ASBib_ref.cgi?db=el&amp;db_id=13998&amp;comment_code=&amp;element=I&amp;spectr_charge=1&amp;ref=13998&amp;type=
410.2226,0.0003,410.22252,0.00012,24,,,54 633.460,-,79 003.596,5s25p4(3P2)6s,2[2],5/2,5s<sup>2</sup>5p<sup>4</sup>(<sup>1</sup>D<sub>2</sub>)6p,2[3]°,7/2,,,https://physics.nist.gov/cgi-bin/ASBib1/get_ASBib_ref.cgi?db=el&amp;db_id=13998&amp;comment_code=&amp;element=I&amp;spectr_charge=1&amp;ref=13998&amp;type=
412.9206,0.0003,412.92160,0.00012,24,,,54 633.460,-,78 844.303,5s25p4(3P2)6s,2[2],5/2,5s<sup>2</sup>5p<sup>4</sup>(<sup>3</sup>P<sub>2</sub>)8p,2[3]°,7/2,,,https://physics.nist.gov/cgi-bin/ASBib1/get_ASBib_ref.cgi?db=el&amp;db_id=13998&amp;comment_code=&amp;element=I&amp;spectr_charge=1&amp;ref=13998&amp;type=
413.4146,0.0016,413.4145,0.0007,12bl,,,54 633.460,-,78 815.44,5s25p4(3P2)6s,2[2],5/2,5s<sup>2</sup>5p<sup>4</sup>(<sup>3</sup>P<sub>2</sub>)8p,2[2]°,3/2,,,https://physics.nist.gov/cgi-bin/ASBib1/get_ASBib_ref.cgi?db=el&amp;db_id=13998&amp;comment_code=&amp;element=I&amp;spectr_charge=1&amp;ref=13998&amp;type=
432.1836,0.0016,432.18424,0.00013,59bl,,,56 092.881,-,79 224.656,5s25p4(3P2)6s,2[2],3/2,5s<sup>2</sup>5p<sup>4</sup>(<sup>3</sup>P<sub>2</sub>)8p,2[1]°,3/2,,,https://physics.nist.gov/cgi-bin/ASBib1/get_ASBib_ref.cgi?db=el&amp;db_id=13998&amp;comment_code=&amp;element=I&amp;spectr_charge=1&amp;ref=13998&amp;type=
476.3307,0.0003,476.33029,0.00016,50,,,54 633.460,-,75 621.427,5s25p4(3P2)6s,2[2],5/2,5s<sup>2</sup>5p<sup>4</sup>(<sup>3</sup>P<sub>2</sub>)7p,2[1]°,3/2,,,https://physics.nist.gov/cgi-bin/ASBib1/get_ASBib_ref.cgi?db=el&amp;db_id=13998&amp;comment_code=&amp;element=I&amp;spectr_charge=1&amp;ref=13998&amp;type=
486.2315,0.0003,486.23140,0.00017,210,,,54 633.460,-,75 194.056,5s25p4(3P2)6s,2[2],5/2,5s<sup>2</sup>5p<sup>4</sup>(<sup>3</sup>P<sub>2</sub>)7p,2[3]°,7/2,,,https://physics.nist.gov/cgi-bin/ASBib1/get_ASBib_ref.cgi?db=el&amp;db_id=13998&amp;comment_code=&amp;element=I&amp;spectr_charge=1&amp;ref=13998&amp;type=
491.6937,0.0003,491.69403,0.00017,130,,,54 633.460,-,74 965.635,5s25p4(3P2)6s,2[2],5/2,5s<sup>2</sup>5p<sup>4</sup>(<sup>3</sup>P<sub>2</sub>)7p,2[2]°,5/2,,,https://physics.nist.gov/cgi-bin/ASBib1/get_ASBib_ref.cgi?db=el&amp;db_id=13998&amp;comment_code=&amp;element=I&amp;spectr_charge=1&amp;ref=13998&amp;type=
511.9287,0.0003,511.92824,0.00019,2100,,,56 092.881,-,75 621.427,5s25p4(3P2)6s,2[2],3/2,5s<sup>2</sup>5p<sup>4</sup>(<sup>3</sup>P<sub>2</sub>)7p,2[1]°,3/2,,,https://physics.nist.gov/cgi-bin/ASBib1/get_ASBib_ref.cgi?db=el&amp;db_id=13998&amp;comment_code=&amp;element=I&amp;spectr_charge=1&amp;ref=13998&amp;type=
523.4567,0.0003,523.45682,0.00019,220,,,56 092.881,-,75 191.337,5s25p4(3P2)6s,2[2],3/2,5s<sup>2</sup>5p<sup>4</sup>(<sup>3</sup>P<sub>2</sub>)7p,2[3]°,5/2,,,https://physics.nist.gov/cgi-bin/ASBib1/get_ASBib_ref.cgi?db=el&amp;db_id=13998&amp;comment_code=&amp;element=I&amp;spectr_charge=1&amp;ref=13998&amp;type=
542.7055,0.0024,542.70377,0.00021,180c,,,54 633.460,-,73 054.598,5s25p4(3P2)6s,2[2],5/2,5s<sup>2</sup>5p<sup>4</sup>(<sup>3</sup>P<sub>1</sub>)6p,2[1]°,3/2,,,https://physics.nist.gov/cgi-bin/ASBib1/get_ASBib_ref.cgi?db=el&amp;db_id=13998&amp;comment_code=&amp;element=I&amp;spectr_charge=1&amp;ref=13998&amp;type=
576.433,0.003,576.43117,0.00024,560bl,,,54 633.460,-,71 976.775,5s25p4(3P2)6s,2[2],5/2,5s<sup>2</sup>5p<sup>4</sup>(<sup>3</sup>P<sub>0</sub>)6p,2[1]°,3/2,,,https://physics.nist.gov/cgi-bin/ASBib1/get_ASBib_ref.cgi?db=el&amp;db_id=13998&amp;comment_code=&amp;element=I&amp;spectr_charge=1&amp;ref=13998&amp;type=
589.4026,0.0014,589.39962,0.00025,830,,,56 092.881,-,73 054.598,5s25p4(3P2)6s,2[2],3/2,5s<sup>2</sup>5p<sup>4</sup>(<sup>3</sup>P<sub>1</sub>)6p,2[1]°,3/2,,,https://physics.nist.gov/cgi-bin/ASBib1/get_ASBib_ref.cgi?db=el&amp;db_id=13998&amp;comment_code=&amp;element=I&amp;spectr_charge=1&amp;ref=13998&amp;type=
598.4857,0.0014,598.4855,0.0014,32,,,64 989.994,-,81 694.21,5s25p4(3P2)6p,2[2]°,3/2,5s<sup>2</sup>5p<sup>4</sup>(<sup>3</sup>P<sub>2</sub>)9d,2[2],3/2,,,https://physics.nist.gov/cgi-bin/ASBib1/get_ASBib_ref.cgi?db=el&amp;db_id=13998&amp;comment_code=&amp;element=I&amp;spectr_charge=1&amp;ref=13998&amp;type=
602.408,0.003,602.4073,0.0003,330bl,,,61 819.779,-,78 415.247,5s25p4(3P1)6s,2[1],3/2,5s<sup>2</sup>5p<sup>4</sup>(<sup>1</sup>D<sub>2</sub>)6p,2[1]°,3/2,,,https://physics.nist.gov/cgi-bin/ASBib1/get_ASBib_ref.cgi?db=el&amp;db_id=13998&amp;comment_code=&amp;element=I&amp;spectr_charge=1&amp;ref=13998&amp;type=
608.2425,0.0015,608.2410,0.0003,930,,,56 092.881,-,72 529.182,5s25p4(3P2)6s,2[2],3/2,5s<sup>2</sup>5p<sup>4</sup>(<sup>3</sup>P<sub>1</sub>)6p,2[2]°,5/2,,,https://physics.nist.gov/cgi-bin/ASBib1/get_ASBib_ref.cgi?db=el&amp;db_id=13998&amp;comment_code=&amp;element=I&amp;spectr_charge=1&amp;ref=13998&amp;type=
619.1875,0.0015,619.1869,0.0015,88,,,65 644.476,-,81 790.22,5s25p4(3P2)6p,2[3]°,5/2,5s<sup>2</sup>5p<sup>4</sup>(<sup>3</sup>P<sub>2</sub>)9d,2[4],7/2,,,https://physics.nist.gov/cgi-bin/ASBib1/get_ASBib_ref.cgi?db=el&amp;db_id=13998&amp;comment_code=&amp;element=I&amp;spectr_charge=1&amp;ref=13998&amp;type=
621.3097,0.0015,621.3097,0.0016,56,,,65 669.988,-,81 760.57,5s25p4(3P2)6p,2[3]°,7/2,5s<sup>2</sup>5p<sup>4</sup>(<sup>3</sup>P<sub>2</sub>)9d,2[4],9/2,,,https://physics.nist.gov/cgi-bin/ASBib1/get_ASBib_ref.cgi?db=el&amp;db_id=13998&amp;comment_code=&amp;element=I&amp;spectr_charge=1&amp;ref=13998&amp;type=
624.4478,0.0016,624.4487,0.0016,87,,,66 015.023,-,82 024.72,5s25p4(3P2)5d,2[3],7/2,5s<sup>2</sup>5p<sup>4</sup>(<sup>3</sup>P<sub>2</sub>)7f,2[4]°,9/2,,,https://physics.nist.gov/cgi-bin/ASBib1/get_ASBib_ref.cgi?db=el&amp;db_id=13998&amp;comment_code=&amp;element=I&amp;spectr_charge=1&amp;ref=13998&amp;type=
629.3978,0.0016,629.3945,0.0003,630,,,56 092.881,-,71 976.775,5s25p4(3P2)6s,2[2],3/2,5s<sup>2</sup>5p<sup>4</sup>(<sup>3</sup>P<sub>0</sub>)6p,2[1]°,3/2,,,https://physics.nist.gov/cgi-bin/ASBib1/get_ASBib_ref.cgi?db=el&amp;db_id=13998&amp;comment_code=&amp;element=I&amp;spectr_charge=1&amp;ref=13998&amp;type=
631.3128,0.0016,631.3141,0.0016,65,,,64 989.994,-,80 825.59,5s25p4(3P2)6p,2[2]°,3/2,5s<sup>2</sup>5p<sup>4</sup>nd,A,3/2or1/2,,,https://physics.nist.gov/cgi-bin/ASBib1/get_ASBib_ref.cgi?db=el&amp;db_id=13998&amp;comment_code=&amp;element=I&amp;spectr_charge=1&amp;ref=13998&amp;type=
633.0365,0.0016,633.0379,0.0016,100,,,64 989.994,-,80 782.47,5s25p4(3P2)6p,2[2]°,3/2,5s<sup>2</sup>5p<sup>4</sup>(<sup>3</sup>P<sub>2</sub>)8d,2[2],3/2,,,https://physics.nist.gov/cgi-bin/ASBib1/get_ASBib_ref.cgi?db=el&amp;db_id=13998&amp;comment_code=&amp;element=I&amp;spectr_charge=1&amp;ref=13998&amp;type=
633.3497,0.0016,633.3517,0.0016,53,,,64 906.290,-,80 690.94,5s25p4(3P2)6p,2[2]°,5/2,5s<sup>2</sup>5p<sup>4</sup>(<sup>3</sup>P<sub>2</sub>)8d,2[1],3/2,,,https://physics.nist.gov/cgi-bin/ASBib1/get_ASBib_ref.cgi?db=el&amp;db_id=13998&amp;comment_code=&amp;element=I&amp;spectr_charge=1&amp;ref=13998&amp;type=
633.7846,0.0016,633.7862,0.0016,260,,,64 906.290,-,80 680.12,5s25p4(3P2)6p,2[2]°,5/2,5s<sup>2</sup>5p<sup>4</sup>(<sup>3</sup>P<sub>2</sub>)8d,2[3],5/2,,,https://physics.nist.gov/cgi-bin/ASBib1/get_ASBib_ref.cgi?db=el&amp;db_id=13998&amp;comment_code=&amp;element=I&amp;spectr_charge=1&amp;ref=13998&amp;type=
633.9437,0.0016,633.9449,0.0016,130,,,64 906.290,-,80 676.17,5s25p4(3P2)6p,2[2]°,5/2,5s<sup>2</sup>5p<sup>4</sup>(<sup>3</sup>P<sub>2</sub>)8d,2[3],7/2,,,https://physics.nist.gov/cgi-bin/ASBib1/get_ASBib_ref.cgi?db=el&amp;db_id=13998&amp;comment_code=&amp;element=I&amp;spectr_charge=1&amp;ref=13998&amp;type=
635.9160,0.0016,635.9129,0.0003,280,,,56 092.881,-,71 813.958,5s25p4(3P2)6s,2[2],3/2,5s<sup>2</sup>5p<sup>4</sup>(<sup>3</sup>P<sub>0</sub>)6p,2[1]°,1/2,,,https://physics.nist.gov/cgi-bin/ASBib1/get_ASBib_ref.cgi?db=el&amp;db_id=13998&amp;comment_code=&amp;element=I&amp;spectr_charge=1&amp;ref=13998&amp;type=
656.6486,0.0017,656.6467,0.0017,140,,,65 644.476,-,80 869.16,5s25p4(3P2)6p,2[3]°,5/2,5s<sup>2</sup>5p<sup>4</sup>(<sup>3</sup>P<sub>2</sub>)8d,2[4],7/2,,,https://physics.nist.gov/cgi-bin/ASBib1/get_ASBib_ref.cgi?db=el&amp;db_id=13998&amp;comment_code=&amp;element=I&amp;spectr_charge=1&amp;ref=13998&amp;type=
,,658.3662,0.0017,m,,,66 020.469,-,81 205.39,5s25p4(3P2)5d,2[3],5/2,5s<sup>2</sup>5p<sup>4</sup>(<sup>3</sup>P<sub>2</sub>)6f,2[3]°,5/2,,,https://physics.nist.gov/cgi-bin/ASBib1/get_ASBib_ref.cgi?db=el&amp;db_id=13998&amp;comment_code=&amp;element=I&amp;spectr_charge=1&amp;ref=13998&amp;type=
658.3745,0.0017,658.3750,0.0017,200,,,66 015.023,-,81 199.74,5s25p4(3P2)5d,2[3],7/2,5s<sup>2</sup>5p<sup>4</sup>(<sup>3</sup>P<sub>2</sub>)6f,2[4]°,9/2,,,https://physics.nist.gov/cgi-bin/ASBib1/get_ASBib_ref.cgi?db=el&amp;db_id=13998&amp;comment_code=&amp;element=I&amp;spectr_charge=1&amp;ref=13998&amp;type=
658.527,0.003,658.5280,0.0017,130p,,,66 020.469,-,81 201.66,5s25p4(3P2)5d,2[3],5/2,5s<sup>2</sup>5p<sup>4</sup>(<sup>3</sup>P<sub>2</sub>)6f,2[4]°,7/2,,,https://physics.nist.gov/cgi-bin/ASBib1/get_ASBib_ref.cgi?db=el&amp;db_id=13998&amp;comment_code=&amp;element=I&amp;spectr_charge=1&amp;ref=13998&amp;type=
661.9658,0.0018,661.9657,0.0018,700,,,65 669.988,-,80 772.34,5s25p4(3P2)6p,2[3]°,7/2,5s<sup>2</sup>5p<sup>4</sup>(<sup>3</sup>P<sub>2</sub>)8d,2[4],9/2,,,https://physics.nist.gov/cgi-bin/ASBib1/get_ASBib_ref.cgi?db=el&amp;db_id=13998&amp;comment_code=&amp;element=I&amp;spectr_charge=1&amp;ref=13998&amp;type=
666.1105,0.0018,666.1100,0.0003,79,,,64 906.290,-,79 914.682,5s25p4(3P2)6p,2[2]°,5/2,5s<sup>2</sup>5p<sup>4</sup>(<sup>3</sup>P<sub>2</sub>)9s,2[2],5/2,,,https://physics.nist.gov/cgi-bin/ASBib1/get_ASBib_ref.cgi?db=el&amp;db_id=13998&amp;comment_code=&amp;element=I&amp;spectr_charge=1&amp;ref=13998&amp;type=
669.729,0.004,669.729,0.009,"73c,i",,,65 669.988,-,80 597.28?,5s25p4(3P2)6p,2[3]°,7/2,5s<sup>2</sup>5p<sup>4</sup>(<sup>1</sup>D<sub>2</sub>)5d,2[4],9/2,,,https://physics.nist.gov/cgi-bin/ASBib1/get_ASBib_ref.cgi?db=el&amp;db_id=13998&amp;comment_code=&amp;element=I&amp;spectr_charge=1&amp;ref=13998&amp;type=
673.2026,0.0018,673.2014,0.0018,54,,,66 355.093,-,81 205.39,5s25p4(3P2)5d,2[1],3/2,5s<sup>2</sup>5p<sup>4</sup>(<sup>3</sup>P<sub>2</sub>)6f,2[3]°,5/2,,,https://physics.nist.gov/cgi-bin/ASBib1/get_ASBib_ref.cgi?db=el&amp;db_id=13998&amp;comment_code=&amp;element=I&amp;spectr_charge=1&amp;ref=13998&amp;type=
698.9779,0.0020,698.9785,0.0003,87,,,65 644.476,-,79 947.123,5s25p4(3P2)6p,2[3]°,5/2,5s<sup>2</sup>5p<sup>4</sup>(<sup>3</sup>P<sub>2</sub>)9s,2[2],3/2,,,https://physics.nist.gov/cgi-bin/ASBib1/get_ASBib_ref.cgi?db=el&amp;db_id=13998&amp;comment_code=&amp;element=I&amp;spectr_charge=1&amp;ref=13998&amp;type=
712.0047,0.0020,712.0038,0.0004,100,,,64 989.994,-,79 030.992,5s25p4(3P2)6p,2[2]°,3/2,5s<sup>2</sup>5p<sup>4</sup>(<sup>3</sup>P<sub>2</sub>)7d,2[1],3/2,,,https://physics.nist.gov/cgi-bin/ASBib1/get_ASBib_ref.cgi?db=el&amp;db_id=13998&amp;comment_code=&amp;element=I&amp;spectr_charge=1&amp;ref=13998&amp;type=
712.2046,0.0020,712.2040,0.0004,250,,,64 906.290,-,78 943.341,5s25p4(3P2)6p,2[2]°,5/2,5s<sup>2</sup>5p<sup>4</sup>(<sup>3</sup>P<sub>2</sub>)7d,2[3],5/2,,,https://physics.nist.gov/cgi-bin/ASBib1/get_ASBib_ref.cgi?db=el&amp;db_id=13998&amp;comment_code=&amp;element=I&amp;spectr_charge=1&amp;ref=13998&amp;type=
714.2057,0.0020,714.2026,0.0004,420,,,64 906.290,-,78 904.061,5s25p4(3P2)6p,2[2]°,5/2,5s<sup>2</sup>5p<sup>4</sup>(<sup>3</sup>P<sub>2</sub>)7d,2[3],7/2,,,https://physics.nist.gov/cgi-bin/ASBib1/get_ASBib_ref.cgi?db=el&amp;db_id=13998&amp;comment_code=&amp;element=I&amp;spectr_charge=1&amp;ref=13998&amp;type=
716.4789,0.0021,716.4764,0.0004,210,,,64 989.994,-,78 943.341,5s25p4(3P2)6p,2[2]°,3/2,5s<sup>2</sup>5p<sup>4</sup>(<sup>3</sup>P<sub>2</sub>)7d,2[3],5/2,,,https://physics.nist.gov/cgi-bin/ASBib1/get_ASBib_ref.cgi?db=el&amp;db_id=13998&amp;comment_code=&amp;element=I&amp;spectr_charge=1&amp;ref=13998&amp;type=
719.166,0.004,719.1645,0.0004,85bl,,,64 989.994,-,78 891.187,5s25p4(3P2)6p,2[2]°,3/2,5s<sup>2</sup>5p<sup>4</sup>(<sup>3</sup>P<sub>1</sub>)7s,2[1],3/2,,,https://physics.nist.gov/cgi-bin/ASBib1/get_ASBib_ref.cgi?db=el&amp;db_id=13998&amp;comment_code=&amp;element=I&amp;spectr_charge=1&amp;ref=13998&amp;type=
722.7297,0.0021,722.7276,0.0004,130,,,66 015.023,-,79 847.683,5s25p4(3P2)5d,2[3],7/2,5s<sup>2</sup>5p<sup>4</sup>(<sup>3</sup>P<sub>2</sub>)5f,2[3]°,7/2,,,https://physics.nist.gov/cgi-bin/ASBib1/get_ASBib_ref.cgi?db=el&amp;db_id=13998&amp;comment_code=&amp;element=I&amp;spectr_charge=1&amp;ref=13998&amp;type=
723.6777,0.0021,723.6736,0.0004,1900,,,66 015.023,-,79 829.600,5s25p4(3P2)5d,2[3],7/2,5s<sup>2</sup>5p<sup>4</sup>(<sup>3</sup>P<sub>2</sub>)5f,2[4]°,9/2,,,https://physics.nist.gov/cgi-bin/ASBib1/get_ASBib_ref.cgi?db=el&amp;db_id=13998&amp;comment_code=&amp;element=I&amp;spectr_charge=1&amp;ref=13998&amp;type=
,,723.6807,0.0021,m,,,66 020.469,-,79 834.91,5s25p4(3P2)5d,2[3],5/2,5s<sup>2</sup>5p<sup>4</sup>(<sup>3</sup>P<sub>2</sub>)5f,2[2]°,3/2,,,https://physics.nist.gov/cgi-bin/ASBib1/get_ASBib_ref.cgi?db=el&amp;db_id=13998&amp;comment_code=&amp;element=I&amp;spectr_charge=1&amp;ref=13998&amp;type=
723.7835,0.0021,723.7832,0.0004,520,,,66 020.469,-,79 832.955,5s25p4(3P2)5d,2[3],5/2,5s<sup>2</sup>5p<sup>4</sup>(<sup>3</sup>P<sub>2</sub>)5f,2[4]°,7/2,,,https://physics.nist.gov/cgi-bin/ASBib1/get_ASBib_ref.cgi?db=el&amp;db_id=13998&amp;comment_code=&amp;element=I&amp;spectr_charge=1&amp;ref=13998&amp;type=
740.2056,0.0022,740.2037,0.0004,1100,,,65 644.476,-,79 150.550,5s25p4(3P2)6p,2[3]°,5/2,5s<sup>2</sup>5p<sup>4</sup>(<sup>3</sup>P<sub>2</sub>)7d,2[4],7/2,,,https://physics.nist.gov/cgi-bin/ASBib1/get_ASBib_ref.cgi?db=el&amp;db_id=13998&amp;comment_code=&amp;element=I&amp;spectr_charge=1&amp;ref=13998&amp;type=
741.0495,0.0022,741.0519,0.0022,170,,,67 726.415,-,81 217.03,5s25p4(3P2)5d,2[4],9/2,5s<sup>2</sup>5p<sup>4</sup>(<sup>3</sup>P<sub>2</sub>)6f,2[5]°,11/2,,,https://physics.nist.gov/cgi-bin/ASBib1/get_ASBib_ref.cgi?db=el&amp;db_id=13998&amp;comment_code=&amp;element=I&amp;spectr_charge=1&amp;ref=13998&amp;type=
741.6476,0.0022,741.6456,0.0022,100,,,66 355.093,-,79 834.91,5s25p4(3P2)5d,2[1],3/2,5s<sup>2</sup>5p<sup>4</sup>(<sup>3</sup>P<sub>2</sub>)5f,2[2]°,3/2,,,https://physics.nist.gov/cgi-bin/ASBib1/get_ASBib_ref.cgi?db=el&amp;db_id=13998&amp;comment_code=&amp;element=I&amp;spectr_charge=1&amp;ref=13998&amp;type=
746.8987,0.0022,746.8994,0.0004,1100,,,65 669.988,-,79 054.985,5s25p4(3P2)6p,2[3]°,7/2,5s<sup>2</sup>5p<sup>4</sup>(<sup>3</sup>P<sub>2</sub>)7d,2[4],9/2,,,https://physics.nist.gov/cgi-bin/ASBib1/get_ASBib_ref.cgi?db=el&amp;db_id=13998&amp;comment_code=&amp;element=I&amp;spectr_charge=1&amp;ref=13998&amp;type=
749.052,0.004,749.0539,0.0004,100c,,,66 355.093,-,79 701.591,5s25p4(3P2)5d,2[1],3/2,5s<sup>2</sup>5p<sup>4</sup>(<sup>1</sup>D<sub>2</sub>)6p,2[1]°,1/2,,,https://physics.nist.gov/cgi-bin/ASBib1/get_ASBib_ref.cgi?db=el&amp;db_id=13998&amp;comment_code=&amp;element=I&amp;spectr_charge=1&amp;ref=13998&amp;type=
755.4175,0.0023,755.4173,0.0004,470,,,65 669.988,-,78 904.061,5s25p4(3P2)6p,2[3]°,7/2,5s<sup>2</sup>5p<sup>4</sup>(<sup>3</sup>P<sub>2</sub>)7d,2[3],7/2,,,https://physics.nist.gov/cgi-bin/ASBib1/get_ASBib_ref.cgi?db=el&amp;db_id=13998&amp;comment_code=&amp;element=I&amp;spectr_charge=1&amp;ref=13998&amp;type=
755.665,0.005,755.6650,0.0004,200bl,,,61 819.779,-,75 049.514,5s25p4(3P1)6s,2[1],3/2,5s<sup>2</sup>5p<sup>4</sup>(<sup>3</sup>P<sub>2</sub>)7p,2[2]°,3/2,,,https://physics.nist.gov/cgi-bin/ASBib1/get_ASBib_ref.cgi?db=el&amp;db_id=13998&amp;comment_code=&amp;element=I&amp;spectr_charge=1&amp;ref=13998&amp;type=
770.020,0.005,770.0185,0.0004,490c,,,66 020.469,-,79 003.596,5s25p4(3P2)5d,2[3],5/2,5s<sup>2</sup>5p<sup>4</sup>(<sup>1</sup>D<sub>2</sub>)6p,2[3]°,7/2,,,https://physics.nist.gov/cgi-bin/ASBib1/get_ASBib_ref.cgi?db=el&amp;db_id=13998&amp;comment_code=&amp;element=I&amp;spectr_charge=1&amp;ref=13998&amp;type=
789.798,0.002,789.799,0.003,120,,,68 559.540,-,81 217.50,5s25p4(3P2)5d,2[4],7/2,5s<sup>2</sup>5p<sup>4</sup>(<sup>3</sup>P<sub>2</sub>)6f,2[5]°,9/2,,,https://physics.nist.gov/cgi-bin/ASBib1/get_ASBib_ref.cgi?db=el&amp;db_id=13998&amp;comment_code=&amp;element=I&amp;spectr_charge=1&amp;ref=13998&amp;type=
796.948,0.003,796.9480,0.0004,170,,,64 906.290,-,77 450.709,5s25p4(3P2)6p,2[2]°,5/2,5s<sup>2</sup>5p<sup>4</sup>(<sup>3</sup>P<sub>2</sub>)8s,2[2],5/2,,,https://physics.nist.gov/cgi-bin/ASBib1/get_ASBib_ref.cgi?db=el&amp;db_id=13998&amp;comment_code=&amp;element=I&amp;spectr_charge=1&amp;ref=13998&amp;type=
800.363,0.003,800.3601,0.0005,580,,,60 896.243,-,73 387.184,5s25p4(3P0)6s,2[0],1/2,5s<sup>2</sup>5p<sup>4</sup>(<sup>3</sup>P<sub>1</sub>)6p,2[1]°,1/2,,,https://physics.nist.gov/cgi-bin/ASBib1/get_ASBib_ref.cgi?db=el&amp;db_id=13998&amp;comment_code=&amp;element=I&amp;spectr_charge=1&amp;ref=13998&amp;type=
804.374,0.003,804.3701,0.0005,140000,,,54 633.460,-,67 062.130,5s25p4(3P2)6s,2[2],5/2,5s<sup>2</sup>5p<sup>4</sup>(<sup>3</sup>P<sub>2</sub>)6p,2[1]°,3/2,,,https://physics.nist.gov/cgi-bin/ASBib1/get_ASBib_ref.cgi?db=el&amp;db_id=13998&amp;comment_code=&amp;element=I&amp;spectr_charge=1&amp;ref=13998&amp;type=
806.570,0.005,806.5696,0.0005,90bl,,,66 020.469,-,78 415.247,5s25p4(3P2)5d,2[3],5/2,5s<sup>2</sup>5p<sup>4</sup>(<sup>1</sup>D<sub>2</sub>)6p,2[1]°,3/2,,,https://physics.nist.gov/cgi-bin/ASBib1/get_ASBib_ref.cgi?db=el&amp;db_id=13998&amp;comment_code=&amp;element=I&amp;spectr_charge=1&amp;ref=13998&amp;type=
809.076,0.003,809.0774,0.0005,270,,,67 062.130,-,79 418.489,5s25p4(3P2)6p,2[1]°,3/2,5s<sup>2</sup>5p<sup>4</sup>(<sup>3</sup>P<sub>2</sub>)7d,2[2],5/2,,,https://physics.nist.gov/cgi-bin/ASBib1/get_ASBib_ref.cgi?db=el&amp;db_id=13998&amp;comment_code=&amp;element=I&amp;spectr_charge=1&amp;ref=13998&amp;type=
816.938,0.005,816.9372,0.0005,250c,,,66 355.093,-,78 592.572,5s25p4(3P2)5d,2[1],3/2,5s<sup>2</sup>5p<sup>4</sup>(<sup>1</sup>D<sub>2</sub>)6p,2[3]°,5/2,,,https://physics.nist.gov/cgi-bin/ASBib1/get_ASBib_ref.cgi?db=el&amp;db_id=13998&amp;comment_code=&amp;element=I&amp;spectr_charge=1&amp;ref=13998&amp;type=
822.257,0.005,822.2536,0.0005,330bl,,,60 896.243,-,73 054.598,5s25p4(3P0)6s,2[0],1/2,5s<sup>2</sup>5p<sup>4</sup>(<sup>3</sup>P<sub>1</sub>)6p,2[1]°,3/2,,,https://physics.nist.gov/cgi-bin/ASBib1/get_ASBib_ref.cgi?db=el&amp;db_id=13998&amp;comment_code=&amp;element=I&amp;spectr_charge=1&amp;ref=13998&amp;type=
824.005,0.003,823.9995,0.0014,1100,,,67 726.415,-,79 859.01,5s25p4(3P2)5d,2[4],9/2,5s<sup>2</sup>5p<sup>4</sup>(<sup>3</sup>P<sub>2</sub>)5f,2[5]°,11/2,,,https://physics.nist.gov/cgi-bin/ASBib1/get_ASBib_ref.cgi?db=el&amp;db_id=13998&amp;comment_code=&amp;element=I&amp;spectr_charge=1&amp;ref=13998&amp;type=
839.330,0.006,839.3049,0.0005,5600c*,,,65 644.476,-,77 555.824,5s25p4(3P2)6p,2[3]°,5/2,5s<sup>2</sup>5p<sup>4</sup>(<sup>3</sup>P<sub>2</sub>)8s,2[2],3/2,,,https://physics.nist.gov/cgi-bin/ASBib1/get_ASBib_ref.cgi?db=el&amp;db_id=13998&amp;comment_code=&amp;element=I&amp;spectr_charge=1&amp;ref=13998&amp;type=
839.330,0.006,839.3350,0.0005,5600c*,,,60 896.243,-,72 807.164,5s25p4(3P0)6s,2[0],1/2,5s<sup>2</sup>5p<sup>4</sup>(<sup>3</sup>P<sub>1</sub>)6p,2[2]°,3/2,,,https://physics.nist.gov/cgi-bin/ASBib1/get_ASBib_ref.cgi?db=el&amp;db_id=13998&amp;comment_code=&amp;element=I&amp;spectr_charge=1&amp;ref=13998&amp;type=
848.611,0.003,848.6113,0.0005,410,,,65 669.988,-,77 450.709,5s25p4(3P2)6p,2[3]°,7/2,5s<sup>2</sup>5p<sup>4</sup>(<sup>3</sup>P<sub>2</sub>)8s,2[2],5/2,,,https://physics.nist.gov/cgi-bin/ASBib1/get_ASBib_ref.cgi?db=el&amp;db_id=13998&amp;comment_code=&amp;element=I&amp;spectr_charge=1&amp;ref=13998&amp;type=
866.493,0.006,866.494,0.003,460c,,,68 587.859,-,80 125.45,5s25p4(1D2)6s,2[2],5/2,5s<sup>2</sup>5p<sup>4</sup>(<sup>1</sup>D<sub>2</sub>)6p,2[2]°,5/2,,,https://physics.nist.gov/cgi-bin/ASBib1/get_ASBib_ref.cgi?db=el&amp;db_id=13998&amp;comment_code=&amp;element=I&amp;spectr_charge=1&amp;ref=13998&amp;type=
870.077,0.002,870.0803,0.0005,340c,,,68 549.743,-,80 039.779,5s25p4(1D2)6s,2[2],3/2,5s<sup>2</sup>5p<sup>4</sup>(<sup>1</sup>D<sub>2</sub>)6p,2[2]°,3/2,,,https://physics.nist.gov/cgi-bin/ASBib1/get_ASBib_ref.cgi?db=el&amp;db_id=3674&amp;comment_code=&amp;element=I&amp;spectr_charge=1&amp;ref=3674&amp;type=
874.8197,0.0002,874.8197,0.0005,140bl,,,64 989.994,-,76 417.783,5s25p4(3P2)6p,2[2]°,3/2,5s<sup>2</sup>5p<sup>4</sup>(<sup>3</sup>P<sub>2</sub>)6d,2[1],1/2,,,https://physics.nist.gov/cgi-bin/ASBib1/get_ASBib_ref.cgi?db=el&amp;db_id=3674&amp;comment_code=&amp;element=I&amp;spectr_charge=1&amp;ref=3674&amp;type=
,,885.3153,0.0006,m,,,66 015.023,-,77 307.333,5s25p4(3P2)5d,2[3],7/2,5s<sup>2</sup>5p<sup>4</sup>(<sup>3</sup>P<sub>2</sub>)4f,2[3]°,5/2,,,https://physics.nist.gov/cgi-bin/ASBib1/get_ASBib_ref.cgi?db=el&amp;db_id=3674&amp;comment_code=&amp;element=I&amp;spectr_charge=1&amp;ref=3674&amp;type=
885.318,0.002,885.3195,0.0006,480,,,66 015.023,-,77 307.280,5s25p4(3P2)5d,2[3],7/2,5s<sup>2</sup>5p<sup>4</sup>(<sup>3</sup>P<sub>2</sub>)4f,2[4]°,7/2,,,https://physics.nist.gov/cgi-bin/ASBib1/get_ASBib_ref.cgi?db=el&amp;db_id=3674&amp;comment_code=&amp;element=I&amp;spectr_charge=1&amp;ref=3674&amp;type=
885.3762,0.0002,885.3760,0.0006,1400,,,66 015.023,-,77 306.559,5s25p4(3P2)5d,2[3],7/2,5s<sup>2</sup>5p<sup>4</sup>(<sup>3</sup>P<sub>2</sub>)4f,2[4]°,9/2,,,https://physics.nist.gov/cgi-bin/ASBib1/get_ASBib_ref.cgi?db=el&amp;db_id=3674&amp;comment_code=&amp;element=I&amp;spectr_charge=1&amp;ref=3674&amp;type=
885.744,0.002,885.7425,0.0006,1300*,,,66 020.469,-,77 307.333,5s25p4(3P2)5d,2[3],5/2,5s<sup>2</sup>5p<sup>4</sup>(<sup>3</sup>P<sub>2</sub>)4f,2[3]°,5/2,,,https://physics.nist.gov/cgi-bin/ASBib1/get_ASBib_ref.cgi?db=el&amp;db_id=3674&amp;comment_code=&amp;element=I&amp;spectr_charge=1&amp;ref=3674&amp;type=
885.744,0.002,885.7466,0.0006,1300*,,,66 020.469,-,77 307.280,5s25p4(3P2)5d,2[3],5/2,5s<sup>2</sup>5p<sup>4</sup>(<sup>3</sup>P<sub>2</sub>)4f,2[4]°,7/2,,,https://physics.nist.gov/cgi-bin/ASBib1/get_ASBib_ref.cgi?db=el&amp;db_id=3674&amp;comment_code=&amp;element=I&amp;spectr_charge=1&amp;ref=3674&amp;type=
889.847,0.002,889.8457,0.0006,1400bl,,,61 819.779,-,73 054.598,5s25p4(3P1)6s,2[1],3/2,5s<sup>2</sup>5p<sup>4</sup>(<sup>3</sup>P<sub>1</sub>)6p,2[1]°,3/2,,,https://physics.nist.gov/cgi-bin/ASBib1/get_ASBib_ref.cgi?db=el&amp;db_id=3674&amp;comment_code=&amp;element=I&amp;spectr_charge=1&amp;ref=3674&amp;type=
896.4663,0.0002,896.4663,0.0006,260,,,68 549.743,-,79 701.591,5s25p4(1D2)6s,2[2],3/2,5s<sup>2</sup>5p<sup>4</sup>(<sup>1</sup>D<sub>2</sub>)6p,2[1]°,1/2,,,https://physics.nist.gov/cgi-bin/ASBib1/get_ASBib_ref.cgi?db=el&amp;db_id=3674&amp;comment_code=&amp;element=I&amp;spectr_charge=1&amp;ref=3674&amp;type=
899.3127,0.0002,899.3125,0.0006,250,,,64 989.994,-,76 106.548,5s25p4(3P2)6p,2[2]°,3/2,5s<sup>2</sup>5p<sup>4</sup>(<sup>3</sup>P<sub>2</sub>)6d,2[3],5/2,,,https://physics.nist.gov/cgi-bin/ASBib1/get_ASBib_ref.cgi?db=el&amp;db_id=3674&amp;comment_code=&amp;element=I&amp;spectr_charge=1&amp;ref=3674&amp;type=
902.235,0.002,902.2361,0.0006,6000,,,60 896.243,-,71 976.775,5s25p4(3P0)6s,2[0],1/2,5s<sup>2</sup>5p<sup>4</sup>(<sup>3</sup>P<sub>0</sub>)6p,2[1]°,3/2,,,https://physics.nist.gov/cgi-bin/ASBib1/get_ASBib_ref.cgi?db=el&amp;db_id=3674&amp;comment_code=&amp;element=I&amp;spectr_charge=1&amp;ref=3674&amp;type=
905.8334,0.0002,905.8334,0.0006,33000,,,54 633.460,-,65 669.988,5s25p4(3P2)6s,2[2],5/2,5s<sup>2</sup>5p<sup>4</sup>(<sup>3</sup>P<sub>2</sub>)6p,2[3]°,7/2,,,https://physics.nist.gov/cgi-bin/ASBib1/get_ASBib_ref.cgi?db=el&amp;db_id=3674&amp;comment_code=&amp;element=I&amp;spectr_charge=1&amp;ref=3674&amp;type=
909.882,0.002,909.8849,0.0006,1500,,,61 819.779,-,72 807.164,5s25p4(3P1)6s,2[1],3/2,5s<sup>2</sup>5p<sup>4</sup>(<sup>3</sup>P<sub>1</sub>)6p,2[2]°,3/2,,,https://physics.nist.gov/cgi-bin/ASBib1/get_ASBib_ref.cgi?db=el&amp;db_id=3674&amp;comment_code=&amp;element=I&amp;spectr_charge=1&amp;ref=3674&amp;type=
911.387,0.002,911.3893,0.0006,20000,,,56 092.881,-,67 062.130,5s25p4(3P2)6s,2[2],3/2,5s<sup>2</sup>5p<sup>4</sup>(<sup>3</sup>P<sub>2</sub>)6p,2[1]°,3/2,,,https://physics.nist.gov/cgi-bin/ASBib1/get_ASBib_ref.cgi?db=el&amp;db_id=3674&amp;comment_code=&amp;element=I&amp;spectr_charge=1&amp;ref=3674&amp;type=
912.8043,0.0002,912.8047,0.0006,440,,,66 355.093,-,77 307.333,5s25p4(3P2)5d,2[1],3/2,5s<sup>2</sup>5p<sup>4</sup>(<sup>3</sup>P<sub>2</sub>)4f,2[3]°,5/2,,,https://physics.nist.gov/cgi-bin/ASBib1/get_ASBib_ref.cgi?db=el&amp;db_id=3674&amp;comment_code=&amp;element=I&amp;spectr_charge=1&amp;ref=3674&amp;type=
922.772,0.003,922.7741,0.0006,370,,,64 989.994,-,75 823.909,5s25p4(3P2)6p,2[2]°,3/2,5s<sup>2</sup>5p<sup>4</sup>(<sup>3</sup>P<sub>1</sub>)5d,2[2],3/2,,,https://physics.nist.gov/cgi-bin/ASBib1/get_ASBib_ref.cgi?db=el&amp;db_id=3674&amp;comment_code=&amp;element=I&amp;spectr_charge=1&amp;ref=3674&amp;type=
933.5027,0.0002,933.5027,0.0006,3300,,,61 819.779,-,72 529.182,5s25p4(3P1)6s,2[1],3/2,5s<sup>2</sup>5p<sup>4</sup>(<sup>3</sup>P<sub>1</sub>)6p,2[2]°,5/2,,,https://physics.nist.gov/cgi-bin/ASBib1/get_ASBib_ref.cgi?db=el&amp;db_id=3674&amp;comment_code=&amp;element=I&amp;spectr_charge=1&amp;ref=3674&amp;type=
942.671,0.003,942.6717,0.0006,3600,,,60 896.243,-,71 501.480,5s25p4(3P0)6s,2[0],1/2,5s<sup>2</sup>5p<sup>4</sup>(<sup>3</sup>P<sub>1</sub>)6p,2[0]°,1/2,,,https://physics.nist.gov/cgi-bin/ASBib1/get_ASBib_ref.cgi?db=el&amp;db_id=3674&amp;comment_code=&amp;element=I&amp;spectr_charge=1&amp;ref=3674&amp;type=
942.7069,0.0002,942.7070,0.0006,1900,,,64 906.290,-,75 511.130,5s25p4(3P2)6p,2[2]°,5/2,5s<sup>2</sup>5p<sup>4</sup>(<sup>3</sup>P<sub>2</sub>)6d,2[3],7/2,,,https://physics.nist.gov/cgi-bin/ASBib1/get_ASBib_ref.cgi?db=el&amp;db_id=3674&amp;comment_code=&amp;element=I&amp;spectr_charge=1&amp;ref=3674&amp;type=
959.8224,0.0002,959.8224,0.0007,1700,,,68 587.859,-,79 003.596,5s25p4(1D2)6s,2[2],5/2,5s<sup>2</sup>5p<sup>4</sup>(<sup>1</sup>D<sub>2</sub>)6p,2[3]°,7/2,,,https://physics.nist.gov/cgi-bin/ASBib1/get_ASBib_ref.cgi?db=el&amp;db_id=3674&amp;comment_code=&amp;element=I&amp;spectr_charge=1&amp;ref=3674&amp;type=
964.9626,0.0002,964.9626,0.0007,1600,,,65 644.476,-,76 004.731,5s25p4(3P2)6p,2[3]°,5/2,5s<sup>2</sup>5p<sup>4</sup>(<sup>3</sup>P<sub>2</sub>)6d,2[4],7/2,,,https://physics.nist.gov/cgi-bin/ASBib1/get_ASBib_ref.cgi?db=el&amp;db_id=3674&amp;comment_code=&amp;element=I&amp;spectr_charge=1&amp;ref=3674&amp;type=
965.3093,0.0002,965.3093,0.0007,11000bl,,,54 633.460,-,64 989.994,5s25p4(3P2)6s,2[2],5/2,5s<sup>2</sup>5p<sup>4</sup>(<sup>3</sup>P<sub>2</sub>)6p,2[2]°,3/2,,,https://physics.nist.gov/cgi-bin/ASBib1/get_ASBib_ref.cgi?db=el&amp;db_id=3674&amp;comment_code=&amp;element=I&amp;spectr_charge=1&amp;ref=3674&amp;type=
973.1747,0.0002,973.1747,0.0007,18000,,,54 633.460,-,64 906.290,5s25p4(3P2)6s,2[2],5/2,5s<sup>2</sup>5p<sup>4</sup>(<sup>3</sup>P<sub>2</sub>)6p,2[2]°,5/2,,,https://physics.nist.gov/cgi-bin/ASBib1/get_ASBib_ref.cgi?db=el&amp;db_id=3674&amp;comment_code=&amp;element=I&amp;spectr_charge=1&amp;ref=3674&amp;type=
1 000.306,0.003,1 000.3082,0.0007,1100,,,61 819.779,-,71 813.958,5s25p4(3P1)6s,2[1],3/2,5s<sup>2</sup>5p<sup>4</sup>(<sup>3</sup>P<sub>0</sub>)6p,2[1]°,1/2,,,https://physics.nist.gov/cgi-bin/ASBib1/get_ASBib_ref.cgi?db=el&amp;db_id=3674&amp;comment_code=&amp;element=I&amp;spectr_charge=1&amp;ref=3674&amp;type=
1 013.112,0.003,1 013.1153,0.0007,1300,,,63 186.758,-,73 054.598,5s25p4(3P1)6s,2[1],1/2,5s<sup>2</sup>5p<sup>4</sup>(<sup>3</sup>P<sub>1</sub>)6p,2[1]°,3/2,,,https://physics.nist.gov/cgi-bin/ASBib1/get_ASBib_ref.cgi?db=el&amp;db_id=3674&amp;comment_code=&amp;element=I&amp;spectr_charge=1&amp;ref=3674&amp;type=
1 023.881,0.004,1 023.8815,0.0007,4400,,,56 092.881,-,65 856.960,5s25p4(3P2)6s,2[2],3/2,5s<sup>2</sup>5p<sup>4</sup>(<sup>3</sup>P<sub>2</sub>)6p,2[1]°,1/2,,,https://physics.nist.gov/cgi-bin/ASBib1/get_ASBib_ref.cgi?db=el&amp;db_id=13998&amp;comment_code=&amp;element=I&amp;spectr_charge=1&amp;ref=13998&amp;type=
1 037.519,0.004,1 037.5216,0.0008,410,,,67 726.415,-,77 362.128,5s25p4(3P2)5d,2[4],9/2,5s<sup>2</sup>5p<sup>4</sup>(<sup>3</sup>P<sub>2</sub>)4f,2[5]°,11/2,,,https://physics.nist.gov/cgi-bin/ASBib1/get_ASBib_ref.cgi?db=el&amp;db_id=13998&amp;comment_code=&amp;element=I&amp;spectr_charge=1&amp;ref=13998&amp;type=
1 039.173,0.004,1 039.1724,0.0008,750,,,63 186.758,-,72 807.164,5s25p4(3P1)6s,2[1],1/2,5s<sup>2</sup>5p<sup>4</sup>(<sup>3</sup>P<sub>1</sub>)6p,2[2]°,3/2,,,https://physics.nist.gov/cgi-bin/ASBib1/get_ASBib_ref.cgi?db=el&amp;db_id=13998&amp;comment_code=&amp;element=I&amp;spectr_charge=1&amp;ref=13998&amp;type=
1 046.653,0.004,1 046.6588,0.0008,26000,,,56 092.881,-,65 644.476,5s25p4(3P2)6s,2[2],3/2,5s<sup>2</sup>5p<sup>4</sup>(<sup>3</sup>P<sub>2</sub>)6p,2[3]°,5/2,,,https://physics.nist.gov/cgi-bin/ASBib1/get_ASBib_ref.cgi?db=el&amp;db_id=13998&amp;comment_code=&amp;element=I&amp;spectr_charge=1&amp;ref=13998&amp;type=
1 123.6524,0.0003,1 123.6524,0.0009,3900,,,56 092.881,-,64 989.994,5s25p4(3P2)6s,2[2],3/2,5s<sup>2</sup>5p<sup>4</sup>(<sup>3</sup>P<sub>2</sub>)6p,2[2]°,3/2,,,https://physics.nist.gov/cgi-bin/ASBib1/get_ASBib_ref.cgi?db=el&amp;db_id=3674&amp;comment_code=&amp;element=I&amp;spectr_charge=1&amp;ref=3674&amp;type=
1 155.8458,0.0003,1 155.8457,0.0009,290,,,64 989.994,-,73 639.300,5s25p4(3P2)6p,2[2]°,3/2,5s<sup>2</sup>5p<sup>4</sup>(<sup>3</sup>P<sub>0</sub>)5d,2[2],3/2,,,https://physics.nist.gov/cgi-bin/ASBib1/get_ASBib_ref.cgi?db=el&amp;db_id=3674&amp;comment_code=&amp;element=I&amp;spectr_charge=1&amp;ref=3674&amp;type=
1 177.8337,0.0003,1 177.8337,0.0010,170,,,64 989.994,-,73 477.834,5s25p4(3P2)6p,2[2]°,3/2,5s<sup>2</sup>5p<sup>4</sup>(<sup>1</sup>D<sub>2</sub>)5d,2[0],1/2,,,https://physics.nist.gov/cgi-bin/ASBib1/get_ASBib_ref.cgi?db=el&amp;db_id=3674&amp;comment_code=&amp;element=I&amp;spectr_charge=1&amp;ref=3674&amp;type=
1 199.6855,0.0003,1 199.6853,0.0010,250,,,65 644.476,-,73 977.715,5s25p4(3P2)6p,2[3]°,5/2,5s<sup>2</sup>5p<sup>4</sup>(<sup>3</sup>P<sub>1</sub>)5d,2[3],7/2,,,https://physics.nist.gov/cgi-bin/ASBib1/get_ASBib_ref.cgi?db=el&amp;db_id=3674&amp;comment_code=&amp;element=I&amp;spectr_charge=1&amp;ref=3674&amp;type=
1 203.3693,0.0003,1 203.3693,0.0010,190,,,65 669.988,-,73 977.715,5s25p4(3P2)6p,2[3]°,7/2,5s<sup>2</sup>5p<sup>4</sup>(<sup>3</sup>P<sub>1</sub>)5d,2[3],7/2,,,https://physics.nist.gov/cgi-bin/ASBib1/get_ASBib_ref.cgi?db=el&amp;db_id=3674&amp;comment_code=&amp;element=I&amp;spectr_charge=1&amp;ref=3674&amp;type=
1 230.458,0.005,1 230.4609,0.0011,47,,,64 989.994,-,73 114.807,5s25p4(3P2)6p,2[2]°,3/2,5s<sup>2</sup>5p<sup>4</sup>(<sup>3</sup>P<sub>1</sub>)5d,2[1],1/2,,,https://physics.nist.gov/cgi-bin/ASBib1/get_ASBib_ref.cgi?db=el&amp;db_id=3674&amp;comment_code=&amp;element=I&amp;spectr_charge=1&amp;ref=3674&amp;type=
1 314.9159,0.0003,1 314.9159,0.0012,8,,,0.000,-,7 602.970,5s25p5,2P°,3/2,5s<sup>2</sup>5p<sup>5</sup>,2P°,1/2,M1+E2,,https://physics.nist.gov/cgi-bin/ASBib1/get_ASBib_ref.cgi?db=el&amp;db_id=3674&amp;comment_code=&amp;element=I&amp;spectr_charge=1&amp;ref=3674&amp;type=M1+E2
1 395.8267,0.0004,1 395.8261,0.0014,1200,,,70 151.201,-,77 313.459,5s25p4(3P2)5d,2[2],5/2,5s<sup>2</sup>5p<sup>4</sup>(<sup>3</sup>P<sub>2</sub>)4f,2[3]°,7/2,,,https://physics.nist.gov/cgi-bin/ASBib1/get_ASBib_ref.cgi?db=el&amp;db_id=3674&amp;comment_code=&amp;element=I&amp;spectr_charge=1&amp;ref=3674&amp;type=
1 428.7019,0.0004,1 428.7023,0.0014,1000,,,64 906.290,-,71 903.736,5s25p4(3P2)6p,2[2]°,5/2,5s<sup>2</sup>5p<sup>4</sup>(<sup>3</sup>P<sub>2</sub>)7s,2[2],5/2,,,https://physics.nist.gov/cgi-bin/ASBib1/get_ASBib_ref.cgi?db=el&amp;db_id=3674&amp;comment_code=&amp;element=I&amp;spectr_charge=1&amp;ref=3674&amp;type=
1 445.9997,0.0004,1 445.9995,0.0015,480,,,64 989.994,-,71 903.736,5s25p4(3P2)6p,2[2]°,3/2,5s<sup>2</sup>5p<sup>4</sup>(<sup>3</sup>P<sub>2</sub>)7s,2[2],5/2,,,https://physics.nist.gov/cgi-bin/ASBib1/get_ASBib_ref.cgi?db=el&amp;db_id=3674&amp;comment_code=&amp;element=I&amp;spectr_charge=1&amp;ref=3674&amp;type=
1 503.2565,0.0005,1 503.2570,0.0016,860,,,65 644.476,-,72 294.881,5s25p4(3P2)6p,2[3]°,5/2,5s<sup>2</sup>5p<sup>4</sup>(<sup>3</sup>P<sub>2</sub>)7s,2[2],3/2,,,https://physics.nist.gov/cgi-bin/ASBib1/get_ASBib_ref.cgi?db=el&amp;db_id=3674&amp;comment_code=&amp;element=I&amp;spectr_charge=1&amp;ref=3674&amp;type=
1 552.865,0.007,1 552.8722,0.0017,330,,,65 856.960,-,72 294.881,5s25p4(3P2)6p,2[1]°,1/2,5s<sup>2</sup>5p<sup>4</sup>(<sup>3</sup>P<sub>2</sub>)7s,2[2],3/2,,,https://physics.nist.gov/cgi-bin/ASBib1/get_ASBib_ref.cgi?db=el&amp;db_id=3674&amp;comment_code=&amp;element=I&amp;spectr_charge=1&amp;ref=3674&amp;type=
1 603.733,0.008,1 603.7332,0.0018,380,,,65 669.988,-,71 903.736,5s25p4(3P2)6p,2[3]°,7/2,5s<sup>2</sup>5p<sup>4</sup>(<sup>3</sup>P<sub>2</sub>)7s,2[2],5/2,,,https://physics.nist.gov/cgi-bin/ASBib1/get_ASBib_ref.cgi?db=el&amp;db_id=3674&amp;comment_code=&amp;element=I&amp;spectr_charge=1&amp;ref=3674&amp;type=
1 827.571,0.010,1 827.5790,0.0024,38,,,70 151.201,-,75 621.427,5s25p4(3P2)5d,2[2],5/2,5s<sup>2</sup>5p<sup>4</sup>(<sup>3</sup>P<sub>2</sub>)7p,2[1]°,3/2,,,https://physics.nist.gov/cgi-bin/ASBib1/get_ASBib_ref.cgi?db=el&amp;db_id=3674&amp;comment_code=&amp;element=I&amp;spectr_charge=1&amp;ref=3674&amp;type=
1 834.8517,0.0007,1 834.8517,0.0024,27,,,64 906.290,-,70 354.834,5s25p4(3P2)6p,2[2]°,5/2,5s<sup>2</sup>5p<sup>4</sup>(<sup>3</sup>P<sub>2</sub>)5d,2[2],3/2,,,https://physics.nist.gov/cgi-bin/ASBib1/get_ASBib_ref.cgi?db=el&amp;db_id=3674&amp;comment_code=&amp;element=I&amp;spectr_charge=1&amp;ref=3674&amp;type=
1 898.2410,0.0007,1 898.242,0.003,30,,,70 354.834,-,75 621.427,5s25p4(3P2)5d,2[2],3/2,5s<sup>2</sup>5p<sup>4</sup>(<sup>3</sup>P<sub>2</sub>)7p,2[1]°,3/2,,,https://physics.nist.gov/cgi-bin/ASBib1/get_ASBib_ref.cgi?db=el&amp;db_id=3674&amp;comment_code=&amp;element=I&amp;spectr_charge=1&amp;ref=3674&amp;type=
1 907.017,0.011,1 907.020,0.003,29,,,61 819.779,-,67 062.130,5s25p4(3P1)6s,2[1],3/2,5s<sup>2</sup>5p<sup>4</sup>(<sup>3</sup>P<sub>2</sub>)6p,2[1]°,3/2,,,https://physics.nist.gov/cgi-bin/ASBib1/get_ASBib_ref.cgi?db=el&amp;db_id=3674&amp;comment_code=&amp;element=I&amp;spectr_charge=1&amp;ref=3674&amp;type=
1 910.512,0.011,1 910.519,0.003,130,,,67 062.130,-,72 294.881,5s25p4(3P2)6p,2[1]°,3/2,5s<sup>2</sup>5p<sup>4</sup>(<sup>3</sup>P<sub>2</sub>)7s,2[2],3/2,,,https://physics.nist.gov/cgi-bin/ASBib1/get_ASBib_ref.cgi?db=el&amp;db_id=3674&amp;comment_code=&amp;element=I&amp;spectr_charge=1&amp;ref=3674&amp;type=
1 937.0024,0.0008,1 937.002,0.003,55,,,64 989.994,-,70 151.201,5s25p4(3P2)6p,2[2]°,3/2,5s<sup>2</sup>5p<sup>4</sup>(<sup>3</sup>P<sub>2</sub>)5d,2[2],5/2,,,https://physics.nist.gov/cgi-bin/ASBib1/get_ASBib_ref.cgi?db=el&amp;db_id=3674&amp;comment_code=&amp;element=I&amp;spectr_charge=1&amp;ref=3674&amp;type=
2 065.433,0.013,2 065.430,0.003,9,,,67 062.130,-,71 903.736,5s25p4(3P2)6p,2[1]°,3/2,5s<sup>2</sup>5p<sup>4</sup>(<sup>3</sup>P<sub>2</sub>)7s,2[2],5/2,,,https://physics.nist.gov/cgi-bin/ASBib1/get_ASBib_ref.cgi?db=el&amp;db_id=3674&amp;comment_code=&amp;element=I&amp;spectr_charge=1&amp;ref=3674&amp;type=
2 218.909,0.015,2 218.906,0.003,200,,,65 644.476,-,70 151.201,5s25p4(3P2)6p,2[3]°,5/2,5s<sup>2</sup>5p<sup>4</sup>(<sup>3</sup>P<sub>2</sub>)5d,2[2],5/2,,,https://physics.nist.gov/cgi-bin/ASBib1/get_ASBib_ref.cgi?db=el&amp;db_id=3674&amp;comment_code=&amp;element=I&amp;spectr_charge=1&amp;ref=3674&amp;type=
2 223.260,0.015,2 223.273,0.003,98,,,65 856.960,-,70 354.834,5s25p4(3P2)6p,2[1]°,1/2,5s<sup>2</sup>5p<sup>4</sup>(<sup>3</sup>P<sub>2</sub>)5d,2[2],3/2,,,https://physics.nist.gov/cgi-bin/ASBib1/get_ASBib_ref.cgi?db=el&amp;db_id=3674&amp;comment_code=&amp;element=I&amp;spectr_charge=1&amp;ref=3674&amp;type=
2 231.530,0.015,2 231.539,0.004,25,,,65 669.988,-,70 151.201,5s25p4(3P2)6p,2[3]°,7/2,5s<sup>2</sup>5p<sup>4</sup>(<sup>3</sup>P<sub>2</sub>)5d,2[2],5/2,,,https://physics.nist.gov/cgi-bin/ASBib1/get_ASBib_ref.cgi?db=el&amp;db_id=3674&amp;comment_code=&amp;element=I&amp;spectr_charge=1&amp;ref=3674&amp;type=
2 442.748,0.018,2 442.747,0.004,24,,,60 896.243,-,64 989.994,5s25p4(3P0)6s,2[0],1/2,5s<sup>2</sup>5p<sup>4</sup>(<sup>3</sup>P<sub>2</sub>)6p,2[2]°,3/2,,,https://physics.nist.gov/cgi-bin/ASBib1/get_ASBib_ref.cgi?db=el&amp;db_id=3674&amp;comment_code=&amp;element=I&amp;spectr_charge=1&amp;ref=3674&amp;type=
2 737.2887,0.0015,2 737.289,0.005,29,,,64 906.290,-,68 559.540,5s25p4(3P2)6p,2[2]°,5/2,5s<sup>2</sup>5p<sup>4</sup>(<sup>3</sup>P<sub>2</sub>)5d,2[4],7/2,,,https://physics.nist.gov/cgi-bin/ASBib1/get_ASBib_ref.cgi?db=el&amp;db_id=3674&amp;comment_code=&amp;element=I&amp;spectr_charge=1&amp;ref=3674&amp;type=
2 758.058,0.023,2 758.058,0.005,21,,,64 989.994,-,68 615.734,5s25p4(3P2)6p,2[2]°,3/2,5s<sup>2</sup>5p<sup>4</sup>(<sup>3</sup>P<sub>2</sub>)5d,2[0],1/2,,,https://physics.nist.gov/cgi-bin/ASBib1/get_ASBib_ref.cgi?db=el&amp;db_id=3674&amp;comment_code=&amp;element=I&amp;spectr_charge=1&amp;ref=3674&amp;type=
3 037.021,0.028,3 037.018,0.007,120,,,67 062.130,-,70 354.834,5s25p4(3P2)6p,2[1]°,3/2,5s<sup>2</sup>5p<sup>4</sup>(<sup>3</sup>P<sub>2</sub>)5d,2[2],3/2,,,https://physics.nist.gov/cgi-bin/ASBib1/get_ASBib_ref.cgi?db=el&amp;db_id=3674&amp;comment_code=&amp;element=I&amp;spectr_charge=1&amp;ref=3674&amp;type=
3 039.2171,0.0018,3 039.218,0.007,180,,,71 903.736,-,75 194.056,5s25p4(3P2)7s,2[2],5/2,5s<sup>2</sup>5p<sup>4</sup>(<sup>3</sup>P<sub>2</sub>)7p,2[3]°,7/2,,,https://physics.nist.gov/cgi-bin/ASBib1/get_ASBib_ref.cgi?db=el&amp;db_id=3674&amp;comment_code=&amp;element=I&amp;spectr_charge=1&amp;ref=3674&amp;type=
3 430.456,,3 430.456,0.008,150:,,,65 644.476,-,68 559.540,5s25p4(3P2)6p,2[3]°,5/2,5s<sup>2</sup>5p<sup>4</sup>(<sup>3</sup>P<sub>2</sub>)5d,2[4],7/2,,,https://physics.nist.gov/cgi-bin/ASBib1/get_ASBib_ref.cgi?db=el&amp;db_id=1505&amp;comment_code=&amp;element=I&amp;spectr_charge=1&amp;ref=1505&amp;type=
3 452.495,,3 452.495,0.008,40:,,,72 294.881,-,75 191.337,5s25p4(3P2)7s,2[2],3/2,5s<sup>2</sup>5p<sup>4</sup>(<sup>3</sup>P<sub>2</sub>)7p,2[3]°,5/2,,,https://physics.nist.gov/cgi-bin/ASBib1/get_ASBib_ref.cgi?db=el&amp;db_id=1505&amp;comment_code=&amp;element=I&amp;spectr_charge=1&amp;ref=1505&amp;type=
4 024.025,,4 024.025,0.011,16:,,,74 965.635,-,77 450.709,5s25p4(3P2)7p,2[2]°,5/2,5s<sup>2</sup>5p<sup>4</sup>(<sup>3</sup>P<sub>2</sub>)8s,2[2],5/2,,,https://physics.nist.gov/cgi-bin/ASBib1/get_ASBib_ref.cgi?db=el&amp;db_id=1505&amp;comment_code=&amp;element=I&amp;spectr_charge=1&amp;ref=1505&amp;type=
4 164.593,,4 164.593,0.012,14:,,,75 049.514,-,77 450.709,5s25p4(3P2)7p,2[2]°,3/2,5s<sup>2</sup>5p<sup>4</sup>(<sup>3</sup>P<sub>2</sub>)8s,2[2],5/2,,,https://physics.nist.gov/cgi-bin/ASBib1/get_ASBib_ref.cgi?db=el&amp;db_id=1505&amp;comment_code=&amp;element=I&amp;spectr_charge=1&amp;ref=1505&amp;type=
