Observed  Wavelength  Vac (nm),Ritz  Wavelength  Vac (nm),Rel.  Int. (?),Aki (s-1),Acc.,Ei  (cm-1),,Ek  (cm-1),Lower Level  J,Upper Level  J,Type,TPRef.,LineRef.
335.784,,390,,,,,,,,,,https://physics.nist.gov/cgi-bin/ASBib1/get_ASBib_ref.cgi?db=el&amp;db_id=3475&amp;comment_code=&amp;element=U&amp;spectr_charge=1&amp;ref=3475&amp;type=
339.038,,730,,,,,,,,,,https://physics.nist.gov/cgi-bin/ASBib1/get_ASBib_ref.cgi?db=el&amp;db_id=3475&amp;comment_code=&amp;element=U&amp;spectr_charge=1&amp;ref=3475&amp;type=
343.549,,580,,,,,,,,,,https://physics.nist.gov/cgi-bin/ASBib1/get_ASBib_ref.cgi?db=el&amp;db_id=3475&amp;comment_code=&amp;element=U&amp;spectr_charge=1&amp;ref=3475&amp;type=
345.992,,360,,,,,,,,,,https://physics.nist.gov/cgi-bin/ASBib1/get_ASBib_ref.cgi?db=el&amp;db_id=3475&amp;comment_code=&amp;element=U&amp;spectr_charge=1&amp;ref=3475&amp;type=
346.222,,320,,,,,,,,,,https://physics.nist.gov/cgi-bin/ASBib1/get_ASBib_ref.cgi?db=el&amp;db_id=3475&amp;comment_code=&amp;element=U&amp;spectr_charge=1&amp;ref=3475&amp;type=
346.355,,460,,,,,,,,,,https://physics.nist.gov/cgi-bin/ASBib1/get_ASBib_ref.cgi?db=el&amp;db_id=3475&amp;comment_code=&amp;element=U&amp;spectr_charge=1&amp;ref=3475&amp;type=
346.630,,630,,,,,,,,,,https://physics.nist.gov/cgi-bin/ASBib1/get_ASBib_ref.cgi?db=el&amp;db_id=3475&amp;comment_code=&amp;element=U&amp;spectr_charge=1&amp;ref=3475&amp;type=
347.343,,320,,,,,,,,,,https://physics.nist.gov/cgi-bin/ASBib1/get_ASBib_ref.cgi?db=el&amp;db_id=3475&amp;comment_code=&amp;element=U&amp;spectr_charge=1&amp;ref=3475&amp;type=
348.036,,360,,,,,,,,,,https://physics.nist.gov/cgi-bin/ASBib1/get_ASBib_ref.cgi?db=el&amp;db_id=3475&amp;comment_code=&amp;element=U&amp;spectr_charge=1&amp;ref=3475&amp;type=
348.937,,1600,,,,,,,,,,https://physics.nist.gov/cgi-bin/ASBib1/get_ASBib_ref.cgi?db=el&amp;db_id=3475&amp;comment_code=&amp;element=U&amp;spectr_charge=1&amp;ref=3475&amp;type=
349.400,,340,,,,,,,,,,https://physics.nist.gov/cgi-bin/ASBib1/get_ASBib_ref.cgi?db=el&amp;db_id=3475&amp;comment_code=&amp;element=U&amp;spectr_charge=1&amp;ref=3475&amp;type=
350.008,,630,,,,,,,,,,https://physics.nist.gov/cgi-bin/ASBib1/get_ASBib_ref.cgi?db=el&amp;db_id=3475&amp;comment_code=&amp;element=U&amp;spectr_charge=1&amp;ref=3475&amp;type=
350.401,,320,,,,,,,,,,https://physics.nist.gov/cgi-bin/ASBib1/get_ASBib_ref.cgi?db=el&amp;db_id=3475&amp;comment_code=&amp;element=U&amp;spectr_charge=1&amp;ref=3475&amp;type=
350.734,,780,,,,,,,,,,https://physics.nist.gov/cgi-bin/ASBib1/get_ASBib_ref.cgi?db=el&amp;db_id=3475&amp;comment_code=&amp;element=U&amp;spectr_charge=1&amp;ref=3475&amp;type=
351.367,,320,,,,,,,,,,https://physics.nist.gov/cgi-bin/ASBib1/get_ASBib_ref.cgi?db=el&amp;db_id=3475&amp;comment_code=&amp;element=U&amp;spectr_charge=1&amp;ref=3475&amp;type=
351.461,,1600,,,,,,,,,,https://physics.nist.gov/cgi-bin/ASBib1/get_ASBib_ref.cgi?db=el&amp;db_id=3475&amp;comment_code=&amp;element=U&amp;spectr_charge=1&amp;ref=3475&amp;type=
353.433,,320,,,,,,,,,,https://physics.nist.gov/cgi-bin/ASBib1/get_ASBib_ref.cgi?db=el&amp;db_id=3475&amp;comment_code=&amp;element=U&amp;spectr_charge=1&amp;ref=3475&amp;type=
354.257,,320,,,,,,,,,,https://physics.nist.gov/cgi-bin/ASBib1/get_ASBib_ref.cgi?db=el&amp;db_id=3475&amp;comment_code=&amp;element=U&amp;spectr_charge=1&amp;ref=3475&amp;type=
354.920,,320,,,,,,,,,,https://physics.nist.gov/cgi-bin/ASBib1/get_ASBib_ref.cgi?db=el&amp;db_id=3475&amp;comment_code=&amp;element=U&amp;spectr_charge=1&amp;ref=3475&amp;type=
355.2950,,20,2.0e+06,C,,,,6,6,,https://physics.nist.gov/cgi-bin/ASBib1/get_ASBib_ref.cgi?db=tp&amp;db_id=4515&amp;comment_code=&amp;element=U&amp;spectr_charge=1&amp;ref=4515&amp;type=,https://physics.nist.gov/cgi-bin/ASBib1/get_ASBib_ref.cgi?db=el&amp;db_id=1813&amp;comment_code=&amp;element=U&amp;spectr_charge=1&amp;ref=1813&amp;type=
355.3010,,370,1.4e+06,C,,,,4,3,,https://physics.nist.gov/cgi-bin/ASBib1/get_ASBib_ref.cgi?db=tp&amp;db_id=4515&amp;comment_code=&amp;element=U&amp;spectr_charge=1&amp;ref=4515&amp;type=,https://physics.nist.gov/cgi-bin/ASBib1/get_ASBib_ref.cgi?db=el&amp;db_id=1813&amp;comment_code=&amp;element=U&amp;spectr_charge=1&amp;ref=1813&amp;type=
355.3435,,720,2.2e+06,C,,,,7,6,,https://physics.nist.gov/cgi-bin/ASBib1/get_ASBib_ref.cgi?db=tp&amp;db_id=4515&amp;comment_code=&amp;element=U&amp;spectr_charge=1&amp;ref=4515&amp;type=,https://physics.nist.gov/cgi-bin/ASBib1/get_ASBib_ref.cgi?db=el&amp;db_id=1813&amp;comment_code=&amp;element=U&amp;spectr_charge=1&amp;ref=1813&amp;type=
355.4499,,600,8.4e+05,C,,,,5,4,,https://physics.nist.gov/cgi-bin/ASBib1/get_ASBib_ref.cgi?db=tp&amp;db_id=4515&amp;comment_code=&amp;element=U&amp;spectr_charge=1&amp;ref=4515&amp;type=,https://physics.nist.gov/cgi-bin/ASBib1/get_ASBib_ref.cgi?db=el&amp;db_id=1813&amp;comment_code=&amp;element=U&amp;spectr_charge=1&amp;ref=1813&amp;type=
355.4874,,390,7.9e+05,C,,,,7,8,,https://physics.nist.gov/cgi-bin/ASBib1/get_ASBib_ref.cgi?db=tp&amp;db_id=4515&amp;comment_code=&amp;element=U&amp;spectr_charge=1&amp;ref=4515&amp;type=,https://physics.nist.gov/cgi-bin/ASBib1/get_ASBib_ref.cgi?db=el&amp;db_id=1813&amp;comment_code=&amp;element=U&amp;spectr_charge=1&amp;ref=1813&amp;type=
355.532,,680,2.7e+06,C,,,,6,7,,https://physics.nist.gov/cgi-bin/ASBib1/get_ASBib_ref.cgi?db=tp&amp;db_id=4515&amp;comment_code=&amp;element=U&amp;spectr_charge=1&amp;ref=4515&amp;type=,https://physics.nist.gov/cgi-bin/ASBib1/get_ASBib_ref.cgi?db=el&amp;db_id=3475&amp;comment_code=&amp;element=U&amp;spectr_charge=1&amp;ref=3475&amp;type=
355.5827,,570,4.1e+05,C,,,,6,5,,https://physics.nist.gov/cgi-bin/ASBib1/get_ASBib_ref.cgi?db=tp&amp;db_id=4515&amp;comment_code=&amp;element=U&amp;spectr_charge=1&amp;ref=4515&amp;type=,https://physics.nist.gov/cgi-bin/ASBib1/get_ASBib_ref.cgi?db=el&amp;db_id=1813&amp;comment_code=&amp;element=U&amp;spectr_charge=1&amp;ref=1813&amp;type=
355.6925,,30,7.5e+05,C,,,,6,5,,https://physics.nist.gov/cgi-bin/ASBib1/get_ASBib_ref.cgi?db=tp&amp;db_id=4515&amp;comment_code=&amp;element=U&amp;spectr_charge=1&amp;ref=4515&amp;type=,https://physics.nist.gov/cgi-bin/ASBib1/get_ASBib_ref.cgi?db=el&amp;db_id=1813&amp;comment_code=&amp;element=U&amp;spectr_charge=1&amp;ref=1813&amp;type=
355.7841,,910,2.9e+06,C,,,,6,6,,https://physics.nist.gov/cgi-bin/ASBib1/get_ASBib_ref.cgi?db=tp&amp;db_id=4515&amp;comment_code=&amp;element=U&amp;spectr_charge=1&amp;ref=4515&amp;type=,https://physics.nist.gov/cgi-bin/ASBib1/get_ASBib_ref.cgi?db=el&amp;db_id=1813&amp;comment_code=&amp;element=U&amp;spectr_charge=1&amp;ref=1813&amp;type=
355.8015,,120,1.6e+06,C,,,,5,6,,https://physics.nist.gov/cgi-bin/ASBib1/get_ASBib_ref.cgi?db=tp&amp;db_id=4515&amp;comment_code=&amp;element=U&amp;spectr_charge=1&amp;ref=4515&amp;type=,https://physics.nist.gov/cgi-bin/ASBib1/get_ASBib_ref.cgi?db=el&amp;db_id=1813&amp;comment_code=&amp;element=U&amp;spectr_charge=1&amp;ref=1813&amp;type=
355.8579,,470,3.9e+06,C,,,,4,3,,https://physics.nist.gov/cgi-bin/ASBib1/get_ASBib_ref.cgi?db=tp&amp;db_id=4515&amp;comment_code=&amp;element=U&amp;spectr_charge=1&amp;ref=4515&amp;type=,https://physics.nist.gov/cgi-bin/ASBib1/get_ASBib_ref.cgi?db=el&amp;db_id=1813&amp;comment_code=&amp;element=U&amp;spectr_charge=1&amp;ref=1813&amp;type=
355.9400,,290,1.5e+06,C,,,,3,4,,https://physics.nist.gov/cgi-bin/ASBib1/get_ASBib_ref.cgi?db=tp&amp;db_id=4515&amp;comment_code=&amp;element=U&amp;spectr_charge=1&amp;ref=4515&amp;type=,https://physics.nist.gov/cgi-bin/ASBib1/get_ASBib_ref.cgi?db=el&amp;db_id=1813&amp;comment_code=&amp;element=U&amp;spectr_charge=1&amp;ref=1813&amp;type=
356.0309,,290,6.4e+06,C,,,,4,3,,https://physics.nist.gov/cgi-bin/ASBib1/get_ASBib_ref.cgi?db=tp&amp;db_id=4515&amp;comment_code=&amp;element=U&amp;spectr_charge=1&amp;ref=4515&amp;type=,https://physics.nist.gov/cgi-bin/ASBib1/get_ASBib_ref.cgi?db=el&amp;db_id=1813&amp;comment_code=&amp;element=U&amp;spectr_charge=1&amp;ref=1813&amp;type=
356.141,,320,5.5e+06,C,,,,7,6,,https://physics.nist.gov/cgi-bin/ASBib1/get_ASBib_ref.cgi?db=tp&amp;db_id=4515&amp;comment_code=&amp;element=U&amp;spectr_charge=1&amp;ref=4515&amp;type=,https://physics.nist.gov/cgi-bin/ASBib1/get_ASBib_ref.cgi?db=el&amp;db_id=3475&amp;comment_code=&amp;element=U&amp;spectr_charge=1&amp;ref=3475&amp;type=
356.1460,,110,2.5e+06,C,,,,4,4,,https://physics.nist.gov/cgi-bin/ASBib1/get_ASBib_ref.cgi?db=tp&amp;db_id=4515&amp;comment_code=&amp;element=U&amp;spectr_charge=1&amp;ref=4515&amp;type=,https://physics.nist.gov/cgi-bin/ASBib1/get_ASBib_ref.cgi?db=el&amp;db_id=1813&amp;comment_code=&amp;element=U&amp;spectr_charge=1&amp;ref=1813&amp;type=
356.180,,1200,5.7e+06,C,,,,6,5,,https://physics.nist.gov/cgi-bin/ASBib1/get_ASBib_ref.cgi?db=tp&amp;db_id=4515&amp;comment_code=&amp;element=U&amp;spectr_charge=1&amp;ref=4515&amp;type=,https://physics.nist.gov/cgi-bin/ASBib1/get_ASBib_ref.cgi?db=el&amp;db_id=3475&amp;comment_code=&amp;element=U&amp;spectr_charge=1&amp;ref=3475&amp;type=
356.366,,390,2.9e+06,C,,,,6,6,,https://physics.nist.gov/cgi-bin/ASBib1/get_ASBib_ref.cgi?db=tp&amp;db_id=4515&amp;comment_code=&amp;element=U&amp;spectr_charge=1&amp;ref=4515&amp;type=,https://physics.nist.gov/cgi-bin/ASBib1/get_ASBib_ref.cgi?db=el&amp;db_id=3475&amp;comment_code=&amp;element=U&amp;spectr_charge=1&amp;ref=3475&amp;type=
356.3816,,40,1.1e+06,C,,,,3,3,,https://physics.nist.gov/cgi-bin/ASBib1/get_ASBib_ref.cgi?db=tp&amp;db_id=4515&amp;comment_code=&amp;element=U&amp;spectr_charge=1&amp;ref=4515&amp;type=,https://physics.nist.gov/cgi-bin/ASBib1/get_ASBib_ref.cgi?db=el&amp;db_id=1813&amp;comment_code=&amp;element=U&amp;spectr_charge=1&amp;ref=1813&amp;type=
356.5046,,470,2.9e+06,C,,,,6,5,,https://physics.nist.gov/cgi-bin/ASBib1/get_ASBib_ref.cgi?db=tp&amp;db_id=4515&amp;comment_code=&amp;element=U&amp;spectr_charge=1&amp;ref=4515&amp;type=,https://physics.nist.gov/cgi-bin/ASBib1/get_ASBib_ref.cgi?db=el&amp;db_id=1813&amp;comment_code=&amp;element=U&amp;spectr_charge=1&amp;ref=1813&amp;type=
356.6002,,490,1.7e+06,C,,,,6,7,,https://physics.nist.gov/cgi-bin/ASBib1/get_ASBib_ref.cgi?db=tp&amp;db_id=4515&amp;comment_code=&amp;element=U&amp;spectr_charge=1&amp;ref=4515&amp;type=,https://physics.nist.gov/cgi-bin/ASBib1/get_ASBib_ref.cgi?db=el&amp;db_id=1813&amp;comment_code=&amp;element=U&amp;spectr_charge=1&amp;ref=1813&amp;type=
356.659,,2300,2.4e+07,B,,,,5,5,,https://physics.nist.gov/cgi-bin/ASBib1/get_ASBib_ref.cgi?db=tp&amp;db_id=4515&amp;comment_code=&amp;element=U&amp;spectr_charge=1&amp;ref=4515&amp;type=,https://physics.nist.gov/cgi-bin/ASBib1/get_ASBib_ref.cgi?db=el&amp;db_id=3475&amp;comment_code=&amp;element=U&amp;spectr_charge=1&amp;ref=3475&amp;type=
356.8779,,600,3.8e+06,C,,,,6,6,,https://physics.nist.gov/cgi-bin/ASBib1/get_ASBib_ref.cgi?db=tp&amp;db_id=4515&amp;comment_code=&amp;element=U&amp;spectr_charge=1&amp;ref=4515&amp;type=,https://physics.nist.gov/cgi-bin/ASBib1/get_ASBib_ref.cgi?db=el&amp;db_id=1813&amp;comment_code=&amp;element=U&amp;spectr_charge=1&amp;ref=1813&amp;type=
356.908,,530,1.1e+07,C,,,,8,7,,https://physics.nist.gov/cgi-bin/ASBib1/get_ASBib_ref.cgi?db=tp&amp;db_id=4515&amp;comment_code=&amp;element=U&amp;spectr_charge=1&amp;ref=4515&amp;type=,https://physics.nist.gov/cgi-bin/ASBib1/get_ASBib_ref.cgi?db=el&amp;db_id=3475&amp;comment_code=&amp;element=U&amp;spectr_charge=1&amp;ref=3475&amp;type=
356.9367,,290,1.5e+06,C,,,,4,4,,https://physics.nist.gov/cgi-bin/ASBib1/get_ASBib_ref.cgi?db=tp&amp;db_id=4515&amp;comment_code=&amp;element=U&amp;spectr_charge=1&amp;ref=4515&amp;type=,https://physics.nist.gov/cgi-bin/ASBib1/get_ASBib_ref.cgi?db=el&amp;db_id=1813&amp;comment_code=&amp;element=U&amp;spectr_charge=1&amp;ref=1813&amp;type=
357.0094,,230,1.3e+06,C,,,,6,5,,https://physics.nist.gov/cgi-bin/ASBib1/get_ASBib_ref.cgi?db=tp&amp;db_id=4515&amp;comment_code=&amp;element=U&amp;spectr_charge=1&amp;ref=4515&amp;type=,https://physics.nist.gov/cgi-bin/ASBib1/get_ASBib_ref.cgi?db=el&amp;db_id=1813&amp;comment_code=&amp;element=U&amp;spectr_charge=1&amp;ref=1813&amp;type=
357.0217,,370,5.3e+05,C,,,,5,4,,https://physics.nist.gov/cgi-bin/ASBib1/get_ASBib_ref.cgi?db=tp&amp;db_id=4515&amp;comment_code=&amp;element=U&amp;spectr_charge=1&amp;ref=4515&amp;type=,https://physics.nist.gov/cgi-bin/ASBib1/get_ASBib_ref.cgi?db=el&amp;db_id=1813&amp;comment_code=&amp;element=U&amp;spectr_charge=1&amp;ref=1813&amp;type=
357.0584,,210,2.7e+06,C,,,,6,7,,https://physics.nist.gov/cgi-bin/ASBib1/get_ASBib_ref.cgi?db=tp&amp;db_id=4515&amp;comment_code=&amp;element=U&amp;spectr_charge=1&amp;ref=4515&amp;type=,https://physics.nist.gov/cgi-bin/ASBib1/get_ASBib_ref.cgi?db=el&amp;db_id=1813&amp;comment_code=&amp;element=U&amp;spectr_charge=1&amp;ref=1813&amp;type=
357.0711,,430,1.2e+06,C,,,,7,7,,https://physics.nist.gov/cgi-bin/ASBib1/get_ASBib_ref.cgi?db=tp&amp;db_id=4515&amp;comment_code=&amp;element=U&amp;spectr_charge=1&amp;ref=4515&amp;type=,https://physics.nist.gov/cgi-bin/ASBib1/get_ASBib_ref.cgi?db=el&amp;db_id=1813&amp;comment_code=&amp;element=U&amp;spectr_charge=1&amp;ref=1813&amp;type=
357.1164,,550,6.3e+05,C,,,,5,5,,https://physics.nist.gov/cgi-bin/ASBib1/get_ASBib_ref.cgi?db=tp&amp;db_id=4515&amp;comment_code=&amp;element=U&amp;spectr_charge=1&amp;ref=4515&amp;type=,https://physics.nist.gov/cgi-bin/ASBib1/get_ASBib_ref.cgi?db=el&amp;db_id=1813&amp;comment_code=&amp;element=U&amp;spectr_charge=1&amp;ref=1813&amp;type=
357.1551,,230,1.3e+07,C,,,,8,7,,https://physics.nist.gov/cgi-bin/ASBib1/get_ASBib_ref.cgi?db=tp&amp;db_id=4515&amp;comment_code=&amp;element=U&amp;spectr_charge=1&amp;ref=4515&amp;type=,https://physics.nist.gov/cgi-bin/ASBib1/get_ASBib_ref.cgi?db=el&amp;db_id=1813&amp;comment_code=&amp;element=U&amp;spectr_charge=1&amp;ref=1813&amp;type=
357.2927,,470,1.5e+06,C,,,,6,7,,https://physics.nist.gov/cgi-bin/ASBib1/get_ASBib_ref.cgi?db=tp&amp;db_id=4515&amp;comment_code=&amp;element=U&amp;spectr_charge=1&amp;ref=4515&amp;type=,https://physics.nist.gov/cgi-bin/ASBib1/get_ASBib_ref.cgi?db=el&amp;db_id=1813&amp;comment_code=&amp;element=U&amp;spectr_charge=1&amp;ref=1813&amp;type=
357.3875,,450,4.0e+06,C,,,,6,5,,https://physics.nist.gov/cgi-bin/ASBib1/get_ASBib_ref.cgi?db=tp&amp;db_id=4515&amp;comment_code=&amp;element=U&amp;spectr_charge=1&amp;ref=4515&amp;type=,https://physics.nist.gov/cgi-bin/ASBib1/get_ASBib_ref.cgi?db=el&amp;db_id=1813&amp;comment_code=&amp;element=U&amp;spectr_charge=1&amp;ref=1813&amp;type=
357.4110,,290,3.5e+06,C,,,,6,7,,https://physics.nist.gov/cgi-bin/ASBib1/get_ASBib_ref.cgi?db=tp&amp;db_id=4515&amp;comment_code=&amp;element=U&amp;spectr_charge=1&amp;ref=4515&amp;type=,https://physics.nist.gov/cgi-bin/ASBib1/get_ASBib_ref.cgi?db=el&amp;db_id=1813&amp;comment_code=&amp;element=U&amp;spectr_charge=1&amp;ref=1813&amp;type=
357.476,,320,1.9e+06,C,,,,6,7,,https://physics.nist.gov/cgi-bin/ASBib1/get_ASBib_ref.cgi?db=tp&amp;db_id=4515&amp;comment_code=&amp;element=U&amp;spectr_charge=1&amp;ref=4515&amp;type=,https://physics.nist.gov/cgi-bin/ASBib1/get_ASBib_ref.cgi?db=el&amp;db_id=3475&amp;comment_code=&amp;element=U&amp;spectr_charge=1&amp;ref=3475&amp;type=
357.7069,,370,4.3e+06,C,,,,8,7,,https://physics.nist.gov/cgi-bin/ASBib1/get_ASBib_ref.cgi?db=tp&amp;db_id=4515&amp;comment_code=&amp;element=U&amp;spectr_charge=1&amp;ref=4515&amp;type=,https://physics.nist.gov/cgi-bin/ASBib1/get_ASBib_ref.cgi?db=el&amp;db_id=1813&amp;comment_code=&amp;element=U&amp;spectr_charge=1&amp;ref=1813&amp;type=
357.7490,,230,7.8e+05,C,,,,7,6,,https://physics.nist.gov/cgi-bin/ASBib1/get_ASBib_ref.cgi?db=tp&amp;db_id=4515&amp;comment_code=&amp;element=U&amp;spectr_charge=1&amp;ref=4515&amp;type=,https://physics.nist.gov/cgi-bin/ASBib1/get_ASBib_ref.cgi?db=el&amp;db_id=1813&amp;comment_code=&amp;element=U&amp;spectr_charge=1&amp;ref=1813&amp;type=
357.7781,,430,8.3e+05,C,,,,5,5,,https://physics.nist.gov/cgi-bin/ASBib1/get_ASBib_ref.cgi?db=tp&amp;db_id=4515&amp;comment_code=&amp;element=U&amp;spectr_charge=1&amp;ref=4515&amp;type=,https://physics.nist.gov/cgi-bin/ASBib1/get_ASBib_ref.cgi?db=el&amp;db_id=1813&amp;comment_code=&amp;element=U&amp;spectr_charge=1&amp;ref=1813&amp;type=
357.792,,360,2.3e+06,C,,,,6,6,,https://physics.nist.gov/cgi-bin/ASBib1/get_ASBib_ref.cgi?db=tp&amp;db_id=4515&amp;comment_code=&amp;element=U&amp;spectr_charge=1&amp;ref=4515&amp;type=,https://physics.nist.gov/cgi-bin/ASBib1/get_ASBib_ref.cgi?db=el&amp;db_id=3475&amp;comment_code=&amp;element=U&amp;spectr_charge=1&amp;ref=3475&amp;type=
357.8327,,620,2.0e+06,C,,,,6,5,,https://physics.nist.gov/cgi-bin/ASBib1/get_ASBib_ref.cgi?db=tp&amp;db_id=4515&amp;comment_code=&amp;element=U&amp;spectr_charge=1&amp;ref=4515&amp;type=,https://physics.nist.gov/cgi-bin/ASBib1/get_ASBib_ref.cgi?db=el&amp;db_id=1813&amp;comment_code=&amp;element=U&amp;spectr_charge=1&amp;ref=1813&amp;type=
357.9952,,160,1.2e+06,C,,,,4,4,,https://physics.nist.gov/cgi-bin/ASBib1/get_ASBib_ref.cgi?db=tp&amp;db_id=4515&amp;comment_code=&amp;element=U&amp;spectr_charge=1&amp;ref=4515&amp;type=,https://physics.nist.gov/cgi-bin/ASBib1/get_ASBib_ref.cgi?db=el&amp;db_id=1813&amp;comment_code=&amp;element=U&amp;spectr_charge=1&amp;ref=1813&amp;type=
358.0246,,640,2.9e+06,C,,,,5,4,,https://physics.nist.gov/cgi-bin/ASBib1/get_ASBib_ref.cgi?db=tp&amp;db_id=4515&amp;comment_code=&amp;element=U&amp;spectr_charge=1&amp;ref=4515&amp;type=,https://physics.nist.gov/cgi-bin/ASBib1/get_ASBib_ref.cgi?db=el&amp;db_id=1813&amp;comment_code=&amp;element=U&amp;spectr_charge=1&amp;ref=1813&amp;type=
358.0365,,530,7.5e+05,C,,,,5,6,,https://physics.nist.gov/cgi-bin/ASBib1/get_ASBib_ref.cgi?db=tp&amp;db_id=4515&amp;comment_code=&amp;element=U&amp;spectr_charge=1&amp;ref=4515&amp;type=,https://physics.nist.gov/cgi-bin/ASBib1/get_ASBib_ref.cgi?db=el&amp;db_id=1813&amp;comment_code=&amp;element=U&amp;spectr_charge=1&amp;ref=1813&amp;type=
358.0921,,430,2.1e+06,C,,,,6,6,,https://physics.nist.gov/cgi-bin/ASBib1/get_ASBib_ref.cgi?db=tp&amp;db_id=4515&amp;comment_code=&amp;element=U&amp;spectr_charge=1&amp;ref=4515&amp;type=,https://physics.nist.gov/cgi-bin/ASBib1/get_ASBib_ref.cgi?db=el&amp;db_id=1813&amp;comment_code=&amp;element=U&amp;spectr_charge=1&amp;ref=1813&amp;type=
358.2622,,530,2.9e+06,C,,,,6,6,,https://physics.nist.gov/cgi-bin/ASBib1/get_ASBib_ref.cgi?db=tp&amp;db_id=4515&amp;comment_code=&amp;element=U&amp;spectr_charge=1&amp;ref=4515&amp;type=,https://physics.nist.gov/cgi-bin/ASBib1/get_ASBib_ref.cgi?db=el&amp;db_id=1813&amp;comment_code=&amp;element=U&amp;spectr_charge=1&amp;ref=1813&amp;type=
358.4641,,240,2.4e+06,C,,,,3,2,,https://physics.nist.gov/cgi-bin/ASBib1/get_ASBib_ref.cgi?db=tp&amp;db_id=4515&amp;comment_code=&amp;element=U&amp;spectr_charge=1&amp;ref=4515&amp;type=,https://physics.nist.gov/cgi-bin/ASBib1/get_ASBib_ref.cgi?db=el&amp;db_id=1813&amp;comment_code=&amp;element=U&amp;spectr_charge=1&amp;ref=1813&amp;type=
358.488,,3200,1.8e+07,B,,,,6,7,,https://physics.nist.gov/cgi-bin/ASBib1/get_ASBib_ref.cgi?db=tp&amp;db_id=4515&amp;comment_code=&amp;element=U&amp;spectr_charge=1&amp;ref=4515&amp;type=,https://physics.nist.gov/cgi-bin/ASBib1/get_ASBib_ref.cgi?db=el&amp;db_id=3475&amp;comment_code=&amp;element=U&amp;spectr_charge=1&amp;ref=3475&amp;type=
358.5375,,600,1.9e+06,C,,,,5,5,,https://physics.nist.gov/cgi-bin/ASBib1/get_ASBib_ref.cgi?db=tp&amp;db_id=4515&amp;comment_code=&amp;element=U&amp;spectr_charge=1&amp;ref=4515&amp;type=,https://physics.nist.gov/cgi-bin/ASBib1/get_ASBib_ref.cgi?db=el&amp;db_id=1813&amp;comment_code=&amp;element=U&amp;spectr_charge=1&amp;ref=1813&amp;type=
358.5837,,640,2.8e+06,C,,,,5,4,,https://physics.nist.gov/cgi-bin/ASBib1/get_ASBib_ref.cgi?db=tp&amp;db_id=4515&amp;comment_code=&amp;element=U&amp;spectr_charge=1&amp;ref=4515&amp;type=,https://physics.nist.gov/cgi-bin/ASBib1/get_ASBib_ref.cgi?db=el&amp;db_id=1813&amp;comment_code=&amp;element=U&amp;spectr_charge=1&amp;ref=1813&amp;type=
358.7784,,150,1.3e+06,C,,,,4,5,,https://physics.nist.gov/cgi-bin/ASBib1/get_ASBib_ref.cgi?db=tp&amp;db_id=4515&amp;comment_code=&amp;element=U&amp;spectr_charge=1&amp;ref=4515&amp;type=,https://physics.nist.gov/cgi-bin/ASBib1/get_ASBib_ref.cgi?db=el&amp;db_id=1813&amp;comment_code=&amp;element=U&amp;spectr_charge=1&amp;ref=1813&amp;type=
358.8348,,210,1.8e+06,C,,,,3,4,,https://physics.nist.gov/cgi-bin/ASBib1/get_ASBib_ref.cgi?db=tp&amp;db_id=4515&amp;comment_code=&amp;element=U&amp;spectr_charge=1&amp;ref=4515&amp;type=,https://physics.nist.gov/cgi-bin/ASBib1/get_ASBib_ref.cgi?db=el&amp;db_id=1813&amp;comment_code=&amp;element=U&amp;spectr_charge=1&amp;ref=1813&amp;type=
358.9659,,640,2.1e+06,C,,,,5,6,,https://physics.nist.gov/cgi-bin/ASBib1/get_ASBib_ref.cgi?db=tp&amp;db_id=4515&amp;comment_code=&amp;element=U&amp;spectr_charge=1&amp;ref=4515&amp;type=,https://physics.nist.gov/cgi-bin/ASBib1/get_ASBib_ref.cgi?db=el&amp;db_id=1813&amp;comment_code=&amp;element=U&amp;spectr_charge=1&amp;ref=1813&amp;type=
358.9787,,570,5.9e+06,C,,,,7,6,,https://physics.nist.gov/cgi-bin/ASBib1/get_ASBib_ref.cgi?db=tp&amp;db_id=4515&amp;comment_code=&amp;element=U&amp;spectr_charge=1&amp;ref=4515&amp;type=,https://physics.nist.gov/cgi-bin/ASBib1/get_ASBib_ref.cgi?db=el&amp;db_id=1813&amp;comment_code=&amp;element=U&amp;spectr_charge=1&amp;ref=1813&amp;type=
359.0726,,190,2.2e+06,C,,,,4,3,,https://physics.nist.gov/cgi-bin/ASBib1/get_ASBib_ref.cgi?db=tp&amp;db_id=4515&amp;comment_code=&amp;element=U&amp;spectr_charge=1&amp;ref=4515&amp;type=,https://physics.nist.gov/cgi-bin/ASBib1/get_ASBib_ref.cgi?db=el&amp;db_id=1813&amp;comment_code=&amp;element=U&amp;spectr_charge=1&amp;ref=1813&amp;type=
359.174,,390,5.3e+06,C,,,,5,4,,https://physics.nist.gov/cgi-bin/ASBib1/get_ASBib_ref.cgi?db=tp&amp;db_id=4515&amp;comment_code=&amp;element=U&amp;spectr_charge=1&amp;ref=4515&amp;type=,https://physics.nist.gov/cgi-bin/ASBib1/get_ASBib_ref.cgi?db=el&amp;db_id=3475&amp;comment_code=&amp;element=U&amp;spectr_charge=1&amp;ref=3475&amp;type=
359.2969,,370,1.4e+06,C,,,,5,5,,https://physics.nist.gov/cgi-bin/ASBib1/get_ASBib_ref.cgi?db=tp&amp;db_id=4515&amp;comment_code=&amp;element=U&amp;spectr_charge=1&amp;ref=4515&amp;type=,https://physics.nist.gov/cgi-bin/ASBib1/get_ASBib_ref.cgi?db=el&amp;db_id=1813&amp;comment_code=&amp;element=U&amp;spectr_charge=1&amp;ref=1813&amp;type=
359.3194,,410,4.2e+06,C,,,,6,7,,https://physics.nist.gov/cgi-bin/ASBib1/get_ASBib_ref.cgi?db=tp&amp;db_id=4515&amp;comment_code=&amp;element=U&amp;spectr_charge=1&amp;ref=4515&amp;type=,https://physics.nist.gov/cgi-bin/ASBib1/get_ASBib_ref.cgi?db=el&amp;db_id=1813&amp;comment_code=&amp;element=U&amp;spectr_charge=1&amp;ref=1813&amp;type=
359.3686,,410,7.2e+06,C,,,,5,5,,https://physics.nist.gov/cgi-bin/ASBib1/get_ASBib_ref.cgi?db=tp&amp;db_id=4515&amp;comment_code=&amp;element=U&amp;spectr_charge=1&amp;ref=4515&amp;type=,https://physics.nist.gov/cgi-bin/ASBib1/get_ASBib_ref.cgi?db=el&amp;db_id=1813&amp;comment_code=&amp;element=U&amp;spectr_charge=1&amp;ref=1813&amp;type=
360.527,,460,,,,,,,,,,https://physics.nist.gov/cgi-bin/ASBib1/get_ASBib_ref.cgi?db=el&amp;db_id=3475&amp;comment_code=&amp;element=U&amp;spectr_charge=1&amp;ref=3475&amp;type=
361.633,,320,,,,,,,,,,https://physics.nist.gov/cgi-bin/ASBib1/get_ASBib_ref.cgi?db=el&amp;db_id=3475&amp;comment_code=&amp;element=U&amp;spectr_charge=1&amp;ref=3475&amp;type=
362.008,,320,,,,,,,,,,https://physics.nist.gov/cgi-bin/ASBib1/get_ASBib_ref.cgi?db=el&amp;db_id=3475&amp;comment_code=&amp;element=U&amp;spectr_charge=1&amp;ref=3475&amp;type=
362.270,,320,,,,,,,,,,https://physics.nist.gov/cgi-bin/ASBib1/get_ASBib_ref.cgi?db=el&amp;db_id=3475&amp;comment_code=&amp;element=U&amp;spectr_charge=1&amp;ref=3475&amp;type=
363.820,,840,,,,,,,,,,https://physics.nist.gov/cgi-bin/ASBib1/get_ASBib_ref.cgi?db=el&amp;db_id=3475&amp;comment_code=&amp;element=U&amp;spectr_charge=1&amp;ref=3475&amp;type=
364.424,,420,,,,,,,,,,https://physics.nist.gov/cgi-bin/ASBib1/get_ASBib_ref.cgi?db=el&amp;db_id=3475&amp;comment_code=&amp;element=U&amp;spectr_charge=1&amp;ref=3475&amp;type=
365.154,,660,,,,,,,,,,https://physics.nist.gov/cgi-bin/ASBib1/get_ASBib_ref.cgi?db=el&amp;db_id=3475&amp;comment_code=&amp;element=U&amp;spectr_charge=1&amp;ref=3475&amp;type=
365.206,,490,,,,,,,,,,https://physics.nist.gov/cgi-bin/ASBib1/get_ASBib_ref.cgi?db=el&amp;db_id=3475&amp;comment_code=&amp;element=U&amp;spectr_charge=1&amp;ref=3475&amp;type=
365.915,,960,,,,,,,,,,https://physics.nist.gov/cgi-bin/ASBib1/get_ASBib_ref.cgi?db=el&amp;db_id=3475&amp;comment_code=&amp;element=U&amp;spectr_charge=1&amp;ref=3475&amp;type=
371.355,,350,,,,,,,,,,https://physics.nist.gov/cgi-bin/ASBib1/get_ASBib_ref.cgi?db=el&amp;db_id=3475&amp;comment_code=&amp;element=U&amp;spectr_charge=1&amp;ref=3475&amp;type=
375.117,,600,,,,,,,,,,https://physics.nist.gov/cgi-bin/ASBib1/get_ASBib_ref.cgi?db=el&amp;db_id=3475&amp;comment_code=&amp;element=U&amp;spectr_charge=1&amp;ref=3475&amp;type=
375.835,,490,,,,,,,,,,https://physics.nist.gov/cgi-bin/ASBib1/get_ASBib_ref.cgi?db=el&amp;db_id=3475&amp;comment_code=&amp;element=U&amp;spectr_charge=1&amp;ref=3475&amp;type=
376.326,,330,,,,,,,,,,https://physics.nist.gov/cgi-bin/ASBib1/get_ASBib_ref.cgi?db=el&amp;db_id=3475&amp;comment_code=&amp;element=U&amp;spectr_charge=1&amp;ref=3475&amp;type=
376.689,,430,,,,,,,,,,https://physics.nist.gov/cgi-bin/ASBib1/get_ASBib_ref.cgi?db=el&amp;db_id=3475&amp;comment_code=&amp;element=U&amp;spectr_charge=1&amp;ref=3475&amp;type=
377.343,,540,,,,,,,,,,https://physics.nist.gov/cgi-bin/ASBib1/get_ASBib_ref.cgi?db=el&amp;db_id=3475&amp;comment_code=&amp;element=U&amp;spectr_charge=1&amp;ref=3475&amp;type=
377.648,,300,,,,,,,,,,https://physics.nist.gov/cgi-bin/ASBib1/get_ASBib_ref.cgi?db=el&amp;db_id=3475&amp;comment_code=&amp;element=U&amp;spectr_charge=1&amp;ref=3475&amp;type=
379.326,,380,,,,,,,,,,https://physics.nist.gov/cgi-bin/ASBib1/get_ASBib_ref.cgi?db=el&amp;db_id=3475&amp;comment_code=&amp;element=U&amp;spectr_charge=1&amp;ref=3475&amp;type=
380.892,,380,,,,,,,,,,https://physics.nist.gov/cgi-bin/ASBib1/get_ASBib_ref.cgi?db=el&amp;db_id=3475&amp;comment_code=&amp;element=U&amp;spectr_charge=1&amp;ref=3475&amp;type=
381.199,,1900,,,,,,,,,,https://physics.nist.gov/cgi-bin/ASBib1/get_ASBib_ref.cgi?db=el&amp;db_id=3475&amp;comment_code=&amp;element=U&amp;spectr_charge=1&amp;ref=3475&amp;type=
383.963,,1200,,,,,,,,,,https://physics.nist.gov/cgi-bin/ASBib1/get_ASBib_ref.cgi?db=el&amp;db_id=3475&amp;comment_code=&amp;element=U&amp;spectr_charge=1&amp;ref=3475&amp;type=
385.422,,620,,,,,,,,,,https://physics.nist.gov/cgi-bin/ASBib1/get_ASBib_ref.cgi?db=el&amp;db_id=3475&amp;comment_code=&amp;element=U&amp;spectr_charge=1&amp;ref=3475&amp;type=
387.103,,1500,,,,,,,,,,https://physics.nist.gov/cgi-bin/ASBib1/get_ASBib_ref.cgi?db=el&amp;db_id=3475&amp;comment_code=&amp;element=U&amp;spectr_charge=1&amp;ref=3475&amp;type=
389.412,,490,,,,,,,,,,https://physics.nist.gov/cgi-bin/ASBib1/get_ASBib_ref.cgi?db=el&amp;db_id=3475&amp;comment_code=&amp;element=U&amp;spectr_charge=1&amp;ref=3475&amp;type=
390.645,,380,,,,,,,,,,https://physics.nist.gov/cgi-bin/ASBib1/get_ASBib_ref.cgi?db=el&amp;db_id=3475&amp;comment_code=&amp;element=U&amp;spectr_charge=1&amp;ref=3475&amp;type=
392.621,,330,,,,,,,,,,https://physics.nist.gov/cgi-bin/ASBib1/get_ASBib_ref.cgi?db=el&amp;db_id=3475&amp;comment_code=&amp;element=U&amp;spectr_charge=1&amp;ref=3475&amp;type=
392.672,,330,,,,,,,,,,https://physics.nist.gov/cgi-bin/ASBib1/get_ASBib_ref.cgi?db=el&amp;db_id=3475&amp;comment_code=&amp;element=U&amp;spectr_charge=1&amp;ref=3475&amp;type=
394.382,,1200,,,,,,,,,,https://physics.nist.gov/cgi-bin/ASBib1/get_ASBib_ref.cgi?db=el&amp;db_id=3475&amp;comment_code=&amp;element=U&amp;spectr_charge=1&amp;ref=3475&amp;type=
394.844,,300,,,,,,,,,,https://physics.nist.gov/cgi-bin/ASBib1/get_ASBib_ref.cgi?db=el&amp;db_id=3475&amp;comment_code=&amp;element=U&amp;spectr_charge=1&amp;ref=3475&amp;type=
396.421,,350,,,,,,,,,,https://physics.nist.gov/cgi-bin/ASBib1/get_ASBib_ref.cgi?db=el&amp;db_id=3475&amp;comment_code=&amp;element=U&amp;spectr_charge=1&amp;ref=3475&amp;type=
400.521,,430,,,,,,,,,,https://physics.nist.gov/cgi-bin/ASBib1/get_ASBib_ref.cgi?db=el&amp;db_id=3475&amp;comment_code=&amp;element=U&amp;spectr_charge=1&amp;ref=3475&amp;type=
404.275,,1000,,,,,,,,,,https://physics.nist.gov/cgi-bin/ASBib1/get_ASBib_ref.cgi?db=el&amp;db_id=3475&amp;comment_code=&amp;element=U&amp;spectr_charge=1&amp;ref=3475&amp;type=
404.761,,410,,,,,,,,,,https://physics.nist.gov/cgi-bin/ASBib1/get_ASBib_ref.cgi?db=el&amp;db_id=3475&amp;comment_code=&amp;element=U&amp;spectr_charge=1&amp;ref=3475&amp;type=
415.397,,880,,,,,,,,,,https://physics.nist.gov/cgi-bin/ASBib1/get_ASBib_ref.cgi?db=el&amp;db_id=3475&amp;comment_code=&amp;element=U&amp;spectr_charge=1&amp;ref=3475&amp;type=
415.665,,380,,,,,,,,,,https://physics.nist.gov/cgi-bin/ASBib1/get_ASBib_ref.cgi?db=el&amp;db_id=3475&amp;comment_code=&amp;element=U&amp;spectr_charge=1&amp;ref=3475&amp;type=
422.237,,350,,,,,,,,,,https://physics.nist.gov/cgi-bin/ASBib1/get_ASBib_ref.cgi?db=el&amp;db_id=3475&amp;comment_code=&amp;element=U&amp;spectr_charge=1&amp;ref=3475&amp;type=
435.574,,430w,,,,,,,,,,https://physics.nist.gov/cgi-bin/ASBib1/get_ASBib_ref.cgi?db=el&amp;db_id=3475&amp;comment_code=&amp;element=U&amp;spectr_charge=1&amp;ref=3475&amp;type=
436.205,,430,,,,,,,,,,https://physics.nist.gov/cgi-bin/ASBib1/get_ASBib_ref.cgi?db=el&amp;db_id=3475&amp;comment_code=&amp;element=U&amp;spectr_charge=1&amp;ref=3475&amp;type=
439.359,,330,,,,,,,,,,https://physics.nist.gov/cgi-bin/ASBib1/get_ASBib_ref.cgi?db=el&amp;db_id=3475&amp;comment_code=&amp;element=U&amp;spectr_charge=1&amp;ref=3475&amp;type=
462.021,,300,,,,,,,,,,https://physics.nist.gov/cgi-bin/ASBib1/get_ASBib_ref.cgi?db=el&amp;db_id=3475&amp;comment_code=&amp;element=U&amp;spectr_charge=1&amp;ref=3475&amp;type=
463.162,,210,,,,,,,,,,https://physics.nist.gov/cgi-bin/ASBib1/get_ASBib_ref.cgi?db=el&amp;db_id=3475&amp;comment_code=&amp;element=U&amp;spectr_charge=1&amp;ref=3475&amp;type=
475.681,,150,,,,,,,,,,https://physics.nist.gov/cgi-bin/ASBib1/get_ASBib_ref.cgi?db=el&amp;db_id=3475&amp;comment_code=&amp;element=U&amp;spectr_charge=1&amp;ref=3475&amp;type=
502.738,,170,,,,,,,,,,https://physics.nist.gov/cgi-bin/ASBib1/get_ASBib_ref.cgi?db=el&amp;db_id=3475&amp;comment_code=&amp;element=U&amp;spectr_charge=1&amp;ref=3475&amp;type=
516.414,,55,,,,,,,,,,https://physics.nist.gov/cgi-bin/ASBib1/get_ASBib_ref.cgi?db=el&amp;db_id=3475&amp;comment_code=&amp;element=U&amp;spectr_charge=1&amp;ref=3475&amp;type=
528.038,,70,,,,,,,,,,https://physics.nist.gov/cgi-bin/ASBib1/get_ASBib_ref.cgi?db=el&amp;db_id=3475&amp;comment_code=&amp;element=U&amp;spectr_charge=1&amp;ref=3475&amp;type=
556.417,,70,,,,,,,,,,https://physics.nist.gov/cgi-bin/ASBib1/get_ASBib_ref.cgi?db=el&amp;db_id=3475&amp;comment_code=&amp;element=U&amp;spectr_charge=1&amp;ref=3475&amp;type=
562.078,,55,,,,,,,,,,https://physics.nist.gov/cgi-bin/ASBib1/get_ASBib_ref.cgi?db=el&amp;db_id=3475&amp;comment_code=&amp;element=U&amp;spectr_charge=1&amp;ref=3475&amp;type=
578.059,,70,,,,,,,,,,https://physics.nist.gov/cgi-bin/ASBib1/get_ASBib_ref.cgi?db=el&amp;db_id=3475&amp;comment_code=&amp;element=U&amp;spectr_charge=1&amp;ref=3475&amp;type=
583.602,,45,,,,,,,,,,https://physics.nist.gov/cgi-bin/ASBib1/get_ASBib_ref.cgi?db=el&amp;db_id=3475&amp;comment_code=&amp;element=U&amp;spectr_charge=1&amp;ref=3475&amp;type=
591.539,,230,,,,,,,,,,https://physics.nist.gov/cgi-bin/ASBib1/get_ASBib_ref.cgi?db=el&amp;db_id=3475&amp;comment_code=&amp;element=U&amp;spectr_charge=1&amp;ref=3475&amp;type=
597.150,,55,,,,,,,,,,https://physics.nist.gov/cgi-bin/ASBib1/get_ASBib_ref.cgi?db=el&amp;db_id=3475&amp;comment_code=&amp;element=U&amp;spectr_charge=1&amp;ref=3475&amp;type=
597.632,,100,,,,,,,,,,https://physics.nist.gov/cgi-bin/ASBib1/get_ASBib_ref.cgi?db=el&amp;db_id=3475&amp;comment_code=&amp;element=U&amp;spectr_charge=1&amp;ref=3475&amp;type=
599.731,,45,,,,,,,,,,https://physics.nist.gov/cgi-bin/ASBib1/get_ASBib_ref.cgi?db=el&amp;db_id=3475&amp;comment_code=&amp;element=U&amp;spectr_charge=1&amp;ref=3475&amp;type=
607.729,,90,,,,,,,,,,https://physics.nist.gov/cgi-bin/ASBib1/get_ASBib_ref.cgi?db=el&amp;db_id=3475&amp;comment_code=&amp;element=U&amp;spectr_charge=1&amp;ref=3475&amp;type=
617.186,,40,,,,,,,,,,https://physics.nist.gov/cgi-bin/ASBib1/get_ASBib_ref.cgi?db=el&amp;db_id=3475&amp;comment_code=&amp;element=U&amp;spectr_charge=1&amp;ref=3475&amp;type=
617.539,,35,,,,,,,,,,https://physics.nist.gov/cgi-bin/ASBib1/get_ASBib_ref.cgi?db=el&amp;db_id=3475&amp;comment_code=&amp;element=U&amp;spectr_charge=1&amp;ref=3475&amp;type=
635.929,,28,,,,,,,,,,https://physics.nist.gov/cgi-bin/ASBib1/get_ASBib_ref.cgi?db=el&amp;db_id=3475&amp;comment_code=&amp;element=U&amp;spectr_charge=1&amp;ref=3475&amp;type=
637.246,,55,,,,,,,,,,https://physics.nist.gov/cgi-bin/ASBib1/get_ASBib_ref.cgi?db=el&amp;db_id=3475&amp;comment_code=&amp;element=U&amp;spectr_charge=1&amp;ref=3475&amp;type=
639.277,,28,,,,,,,,,,https://physics.nist.gov/cgi-bin/ASBib1/get_ASBib_ref.cgi?db=el&amp;db_id=3475&amp;comment_code=&amp;element=U&amp;spectr_charge=1&amp;ref=3475&amp;type=
639.542,,90,,,,,,,,,,https://physics.nist.gov/cgi-bin/ASBib1/get_ASBib_ref.cgi?db=el&amp;db_id=3475&amp;comment_code=&amp;element=U&amp;spectr_charge=1&amp;ref=3475&amp;type=
644.916,,110,,,,,,,,,,https://physics.nist.gov/cgi-bin/ASBib1/get_ASBib_ref.cgi?db=el&amp;db_id=3475&amp;comment_code=&amp;element=U&amp;spectr_charge=1&amp;ref=3475&amp;type=
646.498,,35,,,,,,,,,,https://physics.nist.gov/cgi-bin/ASBib1/get_ASBib_ref.cgi?db=el&amp;db_id=3475&amp;comment_code=&amp;element=U&amp;spectr_charge=1&amp;ref=3475&amp;type=
682.692,,90,,,,,,,,,,https://physics.nist.gov/cgi-bin/ASBib1/get_ASBib_ref.cgi?db=el&amp;db_id=3475&amp;comment_code=&amp;element=U&amp;spectr_charge=1&amp;ref=3475&amp;type=
707.479,,23,,,,,,,,,,https://physics.nist.gov/cgi-bin/ASBib1/get_ASBib_ref.cgi?db=el&amp;db_id=3475&amp;comment_code=&amp;element=U&amp;spectr_charge=1&amp;ref=3475&amp;type=
710.161,,27,,,,,,,,,,https://physics.nist.gov/cgi-bin/ASBib1/get_ASBib_ref.cgi?db=el&amp;db_id=3475&amp;comment_code=&amp;element=U&amp;spectr_charge=1&amp;ref=3475&amp;type=
712.890,,30,,,,,,,,,,https://physics.nist.gov/cgi-bin/ASBib1/get_ASBib_ref.cgi?db=el&amp;db_id=3475&amp;comment_code=&amp;element=U&amp;spectr_charge=1&amp;ref=3475&amp;type=
714.789,,16,,,,,,,,,,https://physics.nist.gov/cgi-bin/ASBib1/get_ASBib_ref.cgi?db=el&amp;db_id=3475&amp;comment_code=&amp;element=U&amp;spectr_charge=1&amp;ref=3475&amp;type=
725.445,,16,,,,,,,,,,https://physics.nist.gov/cgi-bin/ASBib1/get_ASBib_ref.cgi?db=el&amp;db_id=3475&amp;comment_code=&amp;element=U&amp;spectr_charge=1&amp;ref=3475&amp;type=
742.550,,23,,,,,,,,,,https://physics.nist.gov/cgi-bin/ASBib1/get_ASBib_ref.cgi?db=el&amp;db_id=3475&amp;comment_code=&amp;element=U&amp;spectr_charge=1&amp;ref=3475&amp;type=
753.393,,45,,,,,,,,,,https://physics.nist.gov/cgi-bin/ASBib1/get_ASBib_ref.cgi?db=el&amp;db_id=3475&amp;comment_code=&amp;element=U&amp;spectr_charge=1&amp;ref=3475&amp;type=
761.935,,16,,,,,,,,,,https://physics.nist.gov/cgi-bin/ASBib1/get_ASBib_ref.cgi?db=el&amp;db_id=3475&amp;comment_code=&amp;element=U&amp;spectr_charge=1&amp;ref=3475&amp;type=
788.194,,50,,,,,,,,,,https://physics.nist.gov/cgi-bin/ASBib1/get_ASBib_ref.cgi?db=el&amp;db_id=3475&amp;comment_code=&amp;element=U&amp;spectr_charge=1&amp;ref=3475&amp;type=
797.046,,18,,,,,,,,,,https://physics.nist.gov/cgi-bin/ASBib1/get_ASBib_ref.cgi?db=el&amp;db_id=3475&amp;comment_code=&amp;element=U&amp;spectr_charge=1&amp;ref=3475&amp;type=
817.466,,16,,,,,,,,,,https://physics.nist.gov/cgi-bin/ASBib1/get_ASBib_ref.cgi?db=el&amp;db_id=3475&amp;comment_code=&amp;element=U&amp;spectr_charge=1&amp;ref=3475&amp;type=
826.206,,18,,,,,,,,,,https://physics.nist.gov/cgi-bin/ASBib1/get_ASBib_ref.cgi?db=el&amp;db_id=3475&amp;comment_code=&amp;element=U&amp;spectr_charge=1&amp;ref=3475&amp;type=
831.835,,16,,,,,,,,,,https://physics.nist.gov/cgi-bin/ASBib1/get_ASBib_ref.cgi?db=el&amp;db_id=3475&amp;comment_code=&amp;element=U&amp;spectr_charge=1&amp;ref=3475&amp;type=
838.187,,18,,,,,,,,,,https://physics.nist.gov/cgi-bin/ASBib1/get_ASBib_ref.cgi?db=el&amp;db_id=3475&amp;comment_code=&amp;element=U&amp;spectr_charge=1&amp;ref=3475&amp;type=
844.121,,16,,,,,,,,,,https://physics.nist.gov/cgi-bin/ASBib1/get_ASBib_ref.cgi?db=el&amp;db_id=3475&amp;comment_code=&amp;element=U&amp;spectr_charge=1&amp;ref=3475&amp;type=
844.539,,35,,,,,,,,,,https://physics.nist.gov/cgi-bin/ASBib1/get_ASBib_ref.cgi?db=el&amp;db_id=3475&amp;comment_code=&amp;element=U&amp;spectr_charge=1&amp;ref=3475&amp;type=
845.003,,18,,,,,,,,,,https://physics.nist.gov/cgi-bin/ASBib1/get_ASBib_ref.cgi?db=el&amp;db_id=3475&amp;comment_code=&amp;element=U&amp;spectr_charge=1&amp;ref=3475&amp;type=
857.052,,16,,,,,,,,,,https://physics.nist.gov/cgi-bin/ASBib1/get_ASBib_ref.cgi?db=el&amp;db_id=3475&amp;comment_code=&amp;element=U&amp;spectr_charge=1&amp;ref=3475&amp;type=
860.795,,75,,,,,,,,,,https://physics.nist.gov/cgi-bin/ASBib1/get_ASBib_ref.cgi?db=el&amp;db_id=3475&amp;comment_code=&amp;element=U&amp;spectr_charge=1&amp;ref=3475&amp;type=
869.128,,23,,,,,,,,,,https://physics.nist.gov/cgi-bin/ASBib1/get_ASBib_ref.cgi?db=el&amp;db_id=3475&amp;comment_code=&amp;element=U&amp;spectr_charge=1&amp;ref=3475&amp;type=
871.076,,18,,,,,,,,,,https://physics.nist.gov/cgi-bin/ASBib1/get_ASBib_ref.cgi?db=el&amp;db_id=3475&amp;comment_code=&amp;element=U&amp;spectr_charge=1&amp;ref=3475&amp;type=
875.369,,18,,,,,,,,,,https://physics.nist.gov/cgi-bin/ASBib1/get_ASBib_ref.cgi?db=el&amp;db_id=3475&amp;comment_code=&amp;element=U&amp;spectr_charge=1&amp;ref=3475&amp;type=
875.776,,30,,,,,,,,,,https://physics.nist.gov/cgi-bin/ASBib1/get_ASBib_ref.cgi?db=el&amp;db_id=3475&amp;comment_code=&amp;element=U&amp;spectr_charge=1&amp;ref=3475&amp;type=
895.196,,16,,,,,,,,,,https://physics.nist.gov/cgi-bin/ASBib1/get_ASBib_ref.cgi?db=el&amp;db_id=3475&amp;comment_code=&amp;element=U&amp;spectr_charge=1&amp;ref=3475&amp;type=
898.992,,16,,,,,,,,,,https://physics.nist.gov/cgi-bin/ASBib1/get_ASBib_ref.cgi?db=el&amp;db_id=3475&amp;comment_code=&amp;element=U&amp;spectr_charge=1&amp;ref=3475&amp;type=
909.367,,10,,,,,,,,,,https://physics.nist.gov/cgi-bin/ASBib1/get_ASBib_ref.cgi?db=el&amp;db_id=&amp;comment_code=u10&amp;element=U&amp;spectr_charge=1&amp;ref=&amp;type=
913.956,,10,,,,,,,,,,https://physics.nist.gov/cgi-bin/ASBib1/get_ASBib_ref.cgi?db=el&amp;db_id=&amp;comment_code=u10&amp;element=U&amp;spectr_charge=1&amp;ref=&amp;type=
920.151,,10,,,,,,,,,,https://physics.nist.gov/cgi-bin/ASBib1/get_ASBib_ref.cgi?db=el&amp;db_id=&amp;comment_code=u10&amp;element=U&amp;spectr_charge=1&amp;ref=&amp;type=
926.534,,10,,,,,,,,,,https://physics.nist.gov/cgi-bin/ASBib1/get_ASBib_ref.cgi?db=el&amp;db_id=&amp;comment_code=u10&amp;element=U&amp;spectr_charge=1&amp;ref=&amp;type=
927.644,,10,,,,,,,,,,https://physics.nist.gov/cgi-bin/ASBib1/get_ASBib_ref.cgi?db=el&amp;db_id=&amp;comment_code=u10&amp;element=U&amp;spectr_charge=1&amp;ref=&amp;type=
938.590,,10,,,,,,,,,,https://physics.nist.gov/cgi-bin/ASBib1/get_ASBib_ref.cgi?db=el&amp;db_id=&amp;comment_code=u10&amp;element=U&amp;spectr_charge=1&amp;ref=&amp;type=
965.326,,10,,,,,,,,,,https://physics.nist.gov/cgi-bin/ASBib1/get_ASBib_ref.cgi?db=el&amp;db_id=&amp;comment_code=u10&amp;element=U&amp;spectr_charge=1&amp;ref=&amp;type=
981.900,,10,,,,,,,,,,https://physics.nist.gov/cgi-bin/ASBib1/get_ASBib_ref.cgi?db=el&amp;db_id=&amp;comment_code=u10&amp;element=U&amp;spectr_charge=1&amp;ref=&amp;type=
981.905,,10,,,,,,,,,,https://physics.nist.gov/cgi-bin/ASBib1/get_ASBib_ref.cgi?db=el&amp;db_id=&amp;comment_code=u10&amp;element=U&amp;spectr_charge=1&amp;ref=&amp;type=
986.836,,10,,,,,,,,,,https://physics.nist.gov/cgi-bin/ASBib1/get_ASBib_ref.cgi?db=el&amp;db_id=&amp;comment_code=u10&amp;element=U&amp;spectr_charge=1&amp;ref=&amp;type=
993.276,,10,,,,,,,,,,https://physics.nist.gov/cgi-bin/ASBib1/get_ASBib_ref.cgi?db=el&amp;db_id=&amp;comment_code=u10&amp;element=U&amp;spectr_charge=1&amp;ref=&amp;type=
996.411,,10,,,,,,,,,,https://physics.nist.gov/cgi-bin/ASBib1/get_ASBib_ref.cgi?db=el&amp;db_id=&amp;comment_code=u10&amp;element=U&amp;spectr_charge=1&amp;ref=&amp;type=
1 015.791,,50,,,,,,,,,,https://physics.nist.gov/cgi-bin/ASBib1/get_ASBib_ref.cgi?db=el&amp;db_id=&amp;comment_code=u10&amp;element=U&amp;spectr_charge=1&amp;ref=&amp;type=
1 025.955,,50,,,,,,,,,,https://physics.nist.gov/cgi-bin/ASBib1/get_ASBib_ref.cgi?db=el&amp;db_id=&amp;comment_code=u10&amp;element=U&amp;spectr_charge=1&amp;ref=&amp;type=
1 055.493,,100,,,,,,,,,,https://physics.nist.gov/cgi-bin/ASBib1/get_ASBib_ref.cgi?db=el&amp;db_id=&amp;comment_code=u10&amp;element=U&amp;spectr_charge=1&amp;ref=&amp;type=
1 079.978,,50,,,,,,,,,,https://physics.nist.gov/cgi-bin/ASBib1/get_ASBib_ref.cgi?db=el&amp;db_id=&amp;comment_code=u10&amp;element=U&amp;spectr_charge=1&amp;ref=&amp;type=
1 082.393,,25,,,,,,,,,,https://physics.nist.gov/cgi-bin/ASBib1/get_ASBib_ref.cgi?db=el&amp;db_id=&amp;comment_code=u10&amp;element=U&amp;spectr_charge=1&amp;ref=&amp;type=
1 109.577,,25,,,,,,,,,,https://physics.nist.gov/cgi-bin/ASBib1/get_ASBib_ref.cgi?db=el&amp;db_id=&amp;comment_code=u10&amp;element=U&amp;spectr_charge=1&amp;ref=&amp;type=
1 116.784,,75,,,,,,,,,,https://physics.nist.gov/cgi-bin/ASBib1/get_ASBib_ref.cgi?db=el&amp;db_id=&amp;comment_code=u10&amp;element=U&amp;spectr_charge=1&amp;ref=&amp;type=
1 129.413,,50,,,,,,,,,,https://physics.nist.gov/cgi-bin/ASBib1/get_ASBib_ref.cgi?db=el&amp;db_id=&amp;comment_code=u10&amp;element=U&amp;spectr_charge=1&amp;ref=&amp;type=
1 138.413,,100,,,,,,,,,,https://physics.nist.gov/cgi-bin/ASBib1/get_ASBib_ref.cgi?db=el&amp;db_id=&amp;comment_code=u10&amp;element=U&amp;spectr_charge=1&amp;ref=&amp;type=
1 141.043,,25,,,,,,,,,,https://physics.nist.gov/cgi-bin/ASBib1/get_ASBib_ref.cgi?db=el&amp;db_id=&amp;comment_code=u10&amp;element=U&amp;spectr_charge=1&amp;ref=&amp;type=
1 150.338,,50,,,,,,,,,,https://physics.nist.gov/cgi-bin/ASBib1/get_ASBib_ref.cgi?db=el&amp;db_id=&amp;comment_code=u10&amp;element=U&amp;spectr_charge=1&amp;ref=&amp;type=
1 156.881,,25,,,,,,,,,,https://physics.nist.gov/cgi-bin/ASBib1/get_ASBib_ref.cgi?db=el&amp;db_id=&amp;comment_code=u10&amp;element=U&amp;spectr_charge=1&amp;ref=&amp;type=
1 185.942,,100,,,,,,,,,,https://physics.nist.gov/cgi-bin/ASBib1/get_ASBib_ref.cgi?db=el&amp;db_id=&amp;comment_code=u10&amp;element=U&amp;spectr_charge=1&amp;ref=&amp;type=
1 190.883,,100,,,,,,,,,,https://physics.nist.gov/cgi-bin/ASBib1/get_ASBib_ref.cgi?db=el&amp;db_id=&amp;comment_code=u10&amp;element=U&amp;spectr_charge=1&amp;ref=&amp;type=
1 225.046,,100,,,,,,,,,,https://physics.nist.gov/cgi-bin/ASBib1/get_ASBib_ref.cgi?db=el&amp;db_id=&amp;comment_code=u10&amp;element=U&amp;spectr_charge=1&amp;ref=&amp;type=
1 308.828,,25,,,,,,,,,,https://physics.nist.gov/cgi-bin/ASBib1/get_ASBib_ref.cgi?db=el&amp;db_id=&amp;comment_code=u10&amp;element=U&amp;spectr_charge=1&amp;ref=&amp;type=
1 318.516,,100,,,,,,,,,,https://physics.nist.gov/cgi-bin/ASBib1/get_ASBib_ref.cgi?db=el&amp;db_id=&amp;comment_code=u10&amp;element=U&amp;spectr_charge=1&amp;ref=&amp;type=
1 330.623,,75,,,,,,,,,,https://physics.nist.gov/cgi-bin/ASBib1/get_ASBib_ref.cgi?db=el&amp;db_id=&amp;comment_code=u10&amp;element=U&amp;spectr_charge=1&amp;ref=&amp;type=
1 396.158,,100,,,,,,,,,,https://physics.nist.gov/cgi-bin/ASBib1/get_ASBib_ref.cgi?db=el&amp;db_id=&amp;comment_code=u10&amp;element=U&amp;spectr_charge=1&amp;ref=&amp;type=
1 690.600,,50,,,,,,,,,,https://physics.nist.gov/cgi-bin/ASBib1/get_ASBib_ref.cgi?db=el&amp;db_id=&amp;comment_code=u10&amp;element=U&amp;spectr_charge=1&amp;ref=&amp;type=
1 745.111,,50,,,,,,,,,,https://physics.nist.gov/cgi-bin/ASBib1/get_ASBib_ref.cgi?db=el&amp;db_id=&amp;comment_code=u10&amp;element=U&amp;spectr_charge=1&amp;ref=&amp;type=
1 813.665,,50,,,,,,,,,,https://physics.nist.gov/cgi-bin/ASBib1/get_ASBib_ref.cgi?db=el&amp;db_id=&amp;comment_code=u10&amp;element=U&amp;spectr_charge=1&amp;ref=&amp;type=
1 836.696,,50,,,,,,,,,,https://physics.nist.gov/cgi-bin/ASBib1/get_ASBib_ref.cgi?db=el&amp;db_id=&amp;comment_code=u10&amp;element=U&amp;spectr_charge=1&amp;ref=&amp;type=
1 863.443,,75,,,,,,,,,,https://physics.nist.gov/cgi-bin/ASBib1/get_ASBib_ref.cgi?db=el&amp;db_id=&amp;comment_code=u10&amp;element=U&amp;spectr_charge=1&amp;ref=&amp;type=
1 902.939,,25,,,,,,,,,,https://physics.nist.gov/cgi-bin/ASBib1/get_ASBib_ref.cgi?db=el&amp;db_id=&amp;comment_code=u10&amp;element=U&amp;spectr_charge=1&amp;ref=&amp;type=
2 020.664,,10,,,,,,,,,,https://physics.nist.gov/cgi-bin/ASBib1/get_ASBib_ref.cgi?db=el&amp;db_id=&amp;comment_code=u10&amp;element=U&amp;spectr_charge=1&amp;ref=&amp;type=
2 027.694,,10,,,,,,,,,,https://physics.nist.gov/cgi-bin/ASBib1/get_ASBib_ref.cgi?db=el&amp;db_id=&amp;comment_code=u10&amp;element=U&amp;spectr_charge=1&amp;ref=&amp;type=
2 037.969,,10,,,,,,,,,,https://physics.nist.gov/cgi-bin/ASBib1/get_ASBib_ref.cgi?db=el&amp;db_id=&amp;comment_code=u10&amp;element=U&amp;spectr_charge=1&amp;ref=&amp;type=
2 052.289,,10,,,,,,,,,,https://physics.nist.gov/cgi-bin/ASBib1/get_ASBib_ref.cgi?db=el&amp;db_id=&amp;comment_code=u10&amp;element=U&amp;spectr_charge=1&amp;ref=&amp;type=
2 069.629,,10,,,,,,,,,,https://physics.nist.gov/cgi-bin/ASBib1/get_ASBib_ref.cgi?db=el&amp;db_id=&amp;comment_code=u10&amp;element=U&amp;spectr_charge=1&amp;ref=&amp;type=
2 077.786,,10,,,,,,,,,,https://physics.nist.gov/cgi-bin/ASBib1/get_ASBib_ref.cgi?db=el&amp;db_id=&amp;comment_code=u10&amp;element=U&amp;spectr_charge=1&amp;ref=&amp;type=
2 101.411,,10,,,,,,,,,,https://physics.nist.gov/cgi-bin/ASBib1/get_ASBib_ref.cgi?db=el&amp;db_id=&amp;comment_code=u10&amp;element=U&amp;spectr_charge=1&amp;ref=&amp;type=
2 110.574,,10,,,,,,,,,,https://physics.nist.gov/cgi-bin/ASBib1/get_ASBib_ref.cgi?db=el&amp;db_id=&amp;comment_code=u10&amp;element=U&amp;spectr_charge=1&amp;ref=&amp;type=
2 111.790,,10,,,,,,,,,,https://physics.nist.gov/cgi-bin/ASBib1/get_ASBib_ref.cgi?db=el&amp;db_id=&amp;comment_code=u10&amp;element=U&amp;spectr_charge=1&amp;ref=&amp;type=
2 168.043,,10,,,,,,,,,,https://physics.nist.gov/cgi-bin/ASBib1/get_ASBib_ref.cgi?db=el&amp;db_id=&amp;comment_code=u10&amp;element=U&amp;spectr_charge=1&amp;ref=&amp;type=
2 169.930,,10,,,,,,,,,,https://physics.nist.gov/cgi-bin/ASBib1/get_ASBib_ref.cgi?db=el&amp;db_id=&amp;comment_code=u10&amp;element=U&amp;spectr_charge=1&amp;ref=&amp;type=
2 191.620,,75,,,,,,,,,,https://physics.nist.gov/cgi-bin/ASBib1/get_ASBib_ref.cgi?db=el&amp;db_id=&amp;comment_code=u10&amp;element=U&amp;spectr_charge=1&amp;ref=&amp;type=
2 211.676,,10,,,,,,,,,,https://physics.nist.gov/cgi-bin/ASBib1/get_ASBib_ref.cgi?db=el&amp;db_id=&amp;comment_code=u10&amp;element=U&amp;spectr_charge=1&amp;ref=&amp;type=
2 316.308,,10,,,,,,,,,,https://physics.nist.gov/cgi-bin/ASBib1/get_ASBib_ref.cgi?db=el&amp;db_id=&amp;comment_code=u10&amp;element=U&amp;spectr_charge=1&amp;ref=&amp;type=
2 395.472,,10,,,,,,,,,,https://physics.nist.gov/cgi-bin/ASBib1/get_ASBib_ref.cgi?db=el&amp;db_id=&amp;comment_code=u10&amp;element=U&amp;spectr_charge=1&amp;ref=&amp;type=
2 956.513,,10,,,,,,,,,,https://physics.nist.gov/cgi-bin/ASBib1/get_ASBib_ref.cgi?db=el&amp;db_id=&amp;comment_code=u10&amp;element=U&amp;spectr_charge=1&amp;ref=&amp;type=
